-------------------------------------------------------------------------------
>Log Session: Monday, February 2, 2026, 10:49:33 AM Central European Standard Time
>System Info: 
  Product Version         = Apache NetBeans IDE 19
  Operating System        = Windows 11 version 10.0 running on amd64
  Java; VM; Vendor        = 21.0.1; Java HotSpot(TM) 64-Bit Server VM 21.0.1+12-LTS-29; Oracle Corporation
  Runtime                 = Java(TM) SE Runtime Environment 21.0.1+12-LTS-29
  Java Home               = C:\Program Files\Java\jdk-21
  System Locale; Encoding = fr_FR (nb); UTF-8
  Home Directory          = C:\Users\lukas.godayol-bonay
  Current Directory       = C:\Program Files\NetBeans-19\netbeans\bin
  User Directory          = C:\Users\lukas.godayol-bonay\Desktop\Semestre2\M.Gil\MonPortFolioSIO\Collab
  Cache Directory         = C:\Users\lukas.godayol-bonay\Desktop\Semestre2\M.Gil\MonPortFolioSIO\Collab\var\cache
  Installation            = C:\Program Files\NetBeans-19\netbeans\nb
                            C:\Program Files\NetBeans-19\netbeans\ide
                            C:\Program Files\NetBeans-19\netbeans\extide
                            C:\Program Files\NetBeans-19\netbeans\webcommon
                            C:\Program Files\NetBeans-19\netbeans\websvccommon
                            C:\Program Files\NetBeans-19\netbeans\php
                            C:\Program Files\NetBeans-19\netbeans\harness
                            C:\Program Files\NetBeans-19\netbeans\cpplite
                            C:\Program Files\NetBeans-19\netbeans\platform
  Boot & Ext. Classpath   = 
  Application Classpath   = C:\Program Files\NetBeans-19\netbeans\platform\lib\boot.jar;C:\Program Files\NetBeans-19\netbeans\platform\lib\org-openide-modules.jar;C:\Program Files\NetBeans-19\netbeans\platform\lib\org-openide-util-lookup.jar;C:\Program Files\NetBeans-19\netbeans\platform\lib\org-openide-util-ui.jar;C:\Program Files\NetBeans-19\netbeans\platform\lib\org-openide-util.jar
  Startup Classpath       = C:\Program Files\NetBeans-19\netbeans\platform\core\asm-9.5.jar;C:\Program Files\NetBeans-19\netbeans\platform\core\asm-commons-9.5.jar;C:\Program Files\NetBeans-19\netbeans\platform\core\asm-tree-9.5.jar;C:\Program Files\NetBeans-19\netbeans\platform\core\core-base.jar;C:\Program Files\NetBeans-19\netbeans\platform\core\core.jar;C:\Program Files\NetBeans-19\netbeans\platform\core\org-netbeans-libs-asm.jar;C:\Program Files\NetBeans-19\netbeans\platform\core\org-openide-filesystems-compat8.jar;C:\Program Files\NetBeans-19\netbeans\platform\core\org-openide-filesystems.jar;C:\Program Files\NetBeans-19\netbeans\nb\core\org-netbeans-upgrader.jar;C:\Program Files\NetBeans-19\netbeans\nb\core\locale\core_nb.jar
-------------------------------------------------------------------------------
INFO [org.netbeans.modules.netbinox]: Install area set to file:/C:/Program Files/NetBeans-19/netbeans/
WARNING [org.netbeans.core.modules]: the modules [org.netbeans.modules.xml.text] use org.netbeans.modules.editor.deprecated.pre65formatting which is deprecated.
WARNING [org.netbeans.core.modules]: the modules [org.netbeans.modules.ide.kit, org.netbeans.modules.xml.text] use org.netbeans.modules.editor.structure which is deprecated.
INFO [org.netbeans.core.startup.NbEvents]: Turning on modules:
	slf4j.jdk14 [1.7.36 1.7.36]
	slf4j.api [1.7.36 1.7.36]
	org.openide.util.lookup [8.55 19-ba85468772292fd64f188f4022f9d49f77f00b89]
	org.openide.util [9.29 19-ba85468772292fd64f188f4022f9d49f77f00b89]
	org.openide.util.ui [9.30 19-ba85468772292fd64f188f4022f9d49f77f00b89]
	org.openide.modules [7.69 19-ba85468772292fd64f188f4022f9d49f77f00b89]
	org.netbeans.api.annotations.common/1 [1.49 19-ba85468772292fd64f188f4022f9d49f77f00b89]
	org.openide.filesystems [9.34 19-ba85468772292fd64f188f4022f9d49f77f00b89]
	org.openide.awt [7.89 19-ba85468772292fd64f188f4022f9d49f77f00b89]
	org.netbeans.api.progress/1 [1.69 19-ba85468772292fd64f188f4022f9d49f77f00b89]
	org.netbeans.api.progress.nb [1.69 19-ba85468772292fd64f188f4022f9d49f77f00b89]
	org.openide.dialogs [7.67 19-ba85468772292fd64f188f4022f9d49f77f00b89]
	org.openide.nodes [7.66 19-ba85468772292fd64f188f4022f9d49f77f00b89]
	org.openide.windows [6.98 19-ba85468772292fd64f188f4022f9d49f77f00b89]
	org.netbeans.libs.batik.read [1.16.0.1 1 19-ba85468772292fd64f188f4022f9d49f77f00b89]
	org.openide.util.ui.svg [1.15 19-ba85468772292fd64f188f4022f9d49f77f00b89]
	org.netbeans.modules.editor.mimelookup/1 [1.61 19-ba85468772292fd64f188f4022f9d49f77f00b89]
	org.openide.text [6.89 19-ba85468772292fd64f188f4022f9d49f77f00b89]
	org.netbeans.api.scripting [1.18 19-ba85468772292fd64f188f4022f9d49f77f00b89]
	org.netbeans.swing.tabcontrol [1.78 19-ba85468772292fd64f188f4022f9d49f77f00b89]
	org.netbeans.swing.outline [1.55 19-ba85468772292fd64f188f4022f9d49f77f00b89]
	org.openide.explorer [6.83 19-ba85468772292fd64f188f4022f9d49f77f00b89]
	org.openide.actions [6.60 19-ba85468772292fd64f188f4022f9d49f77f00b89]
	org.netbeans.modules.queries/1 [1.64 19-ba85468772292fd64f188f4022f9d49f77f00b89]
	org.netbeans.api.templates [1.29 19-ba85468772292fd64f188f4022f9d49f77f00b89]
	org.openide.filesystems.nb [9.31 19-ba85468772292fd64f188f4022f9d49f77f00b89]
	org.openide.loaders [7.91 19-ba85468772292fd64f188f4022f9d49f77f00b89]
	org.netbeans.api.intent [1.23 19-ba85468772292fd64f188f4022f9d49f77f00b89]
	org.netbeans.api.io [1.24 19-ba85468772292fd64f188f4022f9d49f77f00b89]
	org.openide.io [1.70 19-ba85468772292fd64f188f4022f9d49f77f00b89]
	org.openide.filesystems.compat8 [9.30 19-ba85468772292fd64f188f4022f9d49f77f00b89]
	org.openide.execution [9.24 19-ba85468772292fd64f188f4022f9d49f77f00b89]
	org.netbeans.upgrader [4.56 19-ba85468772292fd64f188f4022f9d49f77f00b89]
	org.netbeans.swing.plaf [1.63 19-ba85468772292fd64f188f4022f9d49f77f00b89]
	org.netbeans.modules.keyring [1.45 19-ba85468772292fd64f188f4022f9d49f77f00b89]
	org.netbeans.libs.asm [5.24 19-ba85468772292fd64f188f4022f9d49f77f00b89]
	org.netbeans.bootstrap/1 [2.100 19-ba85468772292fd64f188f4022f9d49f77f00b89]
	org.netbeans.core.startup.base [1.83.0.1 1 19-ba85468772292fd64f188f4022f9d49f77f00b89]
	org.netbeans.core.startup/1 [1.84.0.1 19-ba85468772292fd64f188f4022f9d49f77f00b89]
	org.netbeans.modules.sampler [1.35 19-ba85468772292fd64f188f4022f9d49f77f00b89]
	org.netbeans.core/2 [3.72 19-ba85468772292fd64f188f4022f9d49f77f00b89]
	org.netbeans.spi.quicksearch [1.48 19-ba85468772292fd64f188f4022f9d49f77f00b89]
	org.netbeans.modules.options.api/1 [1.66 19-ba85468772292fd64f188f4022f9d49f77f00b89]
	org.netbeans.libs.flatlaf/1 [1.15 3.1 19-ba85468772292fd64f188f4022f9d49f77f00b89]
	org.netbeans.swing.laf.flatlaf [1.14 19-ba85468772292fd64f188f4022f9d49f77f00b89]
	org.netbeans.swing.laf.dark/1 [2.16.0.2 2 19-ba85468772292fd64f188f4022f9d49f77f00b89]
	org.netbeans.modules.projectapi/1 [1.92 19-ba85468772292fd64f188f4022f9d49f77f00b89]
	org.netbeans.swing.dirchooser [1.50 19-ba85468772292fd64f188f4022f9d49f77f00b89]
	org.netbeans.spi.viewmodel/2 [1.72 19-ba85468772292fd64f188f4022f9d49f77f00b89]
	org.netbeans.spi.tasklist/1 [1.56.0.1 1 19-ba85468772292fd64f188f4022f9d49f77f00b89]
	org.netbeans.spi.palette/1 [1.67 19-ba85468772292fd64f188f4022f9d49f77f00b89]
	org.netbeans.spi.navigator/1 [1.59 19-ba85468772292fd64f188f4022f9d49f77f00b89]
	org.netbeans.modules.editor.settings/1 [1.78 19-ba85468772292fd64f188f4022f9d49f77f00b89]
	org.netbeans.modules.editor.util/1 [1.86 19-ba85468772292fd64f188f4022f9d49f77f00b89]
	org.netbeans.modules.editor.document [1.30.0.3 3 19-ba85468772292fd64f188f4022f9d49f77f00b89]
	org.netbeans.modules.lexer/2 [1.84.0.1 1 19-ba85468772292fd64f188f4022f9d49f77f00b89]
	org.netbeans.modules.editor.lib2/1 [2.41.0.55.3 55 19-ba85468772292fd64f188f4022f9d49f77f00b89]
	org.netbeans.api.lsp/1 [1.18 19-ba85468772292fd64f188f4022f9d49f77f00b89]
	org.netbeans.modules.editor.settings.lib [1.72.0.1 1 19-ba85468772292fd64f188f4022f9d49f77f00b89]
	org.netbeans.modules.editor.fold/1 [1.66 19-ba85468772292fd64f188f4022f9d49f77f00b89]
	org.netbeans.modules.editor.indent/2 [1.64 19-ba85468772292fd64f188f4022f9d49f77f00b89]
	org.netbeans.modules.editor.guards/1 [1.54 19-ba85468772292fd64f188f4022f9d49f77f00b89]
	org.netbeans.modules.editor.lib/3 [4.28.0.23.3.55 23 19-ba85468772292fd64f188f4022f9d49f77f00b89]
	org.netbeans.spi.editor.hints/0 [1.63.0.8.55 8 19-ba85468772292fd64f188f4022f9d49f77f00b89]
	org.netbeans.modules.projectuiapi.base/1 [1.107.0.9 9 19-ba85468772292fd64f188f4022f9d49f77f00b89]
	org.netbeans.modules.projectuiapi/1 [1.110.0.8 8 19-ba85468772292fd64f188f4022f9d49f77f00b89]
	org.netbeans.modules.editor.tools.storage [1.29 19-ba85468772292fd64f188f4022f9d49f77f00b89]
	org.netbeans.modules.options.keymap [1.58 19-ba85468772292fd64f188f4022f9d49f77f00b89]
	org.netbeans.modules.editor.settings.storage/1 [1.73.0.1 19-ba85468772292fd64f188f4022f9d49f77f00b89]
	org.netbeans.modules.editor.fold.nbui [1.33.0.55 19-ba85468772292fd64f188f4022f9d49f77f00b89]
	org.netbeans.modules.editor/3 [1.108.0.6.3.23.55 6 19-ba85468772292fd64f188f4022f9d49f77f00b89]
	org.netbeans.modules.options.editor/1 [1.81 19-ba85468772292fd64f188f4022f9d49f77f00b89]
	org.netbeans.spi.editor.hints.projects [1.32.0.1.8 1 19-ba85468772292fd64f188f4022f9d49f77f00b89]
	org.netbeans.api.debugger/1 [1.76 19-ba85468772292fd64f188f4022f9d49f77f00b89]
	org.netbeans.spi.debugger.ui/1 [2.79 19-ba85468772292fd64f188f4022f9d49f77f00b89]
	org.netbeans.core.multiview/1 [1.65 19-ba85468772292fd64f188f4022f9d49f77f00b89]
	org.netbeans.api.xml/1 [1.65 19-ba85468772292fd64f188f4022f9d49f77f00b89]
	org.netbeans.modules.xml.core/2 [1.64.0.4 4 19-ba85468772292fd64f188f4022f9d49f77f00b89]
	org.netbeans.modules.xml.xam/1 [1.53.0.1 1 19-ba85468772292fd64f188f4022f9d49f77f00b89]
	org.netbeans.api.xml.ui/1 [1.65 19-ba85468772292fd64f188f4022f9d49f77f00b89]
	org.apache.xml.resolver [1.52.0.12 12 19-ba85468772292fd64f188f4022f9d49f77f00b89]
	org.netbeans.modules.xml.retriever/1 [1.52 19-ba85468772292fd64f188f4022f9d49f77f00b89]
	org.netbeans.modules.xml.schema.model/1 [1.53.0.1 1 19-ba85468772292fd64f188f4022f9d49f77f00b89]
	org.netbeans.modules.xml.axi [1.54 19-ba85468772292fd64f188f4022f9d49f77f00b89]
	org.netbeans.modules.editor.indent.support [1.63 19-ba85468772292fd64f188f4022f9d49f77f00b89]
	org.netbeans.api.java.classpath/1 [1.75 19-ba85468772292fd64f188f4022f9d49f77f00b89]
	org.netbeans.libs.lucene/3 [3.40 19-ba85468772292fd64f188f4022f9d49f77f00b89]
	org.netbeans.modules.masterfs/2 [2.76.0.2 2 19-ba85468772292fd64f188f4022f9d49f77f00b89]
	org.netbeans.modules.parsing.lucene/2 [2.57.0.1 1 19-ba85468772292fd64f188f4022f9d49f77f00b89]
	org.netbeans.modules.parsing.api/1 [9.28.0.8 8 19-ba85468772292fd64f188f4022f9d49f77f00b89]
	org.netbeans.modules.editor.breadcrumbs/0 [1.38 19-ba85468772292fd64f188f4022f9d49f77f00b89]
	org.netbeans.modules.editor.bracesmatching/0 [1.60.0.55 19-ba85468772292fd64f188f4022f9d49f77f00b89]
	org.netbeans.modules.editor.deprecated.pre65formatting/0 [1.52.0.1.6.23.55 1 19-ba85468772292fd64f188f4022f9d49f77f00b89]
	org.netbeans.modules.editor.errorstripe.api/1 [2.53.0.1 1 19-ba85468772292fd64f188f4022f9d49f77f00b89]
	org.netbeans.modules.editor.errorstripe/2 [2.55.0.1.1 1 19-ba85468772292fd64f188f4022f9d49f77f00b89]
	org.netbeans.modules.editor.completion/1 [1.66.0.2 2 19-ba85468772292fd64f188f4022f9d49f77f00b89]
	org.netbeans.modules.editor.codetemplates/1 [1.65.0.1 1 19-ba85468772292fd64f188f4022f9d49f77f00b89]
	org.netbeans.modules.editor.actions/1 [1.52.0.55 19-ba85468772292fd64f188f4022f9d49f77f00b89]
	org.netbeans.modules.project.indexingbridge [1.38 19-ba85468772292fd64f188f4022f9d49f77f00b89]
	org.netbeans.modules.parsing.indexing [9.30.0.1.3.8 1 19-ba85468772292fd64f188f4022f9d49f77f00b89]
	org.netbeans.modules.diff/1 [1.72.0.42.1 42 19-ba85468772292fd64f188f4022f9d49f77f00b89]
	org.netbeans.modules.refactoring.api [1.68.0.1 1 19-ba85468772292fd64f188f4022f9d49f77f00b89]
	org.netbeans.modules.csl.types/1 [1.21 19-ba85468772292fd64f188f4022f9d49f77f00b89]
	org.netbeans.core.ui/1 [1.66 19-ba85468772292fd64f188f4022f9d49f77f00b89]
	org.netbeans.api.search [1.42 19-ba85468772292fd64f188f4022f9d49f77f00b89]
	org.netbeans.modules.jumpto/1 [1.76.0.1 1 19-ba85468772292fd64f188f4022f9d49f77f00b89]
	org.netbeans.modules.csl.api/2 [2.79.0.2.1.1.8.1 2 19-ba85468772292fd64f188f4022f9d49f77f00b89]
	org.netbeans.modules.editor.structure/1 [1.68.0.1 1 19-ba85468772292fd64f188f4022f9d49f77f00b89]
	org.netbeans.modules.xml.lexer [1.51 19-ba85468772292fd64f188f4022f9d49f77f00b89]
	org.netbeans.modules.xml.text/2 [1.80.0.1 1 19-ba85468772292fd64f188f4022f9d49f77f00b89]
	org.netbeans.modules.xml [1.54 19-ba85468772292fd64f188f4022f9d49f77f00b89]
	org.netbeans.core.ide/1 [1.62 19-ba85468772292fd64f188f4022f9d49f77f00b89]
	org.netbeans.modules.servletapi/1 [1.60 19-ba85468772292fd64f188f4022f9d49f77f00b89]
	org.netbeans.modules.httpserver/2 [2.57.0.43 43 19-ba85468772292fd64f188f4022f9d49f77f00b89]
	org.netbeans.modules.xsl/1 [1.65 19-ba85468772292fd64f188f4022f9d49f77f00b89]
	org.netbeans.modules.xml.xdm/1 [1.55.0.1 1 19-ba85468772292fd64f188f4022f9d49f77f00b89]
	org.netbeans.modules.xml.wsdl.model/1 [1.54.0.1 1 19-ba85468772292fd64f188f4022f9d49f77f00b89]
	org.netbeans.libs.xerces/1 [1.59.0.281 281 19-ba85468772292fd64f188f4022f9d49f77f00b89]
	org.netbeans.modules.xml.tax/2 [1.65.0.281 19-ba85468772292fd64f188f4022f9d49f77f00b89]
	org.netbeans.modules.xml.tools/2 [1.64 19-ba85468772292fd64f188f4022f9d49f77f00b89]
	org.netbeans.modules.xml.schema.completion [1.52 19-ba85468772292fd64f188f4022f9d49f77f00b89]
	org.netbeans.modules.xml.jaxb.api/1 [1.47 19-ba85468772292fd64f188f4022f9d49f77f00b89]
	org.netbeans.modules.xml.catalog/2 [3.25.0.4 4 19-ba85468772292fd64f188f4022f9d49f77f00b89]
	org.netbeans.modules.xml.catalog.ui [2.24.0.4 19-ba85468772292fd64f188f4022f9d49f77f00b89]
	org.netbeans.core.execution/1 [1.63 19-ba85468772292fd64f188f4022f9d49f77f00b89]
	org.netbeans.modules.sendopts/2 [2.57 19-ba85468772292fd64f188f4022f9d49f77f00b89]
	org.netbeans.modules.favorites/1 [1.67 19-ba85468772292fd64f188f4022f9d49f77f00b89]
	org.netbeans.modules.projectui [1.80.0.8.9 19-ba85468772292fd64f188f4022f9d49f77f00b89]
	org.netbeans.modules.welcome/1 [1.63 19-ba85468772292fd64f188f4022f9d49f77f00b89]
	org.netbeans.modules.websvc.jaxwsmodelapi/1 [1.48 19-ba85468772292fd64f188f4022f9d49f77f00b89]
	org.netbeans.modules.project.libraries/1 [1.74 19-ba85468772292fd64f188f4022f9d49f77f00b89]
	org.netbeans.modules.websvc.saas.api [1.52 19-ba85468772292fd64f188f4022f9d49f77f00b89]
	org.netbeans.modules.websvc.saas.ui [1.49 19-ba85468772292fd64f188f4022f9d49f77f00b89]
	org.netbeans.modules.websvc.saas.codegen [1.51 19-ba85468772292fd64f188f4022f9d49f77f00b89]
	org.netbeans.modules.settings/1 [1.70 19-ba85468772292fd64f188f4022f9d49f77f00b89]
	org.netbeans.core.windows/2 [2.106 19-ba85468772292fd64f188f4022f9d49f77f00b89]
	org.netbeans.core.multitabs/1 [1.33.0.1 1 19-ba85468772292fd64f188f4022f9d49f77f00b89]
	org.netbeans.modules.editor.bookmarks/1 [1.58 19-ba85468772292fd64f188f4022f9d49f77f00b89]
	org.netbeans.modules.extexecution.base/2 [1.27 19-ba85468772292fd64f188f4022f9d49f77f00b89]
	org.netbeans.modules.extexecution/2 [1.70 19-ba85468772292fd64f188f4022f9d49f77f00b89]
	org.netbeans.modules.extbrowser/1 [1.74 19-ba85468772292fd64f188f4022f9d49f77f00b89]
	org.netbeans.modules.editor.plain.lib/1 [1.54 19-ba85468772292fd64f188f4022f9d49f77f00b89]
	org.netbeans.modules.nativeimage.api/0 [0.13 19-ba85468772292fd64f188f4022f9d49f77f00b89]
	org.netbeans.modules.terminal [1.48 19-ba85468772292fd64f188f4022f9d49f77f00b89]
	org.netbeans.libs.jna/2 [2.16 19-ba85468772292fd64f188f4022f9d49f77f00b89]
	com.jcraft.jsch [0.1.72 0.1.72]
	org.netbeans.modules.dlight.nativeexecution [1.60.0.1 1 19-ba85468772292fd64f188f4022f9d49f77f00b89]
	org.netbeans.lib.terminalemulator [1.58 19-ba85468772292fd64f188f4022f9d49f77f00b89]
	org.netbeans.modules.terminal.nb [1.21 19-ba85468772292fd64f188f4022f9d49f77f00b89]
	org.netbeans.modules.dlight.terminal [1.44.0.1 1 19-ba85468772292fd64f188f4022f9d49f77f00b89]
	org.netbeans.modules.tasklist.projectint/1 [1.50 19-ba85468772292fd64f188f4022f9d49f77f00b89]
	org.netbeans.modules.tasklist.todo/1 [1.52.0.1 1 19-ba85468772292fd64f188f4022f9d49f77f00b89]
	org.netbeans.modules.tasklist.ui/1 [1.52.0.1.1 1 19-ba85468772292fd64f188f4022f9d49f77f00b89]
	org.netbeans.modules.tasklist.kit [1.49 19-ba85468772292fd64f188f4022f9d49f77f00b89]
	org.netbeans.core.multitabs.project [1.31.0.1.1 1 19-ba85468772292fd64f188f4022f9d49f77f00b89]
	org.netbeans.modules.editor.search [1.46.0.0.55 0 19-ba85468772292fd64f188f4022f9d49f77f00b89]
	org.netbeans.modules.languages.diff [1.54 19-ba85468772292fd64f188f4022f9d49f77f00b89]
	org.netbeans.libs.json_simple/1 [0.33 19-ba85468772292fd64f188f4022f9d49f77f00b89]
	org.netbeans.modules.web.common [1.120 19-ba85468772292fd64f188f4022f9d49f77f00b89]
	org.netbeans.modules.html.lexer/1 [1.59 19-ba85468772292fd64f188f4022f9d49f77f00b89]
	org.netbeans.modules.html.editor.lib/3 [3.53 19-ba85468772292fd64f188f4022f9d49f77f00b89]
	org.apache.commons.logging [1.2 1.2]
	org.netbeans.modules.html.parser/1 [1.55.0.1 1 19-ba85468772292fd64f188f4022f9d49f77f00b89]
	org.netbeans.modules.html.validation/1 [1.52 19-ba85468772292fd64f188f4022f9d49f77f00b89]
	org.netbeans.libs.antlr3.runtime [1.42.0.1 1 19-ba85468772292fd64f188f4022f9d49f77f00b89]
	org.netbeans.modules.css.lib/2 [2.1 19-ba85468772292fd64f188f4022f9d49f77f00b89]
	org.netbeans.modules.web.common.ui [1.22 19-ba85468772292fd64f188f4022f9d49f77f00b89]
	org.netbeans.modules.html.indexing [1.13 19-ba85468772292fd64f188f4022f9d49f77f00b89]
	org.netbeans.modules.web.indent [1.41 19-ba85468772292fd64f188f4022f9d49f77f00b89]
	org.netbeans.modules.css.model [1.52 19-ba85468772292fd64f188f4022f9d49f77f00b89]
	org.netbeans.modules.css.editor/1 [1.89 19-ba85468772292fd64f188f4022f9d49f77f00b89]
	org.netbeans.modules.web.browser.api [1.66 19-ba85468772292fd64f188f4022f9d49f77f00b89]
	org.netbeans.modules.html/1 [1.82 19-ba85468772292fd64f188f4022f9d49f77f00b89]
	org.netbeans.modules.html.editor/2 [2.77 19-ba85468772292fd64f188f4022f9d49f77f00b89]
	org.netbeans.core.output2/1 [1.63 19-ba85468772292fd64f188f4022f9d49f77f00b89]
	org.netbeans.modules.css.visual/3 [3.53 19-ba85468772292fd64f188f4022f9d49f77f00b89]
	org.netbeans.modules.properties/1 [1.76 19-ba85468772292fd64f188f4022f9d49f77f00b89]
	org.netbeans.libs.snakeyaml_engine/2 [2.10 19-ba85468772292fd64f188f4022f9d49f77f00b89]
	org.netbeans.modules.languages.yaml [2.53 19-ba85468772292fd64f188f4022f9d49f77f00b89]
	org.netbeans.libs.antlr4.runtime/2 [1.22.0.1 1 19-ba85468772292fd64f188f4022f9d49f77f00b89]
	org.netbeans.libs.tomlj/1 [1.3 19-ba85468772292fd64f188f4022f9d49f77f00b89]
	org.netbeans.modules.lexer.antlr4 [1.3.0.1 1 19-ba85468772292fd64f188f4022f9d49f77f00b89]
	org.netbeans.modules.languages.toml [1.3 19-ba85468772292fd64f188f4022f9d49f77f00b89]
	org.netbeans.modules.go.lang [1.2 19-ba85468772292fd64f188f4022f9d49f77f00b89]
	org.netbeans.modules.languages.go [1.1 19-ba85468772292fd64f188f4022f9d49f77f00b89]
	org.netbeans.modules.languages.manifest [1.53 19-ba85468772292fd64f188f4022f9d49f77f00b89]
	org.netbeans.modules.languages.hcl [1.1 19-ba85468772292fd64f188f4022f9d49f77f00b89]
	org.netbeans.modules.editor.autosave/1 [1.12 19-ba85468772292fd64f188f4022f9d49f77f00b89]
	org.netbeans.modules.image/1 [1.69 19-ba85468772292fd64f188f4022f9d49f77f00b89]
	org.netbeans.modules.editor.kit [1.54 19-ba85468772292fd64f188f4022f9d49f77f00b89]
	org.netbeans.modules.print [7.47 19-ba85468772292fd64f188f4022f9d49f77f00b89]
	org.netbeans.modules.autoupdate.services [1.77 19-ba85468772292fd64f188f4022f9d49f77f00b89]
	org.netbeans.modules.autoupdate.cli [1.35 19-ba85468772292fd64f188f4022f9d49f77f00b89]
	org.netbeans.libs.osgi [1.43 19-ba85468772292fd64f188f4022f9d49f77f00b89]
	org.netbeans.libs.felix [2.36 19-ba85468772292fd64f188f4022f9d49f77f00b89]
	org.netbeans.modules.autoupdate.ui [1.67 19-ba85468772292fd64f188f4022f9d49f77f00b89]
	org.netbeans.modules.janitor [1.14 19-ba85468772292fd64f188f4022f9d49f77f00b89]
	org.netbeans.modules.core.kit [1.52 19-ba85468772292fd64f188f4022f9d49f77f00b89]
	org.netbeans.modules.defaults/1 [1.52 19-ba85468772292fd64f188f4022f9d49f77f00b89]
	org.netbeans.modules.print.editor [7.47 19-ba85468772292fd64f188f4022f9d49f77f00b89]
	org.netbeans.modules.utilities/1 [1.82 19-ba85468772292fd64f188f4022f9d49f77f00b89]
	org.netbeans.modules.javahelp/1 [2.62 19-ba85468772292fd64f188f4022f9d49f77f00b89]
	org.netbeans.modules.usersguide/1 [1.69 19-ba85468772292fd64f188f4022f9d49f77f00b89]
	org.netbeans.modules.editor.macros/0 [1.52.0.1.23 1 19-ba85468772292fd64f188f4022f9d49f77f00b89]
	org.netbeans.modules.editor.plain/2 [1.56 19-ba85468772292fd64f188f4022f9d49f77f00b89]
	org.netbeans.modules.ide.kit [1.54 19-ba85468772292fd64f188f4022f9d49f77f00b89]
	org.netbeans.modules.websvc.saas.kit [1.48 19-ba85468772292fd64f188f4022f9d49f77f00b89]
	org.netbeans.modules.project.spi.intern [1.24 19-ba85468772292fd64f188f4022f9d49f77f00b89]
	org.netbeans.modules.project.ant/1 [1.88 19-ba85468772292fd64f188f4022f9d49f77f00b89]
	org.netbeans.modules.websvc.saas.codegen.php [1.48 19-ba85468772292fd64f188f4022f9d49f77f00b89]
	org.netbeans.modules.gsf.testrunner/2 [2.33 19-ba85468772292fd64f188f4022f9d49f77f00b89]
	org.netbeans.modules.gsf.testrunner.ui [1.36.0.1 19-ba85468772292fd64f188f4022f9d49f77f00b89]
	org.netbeans.modules.gototest/1 [1.54 19-ba85468772292fd64f188f4022f9d49f77f00b89]
	org.netbeans.modules.project.libraries.ui/1 [1.73 19-ba85468772292fd64f188f4022f9d49f77f00b89]
	org.netbeans.modules.gsf.codecoverage [1.53 19-ba85468772292fd64f188f4022f9d49f77f00b89]
	org.netbeans.modules.web.clientproject.api [1.125 19-ba85468772292fd64f188f4022f9d49f77f00b89]
	org.netbeans.modules.web.webkit.debugging [1.74 19-ba85468772292fd64f188f4022f9d49f77f00b89]
	org.netbeans.modules.web.webkit.tooling [1.31 19-ba85468772292fd64f188f4022f9d49f77f00b89]
	org.netbeans.modules.javascript2.debug/1 [1.39 19-ba85468772292fd64f188f4022f9d49f77f00b89]
	org.netbeans.modules.javascript2.debug.ui/1 [1.24 19-ba85468772292fd64f188f4022f9d49f77f00b89]
	org.netbeans.modules.web.javascript.debugger [1.36 19-ba85468772292fd64f188f4022f9d49f77f00b89]
	org.netbeans.modules.web.inspect [0.51 19-ba85468772292fd64f188f4022f9d49f77f00b89]
	org.netbeans.modules.project.ant.ui/1 [1.86 19-ba85468772292fd64f188f4022f9d49f77f00b89]
	org.netbeans.modules.server/0 [1.54 19-ba85468772292fd64f188f4022f9d49f77f00b89]
	org.netbeans.modules.selenium2.server [1.24 19-ba85468772292fd64f188f4022f9d49f77f00b89]
	org.netbeans.modules.selenium2 [1.26 19-ba85468772292fd64f188f4022f9d49f77f00b89]
	org.netbeans.modules.selenium2.webclient [1.28 19-ba85468772292fd64f188f4022f9d49f77f00b89]
	org.netbeans.modules.editor.indent.project/0 [1.43 19-ba85468772292fd64f188f4022f9d49f77f00b89]
	org.netbeans.modules.web.clientproject [1.108 19-ba85468772292fd64f188f4022f9d49f77f00b89]
	org.netbeans.modules.web.client.samples [1.35 19-ba85468772292fd64f188f4022f9d49f77f00b89]
	org.netbeans.modules.javascript.gulp [0.34 19-ba85468772292fd64f188f4022f9d49f77f00b89]
	org.netbeans.modules.javascript2.types/1 [1.21 19-ba85468772292fd64f188f4022f9d49f77f00b89]
	org.netbeans.modules.javascript2.json [1.24 19-ba85468772292fd64f188f4022f9d49f77f00b89]
	org.netbeans.modules.javascript2.lexer/1 [1.27 19-ba85468772292fd64f188f4022f9d49f77f00b89]
	org.netbeans.libs.nashorn/3 [3.2 19-ba85468772292fd64f188f4022f9d49f77f00b89]
	org.netbeans.modules.javascript2.doc/1 [1.21 19-ba85468772292fd64f188f4022f9d49f77f00b89]
	org.netbeans.modules.javascript2.model/1 [1.27 19-ba85468772292fd64f188f4022f9d49f77f00b89]
	org.netbeans.modules.javascript2.source.query/0 [0.20 19-ba85468772292fd64f188f4022f9d49f77f00b89]
	org.netbeans.modules.javascript.cdnjs/0 [0.28 19-ba85468772292fd64f188f4022f9d49f77f00b89]
	org.netbeans.modules.javascript.bower [0.26 19-ba85468772292fd64f188f4022f9d49f77f00b89]
	org.netbeans.modules.javascript.karma/0 [0.37 19-ba85468772292fd64f188f4022f9d49f77f00b89]
	org.netbeans.lib.v8debug/1 [1.37 19-ba85468772292fd64f188f4022f9d49f77f00b89]
	org.netbeans.modules.javascript.v8debug/1 [1.31.0.1 1 19-ba85468772292fd64f188f4022f9d49f77f00b89]
	org.netbeans.libs.commons_compress/0 [0.27.0.181 181 19-ba85468772292fd64f188f4022f9d49f77f00b89]
	org.netbeans.modules.javascript2.editor/1 [0.96 19-ba85468772292fd64f188f4022f9d49f77f00b89]
	org.netbeans.modules.javascript2.nodejs/0 [0.33 19-ba85468772292fd64f188f4022f9d49f77f00b89]
	org.netbeans.modules.javascript.nodejs/0 [0.50 19-ba85468772292fd64f188f4022f9d49f77f00b89]
	org.netbeans.modules.netserver [1.34 19-ba85468772292fd64f188f4022f9d49f77f00b89]
	org.netbeans.modules.extbrowser.chrome [1.31 19-ba85468772292fd64f188f4022f9d49f77f00b89]
	org.netbeans.modules.javascript.grunt [0.35 19-ba85468772292fd64f188f4022f9d49f77f00b89]
	org.netbeans.libs.jstestdriver [1.31 19-ba85468772292fd64f188f4022f9d49f77f00b89]
	org.netbeans.modules.javascript.jstestdriver [0.33 19-ba85468772292fd64f188f4022f9d49f77f00b89]
	org.netbeans.modules.web.client.kit [1.37 19-ba85468772292fd64f188f4022f9d49f77f00b89]
	org.netbeans.modules.versioning.core/1 [1.52.0.1.42 1 19-ba85468772292fd64f188f4022f9d49f77f00b89]
	org.netbeans.modules.versioning/1 [1.68.0.1 1 19-ba85468772292fd64f188f4022f9d49f77f00b89]
	org.netbeans.modules.spellchecker.apimodule [1.46 19-ba85468772292fd64f188f4022f9d49f77f00b89]
	org.netbeans.modules.versioning.util [1.91.0.42.1 19-ba85468772292fd64f188f4022f9d49f77f00b89]
	org.netbeans.modules.team.commons [1.71 19-ba85468772292fd64f188f4022f9d49f77f00b89]
	org.netbeans.modules.versioning.ui/1 [1.43.0.42.1 19-ba85468772292fd64f188f4022f9d49f77f00b89]
	org.netbeans.modules.versioning.system.cvss.installer [1.37 19-ba85468772292fd64f188f4022f9d49f77f00b89]
	org.netbeans.modules.masterfs.ui [2.24.0.2 19-ba85468772292fd64f188f4022f9d49f77f00b89]
	org.netbeans.modules.versioning.masterfs [1.35 19-ba85468772292fd64f188f4022f9d49f77f00b89]
	org.netbeans.modules.versioning.indexingbridge/0 [1.46 19-ba85468772292fd64f188f4022f9d49f77f00b89]
	org.netbeans.modules.utilities.project/1 [1.59 19-ba85468772292fd64f188f4022f9d49f77f00b89]
	org.netbeans.modules.updatecenters/1 [1.61 19-ba85468772292fd64f188f4022f9d49f77f00b89]
	org.netbeans.libs.jcodings/1 [0.10 19-ba85468772292fd64f188f4022f9d49f77f00b89]
	com.google.gson [2.8.9 2.8.9]
	org.netbeans.modules.textmate.lexer/0 [1.21.0.1 1 19-ba85468772292fd64f188f4022f9d49f77f00b89]
	org.netbeans.libs.flexmark [1.14 19-ba85468772292fd64f188f4022f9d49f77f00b89]
	com.google.guava [27.0.0 27.0.0.jre]
	org.netbeans.modules.lsp.client/0 [1.22.0.1.1 1 19-ba85468772292fd64f188f4022f9d49f77f00b89]
	org.netbeans.modules.typescript.editor [1.14 19-ba85468772292fd64f188f4022f9d49f77f00b89]
	org.netbeans.modules.templates/1 [1.28 19-ba85468772292fd64f188f4022f9d49f77f00b89]
	org.netbeans.modules.team.ide [1.34 19-ba85468772292fd64f188f4022f9d49f77f00b89]
	org.netbeans.libs.ini4j/1 [1.55 19-ba85468772292fd64f188f4022f9d49f77f00b89]
	org.netbeans.libs.svnClientAdapter/1 [1.61 19-ba85468772292fd64f188f4022f9d49f77f00b89]
	org.netbeans.modules.subversion [1.62.0.42.1 19-ba85468772292fd64f188f4022f9d49f77f00b89]
	org.netbeans.modules.spellchecker [1.56.0.1.8 1 19-ba85468772292fd64f188f4022f9d49f77f00b89]
	org.netbeans.modules.spellchecker.kit [1.46 19-ba85468772292fd64f188f4022f9d49f77f00b89]
	org.netbeans.modules.spellchecker.dictionary_en [1.43 19-ba85468772292fd64f188f4022f9d49f77f00b89]
	org.netbeans.modules.properties.syntax/1 [1.71 19-ba85468772292fd64f188f4022f9d49f77f00b89]
	org.netbeans.modules.spellchecker.bindings.properties [1.43 19-ba85468772292fd64f188f4022f9d49f77f00b89]
	org.netbeans.modules.php.api.phpmodule [2.89 19-ba85468772292fd64f188f4022f9d49f77f00b89]
	org.netbeans.modules.db.metadata.model/1 [1.32 19-ba85468772292fd64f188f4022f9d49f77f00b89]
	org.netbeans.modules.db/1 [1.90.0.30 30 19-ba85468772292fd64f188f4022f9d49f77f00b89]
	org.netbeans.modules.dbapi [1.55.0.30 19-ba85468772292fd64f188f4022f9d49f77f00b89]
	org.netbeans.modules.db.dataview [1.54 19-ba85468772292fd64f188f4022f9d49f77f00b89]
	org.netbeans.modules.db.core [1.58 19-ba85468772292fd64f188f4022f9d49f77f00b89]
	org.netbeans.modules.db.sql.editor [1.58.0.30 19-ba85468772292fd64f188f4022f9d49f77f00b89]
	org.netbeans.libs.javacup/1 [1.45.0.11 11 19-ba85468772292fd64f188f4022f9d49f77f00b89]
	org.netbeans.modules.php.api.templates/0 [0.30 19-ba85468772292fd64f188f4022f9d49f77f00b89]
	org.netbeans.modules.languages.neon [1.43 19-ba85468772292fd64f188f4022f9d49f77f00b89]
	org.netbeans.modules.php.api.annotation/0 [0.39 19-ba85468772292fd64f188f4022f9d49f77f00b89]
	org.netbeans.modules.php.api.editor/0 [0.48 19-ba85468772292fd64f188f4022f9d49f77f00b89]
	org.netbeans.modules.php.api.executable/0 [0.51 19-ba85468772292fd64f188f4022f9d49f77f00b89]
	org.netbeans.modules.php.api.framework/0 [0.46 19-ba85468772292fd64f188f4022f9d49f77f00b89]
	org.netbeans.modules.php.api.documentation/0 [0.34 19-ba85468772292fd64f188f4022f9d49f77f00b89]
	org.netbeans.libs.jsch.agentproxy/2 [1.5 19-ba85468772292fd64f188f4022f9d49f77f00b89]
	org.netbeans.libs.commons_net/2 [2.43.0.36 36 19-ba85468772292fd64f188f4022f9d49f77f00b89]
	org.netbeans.modules.php.api.testing/0 [0.40 19-ba85468772292fd64f188f4022f9d49f77f00b89]
	org.netbeans.modules.php.project [2.163 19-ba85468772292fd64f188f4022f9d49f77f00b89]
	org.netbeans.modules.php.editor/2 [2.25.0.2 2 19-ba85468772292fd64f188f4022f9d49f77f00b89]
	org.netbeans.insane/1 [1.50.0.1 1 19-ba85468772292fd64f188f4022f9d49f77f00b89]
	org.netbeans.libs.junit4 [1.39 19-ba85468772292fd64f188f4022f9d49f77f00b89]
	org.netbeans.modules.nbjunit/1 [1.111 19-ba85468772292fd64f188f4022f9d49f77f00b89]
	org.netbeans.modules.spellchecker.bindings.php [0.21 19-ba85468772292fd64f188f4022f9d49f77f00b89]
	org.netbeans.modules.spellchecker.bindings.htmlxml [1.48 19-ba85468772292fd64f188f4022f9d49f77f00b89]
	org.netbeans.modules.selenium2.webclient.protractor [1.24 19-ba85468772292fd64f188f4022f9d49f77f00b89]
	org.netbeans.modules.selenium2.webclient.mocha [1.27 19-ba85468772292fd64f188f4022f9d49f77f00b89]
	org.netbeans.modules.selenium2.php [1.21 19-ba85468772292fd64f188f4022f9d49f77f00b89]
	org.netbeans.modules.projectapi.nb [1.25 19-ba85468772292fd64f188f4022f9d49f77f00b89]
	org.netbeans.modules.project.spi.intern.impl [1.24 19-ba85468772292fd64f188f4022f9d49f77f00b89]
	org.netbeans.modules.progress.ui [1.54 19-ba85468772292fd64f188f4022f9d49f77f00b89]
	org.netbeans.modules.languages.apacheconf [1.37 19-ba85468772292fd64f188f4022f9d49f77f00b89]
	org.netbeans.modules.code.analysis/0 [1.47 19-ba85468772292fd64f188f4022f9d49f77f00b89]
	org.netbeans.modules.php.code.analysis [0.35 19-ba85468772292fd64f188f4022f9d49f77f00b89]
	org.netbeans.modules.php.samples [1.49 19-ba85468772292fd64f188f4022f9d49f77f00b89]
	org.netbeans.modules.db.drivers [1.51 19-ba85468772292fd64f188f4022f9d49f77f00b89]
	org.netbeans.api.visual [2.69 19-ba85468772292fd64f188f4022f9d49f77f00b89]
	org.netbeans.modules.db.sql.visualeditor/1 [2.53.0.30 19-ba85468772292fd64f188f4022f9d49f77f00b89]
	org.netbeans.modules.db.mysql [0.49.0.2 2 19-ba85468772292fd64f188f4022f9d49f77f00b89]
	org.netbeans.modules.derby [1.61 19-ba85468772292fd64f188f4022f9d49f77f00b89]
	org.netbeans.modules.db.kit [1.51 19-ba85468772292fd64f188f4022f9d49f77f00b89]
	org.netbeans.modules.php.refactoring [1.52 19-ba85468772292fd64f188f4022f9d49f77f00b89]
	org.netbeans.modules.php.dbgp [1.63 19-ba85468772292fd64f188f4022f9d49f77f00b89]
	org.netbeans.modules.php.kit [1.83 19-ba85468772292fd64f188f4022f9d49f77f00b89]
	org.netbeans.modules.php.composer/0 [0.51 19-ba85468772292fd64f188f4022f9d49f77f00b89]
	org.netbeans.modules.php.zend2 [0.37 19-ba85468772292fd64f188f4022f9d49f77f00b89]
	org.netbeans.modules.languages.ini [1.46 19-ba85468772292fd64f188f4022f9d49f77f00b89]
	org.netbeans.modules.php.zend [1.53 19-ba85468772292fd64f188f4022f9d49f77f00b89]
	org.netbeans.modules.php.twig/1 [1.46 19-ba85468772292fd64f188f4022f9d49f77f00b89]
	org.netbeans.modules.php.symfony2/1 [1.48 19-ba85468772292fd64f188f4022f9d49f77f00b89]
	org.netbeans.modules.php.symfony [1.65 19-ba85468772292fd64f188f4022f9d49f77f00b89]
	org.netbeans.modules.php.smarty [1.107 19-ba85468772292fd64f188f4022f9d49f77f00b89]
	org.netbeans.modules.php.phpunit/0 [0.46 19-ba85468772292fd64f188f4022f9d49f77f00b89]
	org.netbeans.modules.php.phpdoc [1.43 19-ba85468772292fd64f188f4022f9d49f77f00b89]
	org.netbeans.modules.php.phing [0.31 19-ba85468772292fd64f188f4022f9d49f77f00b89]
	org.netbeans.modules.php.nette2/1 [1.30 19-ba85468772292fd64f188f4022f9d49f77f00b89]
	org.netbeans.modules.php.nette.tester [0.35 19-ba85468772292fd64f188f4022f9d49f77f00b89]
	org.netbeans.modules.php.latte/1 [1.37 19-ba85468772292fd64f188f4022f9d49f77f00b89]
	org.netbeans.modules.php.doctrine2 [1.47 19-ba85468772292fd64f188f4022f9d49f77f00b89]
	org.netbeans.modules.php.codeception [0.25 19-ba85468772292fd64f188f4022f9d49f77f00b89]
	org.netbeans.modules.php.atoum [0.37 19-ba85468772292fd64f188f4022f9d49f77f00b89]
	org.netbeans.modules.php.apigen [1.48 19-ba85468772292fd64f188f4022f9d49f77f00b89]
	org.netbeans.modules.parsing.ui [1.35.0.1 19-ba85468772292fd64f188f4022f9d49f77f00b89]
	org.netbeans.modules.parsing.nb [1.25.0.8.1 19-ba85468772292fd64f188f4022f9d49f77f00b89]
	org.netbeans.modules.options.java [1.35 19-ba85468772292fd64f188f4022f9d49f77f00b89]
	org.netbeans.modules.notifications [1.29 19-ba85468772292fd64f188f4022f9d49f77f00b89]
	org.netbeans.core.netigso [1.52 19-ba85468772292fd64f188f4022f9d49f77f00b89]
	org.netbeans.modules.netbinox [1.62 19-ba85468772292fd64f188f4022f9d49f77f00b89]
	org.eclipse.mylyn.commons.net [3.17.0 3.17.0.v20150706-2057]
	org.eclipse.mylyn.tasks.core [3.17.0 3.17.0.v20150828-2026]
	org.eclipse.core.jobs [3.5.100 3.5.100.v20110404]
	org.eclipse.mylyn.wikitext.core [2.6.0 2.6.0.v20150901-2143]
	org.netbeans.modules.bugtracking [1.130 19-ba85468772292fd64f188f4022f9d49f77f00b89]
	org.eclipse.equinox.common [3.6.0 3.6.0.v20110523]
	org.eclipse.core.runtime [3.7.0 3.7.0.v20110110]
	org.netbeans.modules.mylyn.util [1.57 19-ba85468772292fd64f188f4022f9d49f77f00b89]
	org.netbeans.modules.mercurial [1.63.0.42.1 19-ba85468772292fd64f188f4022f9d49f77f00b89]
	org.netbeans.modules.masterfs.windows [1.37 19-ba85468772292fd64f188f4022f9d49f77f00b89]
	org.netbeans.modules.masterfs.nio2 [1.36 19-ba85468772292fd64f188f4022f9d49f77f00b89]
	org.netbeans.modules.markdown [1.9 19-ba85468772292fd64f188f4022f9d49f77f00b89]
	org.netbeans.modules.bugtracking.commons [1.29 19-ba85468772292fd64f188f4022f9d49f77f00b89]
	org.netbeans.modules.localtasks [1.46 19-ba85468772292fd64f188f4022f9d49f77f00b89]
	org.netbeans.modules.localhistory [1.55 19-ba85468772292fd64f188f4022f9d49f77f00b89]
	org.netbeans.modules.libs.gradle/8 [8.3 19-ba85468772292fd64f188f4022f9d49f77f00b89]
	org.netbeans.modules.lexer.nbbridge/1 [1.53.0.1 19-ba85468772292fd64f188f4022f9d49f77f00b89]
	org.netbeans.modules.keyring.fallback [1.29 19-ba85468772292fd64f188f4022f9d49f77f00b89]
	org.netbeans.modules.keyring.impl [1.45 19-ba85468772292fd64f188f4022f9d49f77f00b89]
	org.netbeans.modules.javascript2.sdoc [1.19 19-ba85468772292fd64f188f4022f9d49f77f00b89]
	org.netbeans.modules.javascript2.requirejs [0.28 19-ba85468772292fd64f188f4022f9d49f77f00b89]
	org.netbeans.modules.javascript2.react [0.20 19-ba85468772292fd64f188f4022f9d49f77f00b89]
	org.netbeans.modules.javascript2.prototypejs [0.26 19-ba85468772292fd64f188f4022f9d49f77f00b89]
	org.netbeans.modules.javascript2.knockout [1.31 19-ba85468772292fd64f188f4022f9d49f77f00b89]
	org.netbeans.modules.javascript2.jsdoc [1.19 19-ba85468772292fd64f188f4022f9d49f77f00b89]
	org.netbeans.modules.javascript2.extjs [1.30 19-ba85468772292fd64f188f4022f9d49f77f00b89]
	org.netbeans.modules.javascript2.jquery [1.30 19-ba85468772292fd64f188f4022f9d49f77f00b89]
	org.netbeans.modules.javascript2.extdoc [1.19 19-ba85468772292fd64f188f4022f9d49f77f00b89]
	org.netbeans.modules.javascript2.jade/1 [0.27 19-ba85468772292fd64f188f4022f9d49f77f00b89]
	org.netbeans.modules.javascript2.kit/1 [0.34 19-ba85468772292fd64f188f4022f9d49f77f00b89]
	org.netbeans.modules.javascript2.html [1.11 19-ba85468772292fd64f188f4022f9d49f77f00b89]
	org.netbeans.modules.javascript.v8debug.ui/1 [1.20.0.1 19-ba85468772292fd64f188f4022f9d49f77f00b89]
	org.netbeans.modules.autoupdate.pluginimporter [1.41 19-ba85468772292fd64f188f4022f9d49f77f00b89]
	org.netbeans.modules.deadlock.detector [1.27 19-ba85468772292fd64f188f4022f9d49f77f00b89]
	org.netbeans.modules.ide.branding/1 [1.53 19-ba85468772292fd64f188f4022f9d49f77f00b89]
	org.netbeans.modules.ide.branding.kit [1.49 19-ba85468772292fd64f188f4022f9d49f77f00b89]
	org.netbeans.modules.hudson [2.34 19-ba85468772292fd64f188f4022f9d49f77f00b89]
	org.netbeans.modules.hudson.ui [1.32 19-ba85468772292fd64f188f4022f9d49f77f00b89]
	org.netbeans.modules.hudson.tasklist [1.38 19-ba85468772292fd64f188f4022f9d49f77f00b89]
	org.netbeans.modules.hudson.subversion [1.50 19-ba85468772292fd64f188f4022f9d49f77f00b89]
	org.netbeans.modules.hudson.php [1.39 19-ba85468772292fd64f188f4022f9d49f77f00b89]
	org.netbeans.modules.hudson.mercurial [1.50 19-ba85468772292fd64f188f4022f9d49f77f00b89]
	org.netbeans.modules.hudson.git [1.39 19-ba85468772292fd64f188f4022f9d49f77f00b89]
	org.netbeans.modules.html.custom [1.27 19-ba85468772292fd64f188f4022f9d49f77f00b89]
	org.netbeans.core.browser/1 [1.49.0.1 1 19-ba85468772292fd64f188f4022f9d49f77f00b89]
	org.netbeans.modules.html.angular [1.33 19-ba85468772292fd64f188f4022f9d49f77f00b89]
	org.netbeans.modules.gradle/2 [2.34 19-ba85468772292fd64f188f4022f9d49f77f00b89]
	org.netbeans.modules.gradle.editor [1.3 19-ba85468772292fd64f188f4022f9d49f77f00b89]
	org.netbeans.modules.gradle.dists [1.9 19-ba85468772292fd64f188f4022f9d49f77f00b89]
	org.eclipse.jgit [5.7.0 5.7.0.202003110725-r]
	org.netbeans.libs.git/1 [1.55 19-ba85468772292fd64f188f4022f9d49f77f00b89]
	org.netbeans.modules.git [1.43.0.1 19-ba85468772292fd64f188f4022f9d49f77f00b89]
	org.netbeans.modules.extexecution.process.jdk9 [1.21 19-ba85468772292fd64f188f4022f9d49f77f00b89]
	org.netbeans.modules.extexecution.process [1.48 19-ba85468772292fd64f188f4022f9d49f77f00b89]
	org.netbeans.modules.extexecution.impl [1.46 19-ba85468772292fd64f188f4022f9d49f77f00b89]
	org.netbeans.modules.editor.mimelookup.impl/1 [1.53 19-ba85468772292fd64f188f4022f9d49f77f00b89]
	org.netbeans.modules.editor.global.format/1 [1.36.0.1 1 19-ba85468772292fd64f188f4022f9d49f77f00b89]
	libs.c.kohlschutter.junixsocket/2 [3.3 19-ba85468772292fd64f188f4022f9d49f77f00b89]
	org.netbeans.modules.docker.api/0 [1.41 19-ba85468772292fd64f188f4022f9d49f77f00b89]
	org.netbeans.modules.docker.ui/0 [1.21 19-ba85468772292fd64f188f4022f9d49f77f00b89]
	org.netbeans.modules.docker.editor/0 [1.21 19-ba85468772292fd64f188f4022f9d49f77f00b89]
	org.netbeans.modules.dlight.nativeexecution.nb [1.21 19-ba85468772292fd64f188f4022f9d49f77f00b89]
	org.netbeans.modules.css.prep [1.51 19-ba85468772292fd64f188f4022f9d49f77f00b89]
	org.netbeans.modules.cpplite.debugger [1.13 19-ba85468772292fd64f188f4022f9d49f77f00b89]
	org.netbeans.modules.cpplite.editor [1.12 19-ba85468772292fd64f188f4022f9d49f77f00b89]
	org.netbeans.modules.cpplite.project [1.12 19-ba85468772292fd64f188f4022f9d49f77f00b89]
	org.netbeans.modules.cpplite.kit [1.12 19-ba85468772292fd64f188f4022f9d49f77f00b89]
	org.apache.tools.ant.module/3 [3.105.0.2 2 19-ba85468772292fd64f188f4022f9d49f77f00b89]
	org.netbeans.modules.cordova.platforms [1.57 19-ba85468772292fd64f188f4022f9d49f77f00b89]
	org.netbeans.modules.cordova.platforms.android [1.47 19-ba85468772292fd64f188f4022f9d49f77f00b89]
	org.netbeans.modules.cordova [1.54 19-ba85468772292fd64f188f4022f9d49f77f00b89]
	org.eclipse.mylyn.bugzilla.core [3.17.0 3.17.0.v20150828-2026]
	org.apache.commons.httpclient [3.1.0 3.1.0]
	org.netbeans.modules.bugzilla [1.98 19-ba85468772292fd64f188f4022f9d49f77f00b89]
	org.netbeans.modules.bugtracking.bridge [1.66 19-ba85468772292fd64f188f4022f9d49f77f00b89]
	org.netbeans.libs.graalsdk [1.21 19-ba85468772292fd64f188f4022f9d49f77f00b89]
	org.netbeans.libs.truffleapi [1.21 19-ba85468772292fd64f188f4022f9d49f77f00b89]
	org.netbeans.libs.svnClientAdapter.javahl/1 [1.45 19-ba85468772292fd64f188f4022f9d49f77f00b89]
	org.netbeans.libs.jna.platform/2 [2.16 19-ba85468772292fd64f188f4022f9d49f77f00b89]
	org.netbeans.libs.jaxb/1 [1.52 19-ba85468772292fd64f188f4022f9d49f77f00b89]
	org.netbeans.libs.graaljs/2 [1.21 19-ba85468772292fd64f188f4022f9d49f77f00b89]
	org.netbeans.libs.freemarker/1 [2.55.0.239 239 19-ba85468772292fd64f188f4022f9d49f77f00b89]
	org.netbeans.core.network [1.33 19-ba85468772292fd64f188f4022f9d49f77f00b89]
	org.netbeans.core.nativeaccess/1 [1.52 19-ba85468772292fd64f188f4022f9d49f77f00b89]
	org.netbeans.core.io.ui/1 [1.51 19-ba85468772292fd64f188f4022f9d49f77f00b89]
	org.eclipse.mylyn.commons.xmlrpc [3.17.0 3.17.0.v20150625-2042]
	org.eclipse.mylyn.commons.repositories.core [1.9.0 1.9.0.v20150625-2042]
	org.eclipse.mylyn.commons.core [3.17.0 3.17.0.v20150625-2042]
	org.eclipse.equinox.security [1.1.1 1.1.1.R37x_v20110822-1018]
	org.eclipse.equinox.registry [3.5.200 3.5.200.v20120522-1841]
	org.eclipse.equinox.preferences [3.4.2 3.4.2.v20120111-2020]
	org.eclipse.equinox.app [1.3.100 1.3.100.v20110321]
	org.eclipse.core.runtime.compatibility.auth [3.2.200 3.2.200.v20110110]
	org.eclipse.core.net [1.2.100 1.2.100.I20110511-0800]
	org.eclipse.core.contenttype [3.4.100 3.4.100.v20110423-0524]
	org.apache.xmlrpc [3.1.3 3.1.3]
	org.apache.ws.commons.util [1.0.1 1.0.1]
	org.apache.commons.lang [2.6 2.6]
	org.apache.commons.codec [1.15.0 1.15.0]
	com.jcraft.jzlib [1.1.3 1.1.3]
	com.googlecode.javaewah.JavaEWAH [1.1.6 1.1.6]
	bcprov [1.70 1.70]
	bcpg [1.70 1.70]
INFO [org.netbeans.core.netigso.Netigso]: bundle net.java.html.boot.fx@1.8.1 resolved
INFO [org.netbeans.core.netigso.Netigso]: bundle net.java.html.boot@1.8.1 resolved
INFO [org.netbeans.core.netigso.Netigso]: bundle org.netbeans.html.ko4j@1.8.1 resolved
INFO [org.netbeans.core.netigso.Netigso]: bundle net.java.html@1.8.1 resolved
INFO [org.netbeans.core.netigso.Netigso]: bundle net.java.html.json@1.8.1 resolved
INFO [org.netbeans.core.netigso.Netigso]: bundle org.netbeans.html.presenters.spi@1.8.1 resolved
INFO [org.netbeans.core.netigso.Netigso]: bundle org.netbeans.html.xhr4j@1.8.1 resolved
INFO [org.netbeans.core.netigso.Netigso]: bundle net.java.html.geo@1.8.1 resolved
INFO [org.netbeans.core.netigso.Netigso]: bundle net.java.html.sound@1.8.1 resolved
INFO [org.netbeans.core.netigso.Netigso]: bundle net.java.html.boot.script@1.8.1 resolved
INFO [org.netbeans.core.netigso.Netigso]: bundle bcutil@1.70.0 resolved
INFO [org.netbeans.core.netigso.Netigso]: bundle bcpkix@1.70.0 resolved
INFO [org.netbeans.core.netigso.Netigso]: bundle org.apache.commons.lang3@3.12.0 resolved
INFO [org.netbeans.core.netigso.Netigso]: bundle org.apache.commons.io@2.6.0 resolved
INFO [org.netbeans.core.netigso.Netigso]: bundle org.eclipse.mylyn.wikitext.textile.core@2.6.0.v20150901-2143 resolved
INFO [org.netbeans.core.netigso.Netigso]: bundle org.eclipse.mylyn.wikitext.markdown.core@2.6.0.v20150901-2143 resolved
INFO [org.netbeans.core.netigso.Netigso]: bundle org.eclipse.mylyn.wikitext.confluence.core@2.6.0.v20150901-2143 resolved
INFO [org.netbeans.core.netigso.Netigso]: bundle org.eclipse.osgi@3.9.1.v20140110-1610 started
INFO [org.netbeans.core.network.proxy.NetworkProxyReloader]: System network proxy resolver: Windows
INFO [org.netbeans.core.network.proxy.windows.WindowsNetworkProxy]: Windows system proxy resolver: auto detect
INFO [org.netbeans.core.network.proxy.windows.WindowsNetworkProxy]: Windows system proxy resolver: auto - PAC (http://wpad/wpad.dat)
INFO [org.netbeans.core.network.proxy.NetworkProxyReloader]: System network proxy reloading succeeded.
INFO [org.openide.awt.Toolbar]: Too long AWTTask: 533 ms for org.openide.awt.MenuBar$MenuBarFolder@407a8a29(FolderList{MultiFileObject@28ae3a8a[Menu]})
INFO [org.netbeans.ui.metrics.laf]: USG_LOOK_AND_FEEL
INFO [org.netbeans.core.network.proxy.ProxyAutoConfig]: PAC script http://wpad/wpad.dat unavailable, proxy disabled
INFO [org.netbeans.core.network.proxy.NetworkProxyReloader]: System network proxy - mode: auto
INFO [org.netbeans.core.network.proxy.NetworkProxyReloader]: System network proxy - pac url: http://wpad/wpad.dat
INFO [org.netbeans.core.network.proxy.NetworkProxyReloader]: System network proxy TEST - http host: 
INFO [org.netbeans.core.network.proxy.NetworkProxyReloader]: System network proxy TEST - http port: 0
Diagnostic information
Input arguments:
	-Dnetbeans.importclass=org.netbeans.upgrade.AutoUpgrade
	-XX:+UseStringDeduplication
	-Xss2m
	-Dapple.laf.useScreenMenuBar=true
	-Dapple.awt.application.appearance=system
	-Dapple.awt.graphics.UseQuartz=true
	-Dsun.java2d.noddraw=true
	-Dsun.java2d.dpiaware=true
	-Dsun.zip.disableMemoryMapping=true
	-Dplugin.manager.check.updates=false
	-Dnetbeans.extbrowser.manual_chrome_plugin_install=yes
	--add-opens=java.base/java.net=ALL-UNNAMED
	--add-opens=java.base/java.lang.ref=ALL-UNNAMED
	--add-opens=java.base/java.lang=ALL-UNNAMED
	--add-opens=java.base/java.security=ALL-UNNAMED
	--add-opens=java.base/java.util=ALL-UNNAMED
	--add-opens=java.base/java.nio=ALL-UNNAMED
	--add-exports=java.base/sun.reflect.annotation=ALL-UNNAMED
	--add-opens=java.prefs/java.util.prefs=ALL-UNNAMED
	--add-opens=java.desktop/javax.swing.plaf.basic=ALL-UNNAMED
	--add-opens=java.desktop/javax.swing.text=ALL-UNNAMED
	--add-opens=java.desktop/javax.swing=ALL-UNNAMED
	--add-opens=java.desktop/java.awt=ALL-UNNAMED
	--add-opens=java.desktop/java.awt.event=ALL-UNNAMED
	--add-opens=java.desktop/sun.awt.X11=ALL-UNNAMED
	--add-opens=java.desktop/javax.swing.plaf.synth=ALL-UNNAMED
	--add-opens=java.desktop/com.sun.java.swing.plaf.gtk=ALL-UNNAMED
	--add-opens=java.desktop/sun.awt.shell=ALL-UNNAMED
	--add-opens=java.desktop/sun.awt.im=ALL-UNNAMED
	--add-exports=java.desktop/sun.awt=ALL-UNNAMED
	--add-exports=java.desktop/java.awt.peer=ALL-UNNAMED
	--add-exports=java.desktop/com.sun.beans.editors=ALL-UNNAMED
	--add-exports=java.desktop/sun.swing=ALL-UNNAMED
	--add-exports=java.desktop/sun.awt.im=ALL-UNNAMED
	--add-exports=java.desktop/com.sun.java.swing.plaf.motif=ALL-UNNAMED
	--add-exports=java.desktop/com.apple.eio=ALL-UNNAMED
	--add-opens=jdk.compiler/com.sun.tools.javac.api=ALL-UNNAMED
	--add-opens=jdk.compiler/com.sun.tools.javac.code=ALL-UNNAMED
	--add-opens=jdk.compiler/com.sun.tools.javac.comp=ALL-UNNAMED
	--add-opens=jdk.compiler/com.sun.tools.javac.file=ALL-UNNAMED
	--add-opens=jdk.compiler/com.sun.tools.javac.jvm=ALL-UNNAMED
	--add-opens=jdk.compiler/com.sun.tools.javac.main=ALL-UNNAMED
	--add-opens=jdk.compiler/com.sun.tools.javac.model=ALL-UNNAMED
	--add-opens=jdk.compiler/com.sun.tools.javac.parser=ALL-UNNAMED
	--add-opens=jdk.compiler/com.sun.tools.javac.processing=ALL-UNNAMED
	--add-opens=jdk.compiler/com.sun.tools.javac.tree=ALL-UNNAMED
	--add-opens=jdk.compiler/com.sun.tools.javac.util=ALL-UNNAMED
	--add-exports=jdk.compiler/com.sun.tools.javac.api=ALL-UNNAMED
	--add-exports=jdk.compiler/com.sun.tools.javac.code=ALL-UNNAMED
	--add-exports=jdk.compiler/com.sun.tools.javac.comp=ALL-UNNAMED
	--add-exports=jdk.compiler/com.sun.tools.javac.file=ALL-UNNAMED
	--add-exports=jdk.compiler/com.sun.tools.javac.jvm=ALL-UNNAMED
	--add-exports=jdk.compiler/com.sun.tools.javac.main=ALL-UNNAMED
	--add-exports=jdk.compiler/com.sun.tools.javac.model=ALL-UNNAMED
	--add-exports=jdk.compiler/com.sun.tools.javac.parser=ALL-UNNAMED
	--add-exports=jdk.compiler/com.sun.tools.javac.processing=ALL-UNNAMED
	--add-exports=jdk.compiler/com.sun.tools.javac.tree=ALL-UNNAMED
	--add-exports=jdk.compiler/com.sun.tools.javac.util=ALL-UNNAMED
	--add-modules=jdk.jshell
	--add-opens=jdk.jshell/jdk.jshell=ALL-UNNAMED
	--add-exports=jdk.jdeps/com.sun.tools.classfile=ALL-UNNAMED
	--add-exports=jdk.jdeps/com.sun.tools.javap=ALL-UNNAMED
	--add-exports=jdk.internal.jvmstat/sun.jvmstat.monitor=ALL-UNNAMED
	--add-exports=java.management/sun.management=ALL-UNNAMED
	-XX:+IgnoreUnrecognizedVMOptions
	-Djdk.home=C:\Program Files\Java\jdk-21
	-Dnetbeans.home=C:\Program Files\NetBeans-19\netbeans\platform
	-Dnetbeans.user=C:\Users\lukas.godayol-bonay\Desktop\Semestre2\M.Gil\MonPortFolioSIO\Collab
	-Dnetbeans.default_userdir_root=C:\Users\lukas.godayol-bonay\AppData\Roaming\NetBeans
	-XX:+HeapDumpOnOutOfMemoryError
	-XX:HeapDumpPath=C:\Users\lukas.godayol-bonay\Desktop\Semestre2\M.Gil\MonPortFolioSIO\Collab\var\log\heapdump.hprof
	-Dsun.awt.keepWorkingSetOnMinimize=true
	-Djava.security.manager=allow
	-Dnetbeans.dirs=C:\Program Files\NetBeans-19\netbeans\nb;C:\Program Files\NetBeans-19\netbeans\ergonomics;C:\Program Files\NetBeans-19\netbeans\ide;C:\Program Files\NetBeans-19\netbeans\extide;C:\Program Files\NetBeans-19\netbeans\java;C:\Program Files\NetBeans-19\netbeans\apisupport;C:\Program Files\NetBeans-19\netbeans\webcommon;C:\Program Files\NetBeans-19\netbeans\websvccommon;C:\Program Files\NetBeans-19\netbeans\enterprise;C:\Program Files\NetBeans-19\netbeans\mobility;C:\Program Files\NetBeans-19\netbeans\profiler;C:\Program Files\NetBeans-19\netbeans\python;C:\Program Files\NetBeans-19\netbeans\php;C:\Program Files\NetBeans-19\netbeans\identity;C:\Program Files\NetBeans-19\netbeans\harness;C:\Program Files\NetBeans-19\netbeans\cnd;C:\Program Files\NetBeans-19\netbeans\cndext;C:\Program Files\NetBeans-19\netbeans\cpplite;C:\Program Files\NetBeans-19\netbeans\dlight;C:\Program Files\NetBeans-19\netbeans\groovy;C:\Program Files\NetBeans-19\netbeans\extra;C:\Program Files\NetBeans-19\netbeans\javacard;C:\Program Files\NetBeans-19\netbeans\javafx;C:\Program Files\NetBeans-19\netbeans\rust
Compiler: HotSpot 64-Bit Tiered Compilers
Heap memory usage: initial 508,0MB maximum 8116,0MB
Non heap memory usage: initial 7,3MB maximum -1b
Garbage collector: G1 Young Generation (Collections=10 Total time spent=0s)
Garbage collector: G1 Concurrent GC (Collections=4 Total time spent=0s)
Garbage collector: G1 Old Generation (Collections=0 Total time spent=0s)
Classes: loaded=8716 total loaded=8716 unloaded 0
INFO [org.netbeans.core.ui.warmup.DiagnosticTask]: Total memory 34 033 328 128
INFO [null]: Total physical memory 34 033 328 128
INFO [org.netbeans.ui.metrics.vcs]: USG_VCS_ACTION
SEVERE [global]
java.lang.NullPointerException: Cannot invoke "org.netbeans.modules.autoupdate.ui.wizards.LicenseApprovalPanel.getLicenses()" because "this.panel" is null
	at org.netbeans.modules.autoupdate.ui.wizards.LicenseApprovalStep.storeSettings(LicenseApprovalStep.java:123)
	at org.netbeans.modules.autoupdate.ui.wizards.LicenseApprovalStep.storeSettings(LicenseApprovalStep.java:46)
	at org.openide.WizardDescriptor.storeSettingsAndNotify(WizardDescriptor.java:1367)
	at org.openide.WizardDescriptor.access$1800(WizardDescriptor.java:67)
	at org.openide.WizardDescriptor$Listener$1.run(WizardDescriptor.java:2179)
	at org.openide.WizardDescriptor.lazyValidate(WizardDescriptor.java:1492)
	at org.openide.WizardDescriptor.access$2000(WizardDescriptor.java:67)
	at org.openide.WizardDescriptor$Listener.actionPerformed(WizardDescriptor.java:2203)
	at java.base/jdk.internal.reflect.DirectMethodHandleAccessor.invoke(DirectMethodHandleAccessor.java:103)
	at java.base/java.lang.reflect.Method.invoke(Method.java:580)
	at org.openide.util.WeakListenerImpl$ProxyListener.invoke(WeakListenerImpl.java:461)
	at jdk.proxy1/jdk.proxy1.$Proxy17.actionPerformed(Unknown Source)
	at java.desktop/javax.swing.AbstractButton.fireActionPerformed(AbstractButton.java:1972)
	at java.desktop/javax.swing.AbstractButton$Handler.actionPerformed(AbstractButton.java:2314)
	at java.desktop/javax.swing.DefaultButtonModel.fireActionPerformed(DefaultButtonModel.java:407)
	at java.desktop/javax.swing.DefaultButtonModel.setPressed(DefaultButtonModel.java:262)
	at java.desktop/javax.swing.plaf.basic.BasicButtonListener.mouseReleased(BasicButtonListener.java:279)
	at java.desktop/java.awt.Component.processMouseEvent(Component.java:6621)
	at java.desktop/javax.swing.JComponent.processMouseEvent(JComponent.java:3398)
	at java.desktop/java.awt.Component.processEvent(Component.java:6386)
	at java.desktop/java.awt.Container.processEvent(Container.java:2266)
	at java.desktop/java.awt.Component.dispatchEventImpl(Component.java:4996)
	at java.desktop/java.awt.Container.dispatchEventImpl(Container.java:2324)
	at java.desktop/java.awt.Component.dispatchEvent(Component.java:4828)
	at java.desktop/java.awt.LightweightDispatcher.retargetMouseEvent(Container.java:4948)
	at java.desktop/java.awt.LightweightDispatcher.processMouseEvent(Container.java:4575)
	at java.desktop/java.awt.LightweightDispatcher.dispatchEvent(Container.java:4516)
	at java.desktop/java.awt.Container.dispatchEventImpl(Container.java:2310)
	at java.desktop/java.awt.Window.dispatchEventImpl(Window.java:2780)
	at java.desktop/java.awt.Component.dispatchEvent(Component.java:4828)
	at java.desktop/java.awt.EventQueue.dispatchEventImpl(EventQueue.java:775)
	at java.desktop/java.awt.EventQueue$4.run(EventQueue.java:720)
	at java.desktop/java.awt.EventQueue$4.run(EventQueue.java:714)
	at java.base/java.security.AccessController.doPrivileged(AccessController.java:400)
	at java.base/java.security.ProtectionDomain$JavaSecurityAccessImpl.doIntersectionPrivilege(ProtectionDomain.java:87)
	at java.base/java.security.ProtectionDomain$JavaSecurityAccessImpl.doIntersectionPrivilege(ProtectionDomain.java:98)
	at java.desktop/java.awt.EventQueue$5.run(EventQueue.java:747)
	at java.desktop/java.awt.EventQueue$5.run(EventQueue.java:745)
	at java.base/java.security.AccessController.doPrivileged(AccessController.java:400)
	at java.base/java.security.ProtectionDomain$JavaSecurityAccessImpl.doIntersectionPrivilege(ProtectionDomain.java:87)
	at java.desktop/java.awt.EventQueue.dispatchEvent(EventQueue.java:744)
	at org.netbeans.core.TimableEventQueue.dispatchEvent(TimableEventQueue.java:136)
[catch] at java.desktop/java.awt.EventDispatchThread.pumpOneEventForFilters(EventDispatchThread.java:203)
	at java.desktop/java.awt.EventDispatchThread.pumpEventsForFilter(EventDispatchThread.java:124)
	at java.desktop/java.awt.EventDispatchThread.pumpEventsForFilter(EventDispatchThread.java:117)
	at java.desktop/java.awt.WaitDispatchSupport$2.run(WaitDispatchSupport.java:191)
	at java.desktop/java.awt.WaitDispatchSupport$4.run(WaitDispatchSupport.java:236)
	at java.desktop/java.awt.WaitDispatchSupport$4.run(WaitDispatchSupport.java:234)
	at java.base/java.security.AccessController.doPrivileged(AccessController.java:319)
	at java.desktop/java.awt.WaitDispatchSupport.enter(WaitDispatchSupport.java:234)
	at java.desktop/java.awt.Dialog.show(Dialog.java:1079)
	at org.netbeans.core.windows.services.NbPresenter.superShow(NbPresenter.java:1069)
	at org.netbeans.core.windows.services.NbPresenter.doShow(NbPresenter.java:1114)
	at org.netbeans.core.windows.services.NbPresenter.run(NbPresenter.java:1092)
	at org.netbeans.core.windows.services.NbPresenter.run(NbPresenter.java:104)
	at org.netbeans.modules.openide.util.NbMutexEventProvider$Event.doEventAccess(NbMutexEventProvider.java:123)
	at org.netbeans.modules.openide.util.NbMutexEventProvider$Event.readAccess(NbMutexEventProvider.java:77)
	at org.netbeans.modules.openide.util.LazyMutexImplementation.readAccess(LazyMutexImplementation.java:71)
	at org.openide.util.Mutex.readAccess(Mutex.java:199)
	at org.netbeans.core.windows.services.NbPresenter.show(NbPresenter.java:1076)
	at java.desktop/java.awt.Component.show(Component.java:1728)
	at java.desktop/java.awt.Component.setVisible(Component.java:1675)
	at java.desktop/java.awt.Window.setVisible(Window.java:1036)
	at java.desktop/java.awt.Dialog.setVisible(Dialog.java:1015)
	at org.netbeans.modules.autoupdate.ui.wizards.InstallUnitWizard.implInvokeWizard(InstallUnitWizard.java:79)
	at org.netbeans.modules.autoupdate.ui.wizards.InstallUnitWizard.invokeWizard(InstallUnitWizard.java:58)
	at org.netbeans.modules.autoupdate.ui.wizards.InstallUnitWizard.invokeWizard(InstallUnitWizard.java:52)
	at org.netbeans.modules.autoupdate.ui.wizards.InstallUnitWizard.invokeWizard(InstallUnitWizard.java:48)
	at org.netbeans.modules.autoupdate.ui.UnitTab$AvailableAction.performerImpl(UnitTab.java:1366)
	at org.netbeans.modules.autoupdate.ui.UnitTab$TabAction.actionPerformed(UnitTab.java:1094)
	at java.desktop/javax.swing.AbstractButton.fireActionPerformed(AbstractButton.java:1972)
	at java.desktop/javax.swing.AbstractButton$Handler.actionPerformed(AbstractButton.java:2314)
	at java.desktop/javax.swing.DefaultButtonModel.fireActionPerformed(DefaultButtonModel.java:407)
	at java.desktop/javax.swing.DefaultButtonModel.setPressed(DefaultButtonModel.java:262)
	at java.desktop/javax.swing.plaf.basic.BasicButtonListener.mouseReleased(BasicButtonListener.java:279)
	at java.desktop/java.awt.Component.processMouseEvent(Component.java:6621)
	at java.desktop/javax.swing.JComponent.processMouseEvent(JComponent.java:3398)
	at java.desktop/java.awt.Component.processEvent(Component.java:6386)
	at java.desktop/java.awt.Container.processEvent(Container.java:2266)
	at java.desktop/java.awt.Component.dispatchEventImpl(Component.java:4996)
	at java.desktop/java.awt.Container.dispatchEventImpl(Container.java:2324)
	at java.desktop/java.awt.Component.dispatchEvent(Component.java:4828)
	at java.desktop/java.awt.LightweightDispatcher.retargetMouseEvent(Container.java:4948)
	at java.desktop/java.awt.LightweightDispatcher.processMouseEvent(Container.java:4575)
	at java.desktop/java.awt.LightweightDispatcher.dispatchEvent(Container.java:4516)
	at java.desktop/java.awt.Container.dispatchEventImpl(Container.java:2310)
	at java.desktop/java.awt.Window.dispatchEventImpl(Window.java:2780)
	at java.desktop/java.awt.Component.dispatchEvent(Component.java:4828)
	at java.desktop/java.awt.EventQueue.dispatchEventImpl(EventQueue.java:775)
	at java.desktop/java.awt.EventQueue$4.run(EventQueue.java:720)
	at java.desktop/java.awt.EventQueue$4.run(EventQueue.java:714)
	at java.base/java.security.AccessController.doPrivileged(AccessController.java:400)
	at java.base/java.security.ProtectionDomain$JavaSecurityAccessImpl.doIntersectionPrivilege(ProtectionDomain.java:87)
	at java.base/java.security.ProtectionDomain$JavaSecurityAccessImpl.doIntersectionPrivilege(ProtectionDomain.java:98)
	at java.desktop/java.awt.EventQueue$5.run(EventQueue.java:747)
	at java.desktop/java.awt.EventQueue$5.run(EventQueue.java:745)
	at java.base/java.security.AccessController.doPrivileged(AccessController.java:400)
	at java.base/java.security.ProtectionDomain$JavaSecurityAccessImpl.doIntersectionPrivilege(ProtectionDomain.java:87)
	at java.desktop/java.awt.EventQueue.dispatchEvent(EventQueue.java:744)
	at org.netbeans.core.TimableEventQueue.dispatchEvent(TimableEventQueue.java:136)
	at java.desktop/java.awt.EventDispatchThread.pumpOneEventForFilters(EventDispatchThread.java:203)
	at java.desktop/java.awt.EventDispatchThread.pumpEventsForFilter(EventDispatchThread.java:124)
	at java.desktop/java.awt.EventDispatchThread.pumpEventsForHierarchy(EventDispatchThread.java:113)
	at java.desktop/java.awt.EventDispatchThread.pumpEvents(EventDispatchThread.java:109)
	at java.desktop/java.awt.EventDispatchThread.pumpEvents(EventDispatchThread.java:101)
	at java.desktop/java.awt.EventDispatchThread.run(EventDispatchThread.java:90)
WARNING [org.netbeans.modules.autoupdate.services.InstallManager]: There is no write permission to write in target cluster enterprise for REST HTML5 Client[org.netbeans.modules.web.client.rest/1.35]
WARNING [org.netbeans.modules.autoupdate.services.InstallManager]: There is no write permission to write in target cluster extra for REST HTML5 Client[org.netbeans.modules.web.client.rest/1.35]
INFO [org.netbeans.modules.autoupdate.services.InstallManager]: Declared target cluster enterprise in REST HTML5 Client[org.netbeans.modules.web.client.rest/1.35] wasn't found or was read only. Will be used C:\Users\lukas.godayol-bonay\Desktop\Semestre2\M.Gil\MonPortFolioSIO\Collab
WARNING [org.netbeans.modules.autoupdate.services.InstallManager]: There is no write permission to write in target cluster java for Java Testrunner UI[org.netbeans.modules.java.testrunner.ui/1.25]
WARNING [org.netbeans.modules.autoupdate.services.InstallManager]: There is no write permission to write in target cluster extra for Java Testrunner UI[org.netbeans.modules.java.testrunner.ui/1.25]
INFO [org.netbeans.modules.autoupdate.services.InstallManager]: Declared target cluster java in Java Testrunner UI[org.netbeans.modules.java.testrunner.ui/1.25] wasn't found or was read only. Will be used C:\Users\lukas.godayol-bonay\Desktop\Semestre2\M.Gil\MonPortFolioSIO\Collab
WARNING [org.netbeans.modules.autoupdate.services.InstallManager]: There is no write permission to write in target cluster java for Ant Hints[org.netbeans.modules.ant.hints/1.15]
WARNING [org.netbeans.modules.autoupdate.services.InstallManager]: There is no write permission to write in target cluster java for more updates or plugins.
INFO [org.netbeans.modules.autoupdate.services.InstallManager]: Declared target cluster java in Ant Hints[org.netbeans.modules.ant.hints/1.15] wasn't found or was read only. Will be used C:\Users\lukas.godayol-bonay\Desktop\Semestre2\M.Gil\MonPortFolioSIO\Collab
INFO [org.netbeans.modules.autoupdate.services.InstallManager]: Declared target cluster java in Editor Support for HTML/Java API[org.netbeans.modules.editor.htmlui/1.20] wasn't found or was read only. Will be used C:\Users\lukas.godayol-bonay\Desktop\Semestre2\M.Gil\MonPortFolioSIO\Collab
INFO [org.netbeans.modules.autoupdate.services.InstallManager]: Declared target cluster java in Java Code Metrics[org.netbeans.modules.java.metrics/1.29] wasn't found or was read only. Will be used C:\Users\lukas.godayol-bonay\Desktop\Semestre2\M.Gil\MonPortFolioSIO\Collab
INFO [org.netbeans.modules.autoupdate.services.InstallManager]: Declared target cluster java in Maven Persistence[org.netbeans.modules.maven.persistence/1.50] wasn't found or was read only. Will be used C:\Users\lukas.godayol-bonay\Desktop\Semestre2\M.Gil\MonPortFolioSIO\Collab
INFO [org.netbeans.modules.autoupdate.services.InstallManager]: Declared target cluster java in Spellchecker Java Language Bindings[org.netbeans.modules.spellchecker.bindings.java/1.51] wasn't found or was read only. Will be used C:\Users\lukas.godayol-bonay\Desktop\Semestre2\M.Gil\MonPortFolioSIO\Collab
INFO [org.netbeans.modules.autoupdate.services.InstallManager]: Declared target cluster java in TestNG Support[org.netbeans.modules.testng/2.41] wasn't found or was read only. Will be used C:\Users\lukas.godayol-bonay\Desktop\Semestre2\M.Gil\MonPortFolioSIO\Collab
INFO [org.netbeans.modules.autoupdate.services.InstallManager]: Declared target cluster java in Selenium 2 Java Support[org.netbeans.modules.selenium2.java/1.23] wasn't found or was read only. Will be used C:\Users\lukas.godayol-bonay\Desktop\Semestre2\M.Gil\MonPortFolioSIO\Collab
INFO [org.netbeans.modules.autoupdate.services.InstallManager]: Declared target cluster java in Maven JUnit[org.netbeans.modules.maven.junit/1.55] wasn't found or was read only. Will be used C:\Users\lukas.godayol-bonay\Desktop\Semestre2\M.Gil\MonPortFolioSIO\Collab
INFO [org.netbeans.modules.autoupdate.services.InstallManager]: Declared target cluster java in Maven Hints[org.netbeans.modules.maven.hints/1.61] wasn't found or was read only. Will be used C:\Users\lukas.godayol-bonay\Desktop\Semestre2\M.Gil\MonPortFolioSIO\Collab
INFO [org.netbeans.modules.autoupdate.services.InstallManager]: Declared target cluster java in Hudson Ant Project Support[org.netbeans.modules.hudson.ant/1.48] wasn't found or was read only. Will be used C:\Users\lukas.godayol-bonay\Desktop\Semestre2\M.Gil\MonPortFolioSIO\Collab
INFO [org.netbeans.modules.autoupdate.services.InstallManager]: Declared target cluster java in Maven Hudson[org.netbeans.modules.hudson.maven/1.50] wasn't found or was read only. Will be used C:\Users\lukas.godayol-bonay\Desktop\Semestre2\M.Gil\MonPortFolioSIO\Collab
INFO [org.netbeans.modules.autoupdate.services.InstallManager]: Declared target cluster java in JPDA Debugger Ant Task[org.netbeans.modules.debugger.jpda.ant/1.59] wasn't found or was read only. Will be used C:\Users\lukas.godayol-bonay\Desktop\Semestre2\M.Gil\MonPortFolioSIO\Collab
INFO [org.netbeans.modules.autoupdate.services.InstallManager]: Declared target cluster java in Java Common Project API[org.netbeans.modules.java.api.common/1.144] wasn't found or was read only. Will be used C:\Users\lukas.godayol-bonay\Desktop\Semestre2\M.Gil\MonPortFolioSIO\Collab
INFO [org.netbeans.modules.autoupdate.services.InstallManager]: Declared target cluster java in Web Browser Ant Task[org.netbeans.modules.ant.browsetask/1.61] wasn't found or was read only. Will be used C:\Users\lukas.godayol-bonay\Desktop\Semestre2\M.Gil\MonPortFolioSIO\Collab
INFO [org.netbeans.modules.autoupdate.services.InstallManager]: Declared target cluster java in Legacy Java Hints SPI[org.netbeans.modules.java.hints.legacy.spi/1.37.0.1.13] wasn't found or was read only. Will be used C:\Users\lukas.godayol-bonay\Desktop\Semestre2\M.Gil\MonPortFolioSIO\Collab
INFO [org.netbeans.modules.autoupdate.services.InstallManager]: Declared target cluster java in Java SE Platforms and Libraries[org.netbeans.modules.java.j2seplatform/1.64] wasn't found or was read only. Will be used C:\Users\lukas.godayol-bonay\Desktop\Semestre2\M.Gil\MonPortFolioSIO\Collab
INFO [org.netbeans.modules.autoupdate.services.InstallManager]: Declared target cluster enterprise in Java EE Specifications Support[org.netbeans.modules.javaee.specs.support/1.46] wasn't found or was read only. Will be used C:\Users\lukas.godayol-bonay\Desktop\Semestre2\M.Gil\MonPortFolioSIO\Collab
INFO [org.netbeans.modules.autoupdate.services.InstallManager]: Declared target cluster java in Java OpenJDK Distributions Discovery[org.netbeans.modules.java.disco/2.5] wasn't found or was read only. Will be used C:\Users\lukas.godayol-bonay\Desktop\Semestre2\M.Gil\MonPortFolioSIO\Collab
INFO [org.netbeans.modules.autoupdate.services.InstallManager]: Declared target cluster javafx in DukeScript Project Wizard[org.netbeans.modules.maven.htmlui/1.21] wasn't found or was read only. Will be used C:\Users\lukas.godayol-bonay\Desktop\Semestre2\M.Gil\MonPortFolioSIO\Collab
INFO [org.netbeans.modules.autoupdate.services.InstallManager]: Declared target cluster enterprise in JAX-WS service provider SPI/API[org.netbeans.modules.websvc.jaxwsapi/1.47] wasn't found or was read only. Will be used C:\Users\lukas.godayol-bonay\Desktop\Semestre2\M.Gil\MonPortFolioSIO\Collab
INFO [org.netbeans.modules.autoupdate.services.InstallManager]: Declared target cluster enterprise in Payara EE Common[org.netbeans.modules.payara.eecommon/2.17.0.1.1] wasn't found or was read only. Will be used C:\Users\lukas.godayol-bonay\Desktop\Semestre2\M.Gil\MonPortFolioSIO\Collab
INFO [org.netbeans.modules.autoupdate.services.InstallManager]: Declared target cluster java in Maven Editor Model[org.netbeans.modules.maven.model/1.65] wasn't found or was read only. Will be used C:\Users\lukas.godayol-bonay\Desktop\Semestre2\M.Gil\MonPortFolioSIO\Collab
INFO [org.netbeans.modules.autoupdate.services.InstallManager]: Declared target cluster enterprise in J2EE DD API[org.netbeans.modules.j2ee.dd/1.61.0.2] wasn't found or was read only. Will be used C:\Users\lukas.godayol-bonay\Desktop\Semestre2\M.Gil\MonPortFolioSIO\Collab
INFO [org.netbeans.modules.autoupdate.services.InstallManager]: Declared target cluster enterprise in Tomcat (TomEE)[org.netbeans.modules.tomcat5/1.63] wasn't found or was read only. Will be used C:\Users\lukas.godayol-bonay\Desktop\Semestre2\M.Gil\MonPortFolioSIO\Collab
INFO [org.netbeans.modules.autoupdate.services.InstallManager]: Declared target cluster enterprise in Amazon SDK[org.netbeans.libs.amazon/1.31] wasn't found or was read only. Will be used C:\Users\lukas.godayol-bonay\Desktop\Semestre2\M.Gil\MonPortFolioSIO\Collab
INFO [org.netbeans.modules.autoupdate.services.InstallManager]: Declared target cluster java in Java Support APIs[org.netbeans.api.java/1.87] wasn't found or was read only. Will be used C:\Users\lukas.godayol-bonay\Desktop\Semestre2\M.Gil\MonPortFolioSIO\Collab
INFO [org.netbeans.modules.autoupdate.services.InstallManager]: Declared target cluster java in Java Code Completion[org.netbeans.modules.java.completion/2.6.0.2] wasn't found or was read only. Will be used C:\Users\lukas.godayol-bonay\Desktop\Semestre2\M.Gil\MonPortFolioSIO\Collab
INFO [org.netbeans.modules.autoupdate.services.InstallManager]: Declared target cluster enterprise in Oracle Cloud Infrastructure[org.netbeans.modules.cloud.oracle/1.7] wasn't found or was read only. Will be used C:\Users\lukas.godayol-bonay\Desktop\Semestre2\M.Gil\MonPortFolioSIO\Collab
INFO [org.netbeans.modules.autoupdate.services.InstallManager]: Declared target cluster enterprise in Java EE Server Registry[org.netbeans.modules.j2eeserver/1.132.0.1] wasn't found or was read only. Will be used C:\Users\lukas.godayol-bonay\Desktop\Semestre2\M.Gil\MonPortFolioSIO\Collab
INFO [org.netbeans.modules.autoupdate.services.InstallManager]: Declared target cluster java in JUnit Tests[org.netbeans.modules.junit/2.95] wasn't found or was read only. Will be used C:\Users\lukas.godayol-bonay\Desktop\Semestre2\M.Gil\MonPortFolioSIO\Collab
INFO [org.netbeans.modules.autoupdate.services.InstallManager]: Declared target cluster enterprise in Payara Jakarta EE[org.netbeans.modules.payara.jakartaee/2.16] wasn't found or was read only. Will be used C:\Users\lukas.godayol-bonay\Desktop\Semestre2\M.Gil\MonPortFolioSIO\Collab
INFO [org.netbeans.modules.autoupdate.services.InstallManager]: Declared target cluster java in Java Project Support UI[org.netbeans.modules.java.project.ui/1.96] wasn't found or was read only. Will be used C:\Users\lukas.godayol-bonay\Desktop\Semestre2\M.Gil\MonPortFolioSIO\Collab
INFO [org.netbeans.modules.autoupdate.services.InstallManager]: Declared target cluster enterprise in Java EE Shared Project APIs[org.netbeans.modules.javaee.project/1.40] wasn't found or was read only. Will be used C:\Users\lukas.godayol-bonay\Desktop\Semestre2\M.Gil\MonPortFolioSIO\Collab
INFO [org.netbeans.modules.autoupdate.services.InstallManager]: Declared target cluster java in Java Lexer[org.netbeans.modules.java.lexer/1.56] wasn't found or was read only. Will be used C:\Users\lukas.godayol-bonay\Desktop\Semestre2\M.Gil\MonPortFolioSIO\Collab
INFO [org.netbeans.modules.autoupdate.services.InstallManager]: Declared target cluster java in Java Source Base[org.netbeans.modules.java.source.base/2.62.0.6.4.3.8.1] wasn't found or was read only. Will be used C:\Users\lukas.godayol-bonay\Desktop\Semestre2\M.Gil\MonPortFolioSIO\Collab
INFO [org.netbeans.modules.autoupdate.services.InstallManager]: Declared target cluster enterprise in EjbJar APIs[org.netbeans.modules.j2ee.api.ejbmodule/1.58] wasn't found or was read only. Will be used C:\Users\lukas.godayol-bonay\Desktop\Semestre2\M.Gil\MonPortFolioSIO\Collab
INFO [org.netbeans.modules.autoupdate.services.InstallManager]: Declared target cluster java in Database Schema (JDBC Implementation)[org.netbeans.modules.dbschema/1.62.0.4.30] wasn't found or was read only. Will be used C:\Users\lukas.godayol-bonay\Desktop\Semestre2\M.Gil\MonPortFolioSIO\Collab
INFO [org.netbeans.modules.autoupdate.services.InstallManager]: Declared target cluster enterprise in JAX-WS Models[org.netbeans.modules.websvc.jaxwsmodel/1.51] wasn't found or was read only. Will be used C:\Users\lukas.godayol-bonay\Desktop\Semestre2\M.Gil\MonPortFolioSIO\Collab
INFO [org.netbeans.modules.autoupdate.services.InstallManager]: Declared target cluster java in Corba OMG API Wrapper[org.netbeans.modules.libs.corba.omgapi/1.16] wasn't found or was read only. Will be used C:\Users\lukas.godayol-bonay\Desktop\Semestre2\M.Gil\MonPortFolioSIO\Collab
INFO [org.netbeans.modules.autoupdate.services.InstallManager]: Declared target cluster enterprise in GlassFish EE Common[org.netbeans.modules.glassfish.eecommon/1.58.0.1.1] wasn't found or was read only. Will be used C:\Users\lukas.godayol-bonay\Desktop\Semestre2\M.Gil\MonPortFolioSIO\Collab
INFO [org.netbeans.modules.autoupdate.services.InstallManager]: Declared target cluster java in Classfile Reader[org.netbeans.modules.classfile/1.73] wasn't found or was read only. Will be used C:\Users\lukas.godayol-bonay\Desktop\Semestre2\M.Gil\MonPortFolioSIO\Collab
INFO [org.netbeans.modules.autoupdate.services.InstallManager]: Declared target cluster java in Maven Repository Indexing UI[org.netbeans.modules.maven.indexer.ui/2.55] wasn't found or was read only. Will be used C:\Users\lukas.godayol-bonay\Desktop\Semestre2\M.Gil\MonPortFolioSIO\Collab
INFO [org.netbeans.modules.autoupdate.services.InstallManager]: Declared target cluster enterprise in Web APIs[org.netbeans.api.web.webmodule/1.59] wasn't found or was read only. Will be used C:\Users\lukas.godayol-bonay\Desktop\Semestre2\M.Gil\MonPortFolioSIO\Collab
INFO [org.netbeans.modules.autoupdate.services.InstallManager]: Declared target cluster java in Maven Projects[org.netbeans.modules.maven/2.159.0.1.1] wasn't found or was read only. Will be used C:\Users\lukas.godayol-bonay\Desktop\Semestre2\M.Gil\MonPortFolioSIO\Collab
INFO [org.netbeans.modules.autoupdate.services.InstallManager]: Declared target cluster java in JPDA Debugger API[org.netbeans.api.debugger.jpda/3.31] wasn't found or was read only. Will be used C:\Users\lukas.godayol-bonay\Desktop\Semestre2\M.Gil\MonPortFolioSIO\Collab
INFO [org.netbeans.modules.autoupdate.services.InstallManager]: Declared target cluster enterprise in WildFly Application Server[org.netbeans.modules.javaee.wildfly/2.13] wasn't found or was read only. Will be used C:\Users\lukas.godayol-bonay\Desktop\Semestre2\M.Gil\MonPortFolioSIO\Collab
INFO [org.netbeans.modules.autoupdate.services.InstallManager]: Declared target cluster java in Java Hints SPI[org.netbeans.spi.java.hints/1.54.0.13.4.3.32.6.8] wasn't found or was read only. Will be used C:\Users\lukas.godayol-bonay\Desktop\Semestre2\M.Gil\MonPortFolioSIO\Collab
INFO [org.netbeans.modules.autoupdate.services.InstallManager]: Declared target cluster enterprise in sun-* DD GUI Editors[org.netbeans.modules.j2ee.sun.ddui/1.57.0.1.1] wasn't found or was read only. Will be used C:\Users\lukas.godayol-bonay\Desktop\Semestre2\M.Gil\MonPortFolioSIO\Collab
INFO [org.netbeans.modules.autoupdate.services.InstallManager]: Declared target cluster enterprise in Cloud Common[org.netbeans.modules.cloud.common/1.32] wasn't found or was read only. Will be used C:\Users\lukas.godayol-bonay\Desktop\Semestre2\M.Gil\MonPortFolioSIO\Collab
INFO [org.netbeans.modules.autoupdate.services.InstallManager]: Declared target cluster java in Injection Query API[org.netbeans.modules.javaee.injection/1.27] wasn't found or was read only. Will be used C:\Users\lukas.godayol-bonay\Desktop\Semestre2\M.Gil\MonPortFolioSIO\Collab
INFO [org.netbeans.modules.autoupdate.services.InstallManager]: Declared target cluster enterprise in Servlet/JSP API[org.netbeans.modules.servletjspapi/1.51.0.25] wasn't found or was read only. Will be used C:\Users\lukas.godayol-bonay\Desktop\Semestre2\M.Gil\MonPortFolioSIO\Collab
INFO [org.netbeans.modules.autoupdate.services.InstallManager]: Declared target cluster java in Java Testrunner[org.netbeans.modules.java.testrunner/1.41] wasn't found or was read only. Will be used C:\Users\lukas.godayol-bonay\Desktop\Semestre2\M.Gil\MonPortFolioSIO\Collab
INFO [org.netbeans.modules.autoupdate.services.InstallManager]: Declared target cluster enterprise in GlassFish Commons Logging Integration[org.netbeans.libs.glassfish_logging/1.46.0.20] wasn't found or was read only. Will be used C:\Users\lukas.godayol-bonay\Desktop\Semestre2\M.Gil\MonPortFolioSIO\Collab
INFO [org.netbeans.modules.autoupdate.services.InstallManager]: Declared target cluster enterprise in RESTful Web Service Libraries[org.netbeans.modules.websvc.restlib/2.29] wasn't found or was read only. Will be used C:\Users\lukas.godayol-bonay\Desktop\Semestre2\M.Gil\MonPortFolioSIO\Collab
INFO [org.netbeans.modules.autoupdate.services.InstallManager]: Declared target cluster enterprise in Payara Common[org.netbeans.modules.payara.common/2.16] wasn't found or was read only. Will be used C:\Users\lukas.godayol-bonay\Desktop\Semestre2\M.Gil\MonPortFolioSIO\Collab
INFO [org.netbeans.modules.autoupdate.services.InstallManager]: Declared target cluster java in Maven Embedder[org.netbeans.modules.maven.embedder/2.75] wasn't found or was read only. Will be used C:\Users\lukas.godayol-bonay\Desktop\Semestre2\M.Gil\MonPortFolioSIO\Collab
INFO [org.netbeans.modules.autoupdate.services.InstallManager]: Declared target cluster enterprise in Web Service Client SPI/API[org.netbeans.modules.websvc.clientapi/1.53] wasn't found or was read only. Will be used C:\Users\lukas.godayol-bonay\Desktop\Semestre2\M.Gil\MonPortFolioSIO\Collab
INFO [org.netbeans.modules.autoupdate.services.InstallManager]: Declared target cluster enterprise in JSP Parser[org.netbeans.modules.web.jspparser/3.50] wasn't found or was read only. Will be used C:\Users\lukas.godayol-bonay\Desktop\Semestre2\M.Gil\MonPortFolioSIO\Collab
INFO [org.netbeans.modules.autoupdate.services.InstallManager]: Declared target cluster enterprise in J2EE Support Utilities[org.netbeans.modules.j2ee.common/1.124] wasn't found or was read only. Will be used C:\Users\lukas.godayol-bonay\Desktop\Semestre2\M.Gil\MonPortFolioSIO\Collab
INFO [org.netbeans.modules.autoupdate.services.InstallManager]: Declared target cluster java in SaaS Services Code Generation for Java[org.netbeans.modules.websvc.saas.codegen.java/1.51] wasn't found or was read only. Will be used C:\Users\lukas.godayol-bonay\Desktop\Semestre2\M.Gil\MonPortFolioSIO\Collab
INFO [org.netbeans.modules.autoupdate.services.InstallManager]: Declared target cluster java in Java Persistence API Support[org.netbeans.modules.j2ee.persistence/1.76.0.1] wasn't found or was read only. Will be used C:\Users\lukas.godayol-bonay\Desktop\Semestre2\M.Gil\MonPortFolioSIO\Collab
INFO [org.netbeans.modules.autoupdate.services.InstallManager]: Declared target cluster java in The nb-javac Java editing support library[org.netbeans.libs.nbjavacapi/20.1] wasn't found or was read only. Will be used C:\Users\lukas.godayol-bonay\Desktop\Semestre2\M.Gil\MonPortFolioSIO\Collab
INFO [org.netbeans.modules.autoupdate.services.InstallManager]: Declared target cluster java in NetBeans Javac Library[org.netbeans.lib.nbjavac/1.37.0.4.3] wasn't found or was read only. Will be used C:\Users\lukas.godayol-bonay\Desktop\Semestre2\M.Gil\MonPortFolioSIO\Collab
INFO [org.netbeans.modules.autoupdate.services.InstallManager]: Declared target cluster java in JAX-WS API[org.netbeans.modules.websvc.jaxws21api/1.53] wasn't found or was read only. Will be used C:\Users\lukas.godayol-bonay\Desktop\Semestre2\M.Gil\MonPortFolioSIO\Collab
INFO [org.netbeans.modules.autoupdate.services.InstallManager]: Declared target cluster enterprise in J2EE Deployment and Management APIs[org.netbeans.modules.j2eeapis/1.53] wasn't found or was read only. Will be used C:\Users\lukas.godayol-bonay\Desktop\Semestre2\M.Gil\MonPortFolioSIO\Collab
INFO [org.netbeans.modules.autoupdate.services.InstallManager]: Declared target cluster java in KO for Java Inspection[org.netbeans.modules.ko4j.debugging/1.23] wasn't found or was read only. Will be used C:\Users\lukas.godayol-bonay\Desktop\Semestre2\M.Gil\MonPortFolioSIO\Collab
INFO [org.netbeans.modules.autoupdate.services.InstallManager]: Declared target cluster java in Java Platform UI[org.netbeans.modules.java.platform.ui/1.63] wasn't found or was read only. Will be used C:\Users\lukas.godayol-bonay\Desktop\Semestre2\M.Gil\MonPortFolioSIO\Collab
INFO [org.netbeans.modules.autoupdate.services.InstallManager]: Declared target cluster enterprise in JSF API[org.netbeans.modules.web.jsfapi/2.0.0] wasn't found or was read only. Will be used C:\Users\lukas.godayol-bonay\Desktop\Semestre2\M.Gil\MonPortFolioSIO\Collab
INFO [org.netbeans.modules.autoupdate.services.InstallManager]: Declared target cluster java in Java Source[org.netbeans.modules.java.source/0.186.0.32.4.3.6.1] wasn't found or was read only. Will be used C:\Users\lukas.godayol-bonay\Desktop\Semestre2\M.Gil\MonPortFolioSIO\Collab
INFO [org.netbeans.modules.autoupdate.services.InstallManager]: Declared target cluster java in JAX-WS 2.3 Library[org.netbeans.modules.websvc.jaxws21/1.53] wasn't found or was read only. Will be used C:\Users\lukas.godayol-bonay\Desktop\Semestre2\M.Gil\MonPortFolioSIO\Collab
INFO [org.netbeans.modules.autoupdate.services.InstallManager]: Declared target cluster enterprise in GlassFish Application Server Common APIs[org.netbeans.modules.j2ee.sun.appsrv/1.56.0.1] wasn't found or was read only. Will be used C:\Users\lukas.godayol-bonay\Desktop\Semestre2\M.Gil\MonPortFolioSIO\Collab
INFO [org.netbeans.modules.autoupdate.services.InstallManager]: Declared target cluster enterprise in Web Projects[org.netbeans.modules.web.project/1.95.0.1] wasn't found or was read only. Will be used C:\Users\lukas.godayol-bonay\Desktop\Semestre2\M.Gil\MonPortFolioSIO\Collab
INFO [org.netbeans.modules.autoupdate.services.InstallManager]: Declared target cluster enterprise in Maven Java EE[org.netbeans.modules.maven.j2ee/1.82] wasn't found or was read only. Will be used C:\Users\lukas.godayol-bonay\Desktop\Semestre2\M.Gil\MonPortFolioSIO\Collab
INFO [org.netbeans.modules.autoupdate.services.InstallManager]: Declared target cluster enterprise in Web Services Project API[org.netbeans.modules.websvc.projectapi/1.43] wasn't found or was read only. Will be used C:\Users\lukas.godayol-bonay\Desktop\Semestre2\M.Gil\MonPortFolioSIO\Collab
INFO [org.netbeans.modules.autoupdate.services.InstallManager]: Declared target cluster enterprise in Amazon Elastic Beanstalk[org.netbeans.modules.cloud.amazon/1.33] wasn't found or was read only. Will be used C:\Users\lukas.godayol-bonay\Desktop\Semestre2\M.Gil\MonPortFolioSIO\Collab
INFO [org.netbeans.modules.autoupdate.services.InstallManager]: Declared target cluster java in Java Project Support[org.netbeans.modules.java.project/1.93] wasn't found or was read only. Will be used C:\Users\lukas.godayol-bonay\Desktop\Semestre2\M.Gil\MonPortFolioSIO\Collab
INFO [org.netbeans.modules.autoupdate.services.InstallManager]: Declared target cluster enterprise in RESTful Web Service Support[org.netbeans.modules.websvc.rest/1.51] wasn't found or was read only. Will be used C:\Users\lukas.godayol-bonay\Desktop\Semestre2\M.Gil\MonPortFolioSIO\Collab
INFO [org.netbeans.modules.autoupdate.services.InstallManager]: Declared target cluster java in Java Persistence API Support API[org.netbeans.modules.j2ee.persistenceapi/1.57.0.1] wasn't found or was read only. Will be used C:\Users\lukas.godayol-bonay\Desktop\Semestre2\M.Gil\MonPortFolioSIO\Collab
INFO [org.netbeans.modules.autoupdate.services.InstallManager]: Declared target cluster java in Java Refactoring[org.netbeans.modules.refactoring.java/1.83.0.1.3] wasn't found or was read only. Will be used C:\Users\lukas.godayol-bonay\Desktop\Semestre2\M.Gil\MonPortFolioSIO\Collab
INFO [org.netbeans.modules.autoupdate.services.InstallManager]: Declared target cluster enterprise in GlassFish Common[org.netbeans.modules.glassfish.common/1.95] wasn't found or was read only. Will be used C:\Users\lukas.godayol-bonay\Desktop\Semestre2\M.Gil\MonPortFolioSIO\Collab
INFO [org.netbeans.modules.autoupdate.services.InstallManager]: Declared target cluster enterprise in Web Services Core[org.netbeans.modules.websvc.core/1.65.0.1.4] wasn't found or was read only. Will be used C:\Users\lukas.godayol-bonay\Desktop\Semestre2\M.Gil\MonPortFolioSIO\Collab
INFO [org.netbeans.modules.autoupdate.services.InstallManager]: Declared target cluster java in Java Source UI[org.netbeans.modules.java.sourceui/1.69.0.2.4.3.32.6] wasn't found or was read only. Will be used C:\Users\lukas.godayol-bonay\Desktop\Semestre2\M.Gil\MonPortFolioSIO\Collab
INFO [org.netbeans.modules.autoupdate.services.InstallManager]: Declared target cluster enterprise in sun-* DD API[org.netbeans.modules.j2ee.sun.dd/1.54.0.1] wasn't found or was read only. Will be used C:\Users\lukas.godayol-bonay\Desktop\Semestre2\M.Gil\MonPortFolioSIO\Collab
INFO [org.netbeans.modules.autoupdate.services.InstallManager]: Declared target cluster enterprise in WS Stack API[org.netbeans.modules.websvc.wsstackapi/1.44] wasn't found or was read only. Will be used C:\Users\lukas.godayol-bonay\Desktop\Semestre2\M.Gil\MonPortFolioSIO\Collab
INFO [org.netbeans.modules.autoupdate.services.InstallManager]: Declared target cluster enterprise in Payara Tooling[org.netbeans.modules.payara.tooling/2.16] wasn't found or was read only. Will be used C:\Users\lukas.godayol-bonay\Desktop\Semestre2\M.Gil\MonPortFolioSIO\Collab
INFO [org.netbeans.modules.autoupdate.services.InstallManager]: Declared target cluster java in Java Editor Base[org.netbeans.modules.java.editor.base/2.86.0.1] wasn't found or was read only. Will be used C:\Users\lukas.godayol-bonay\Desktop\Semestre2\M.Gil\MonPortFolioSIO\Collab
INFO [org.netbeans.modules.autoupdate.services.InstallManager]: Declared target cluster enterprise in Web Services Deployment Descriptor API[org.netbeans.modules.j2ee.dd.webservice/1.52] wasn't found or was read only. Will be used C:\Users\lukas.godayol-bonay\Desktop\Semestre2\M.Gil\MonPortFolioSIO\Collab
INFO [org.netbeans.modules.autoupdate.services.InstallManager]: Declared target cluster enterprise in Web Services Utilities[org.netbeans.modules.websvc.utilities/1.46] wasn't found or was read only. Will be used C:\Users\lukas.godayol-bonay\Desktop\Semestre2\M.Gil\MonPortFolioSIO\Collab
INFO [org.netbeans.modules.autoupdate.services.InstallManager]: Declared target cluster java in Java Editor[org.netbeans.modules.java.editor/2.89.0.12.1.1.1] wasn't found or was read only. Will be used C:\Users\lukas.godayol-bonay\Desktop\Semestre2\M.Gil\MonPortFolioSIO\Collab
INFO [org.netbeans.modules.autoupdate.services.InstallManager]: Declared target cluster java in Java EE Metadata[org.netbeans.modules.j2ee.metadata/1.53] wasn't found or was read only. Will be used C:\Users\lukas.godayol-bonay\Desktop\Semestre2\M.Gil\MonPortFolioSIO\Collab
INFO [org.netbeans.modules.autoupdate.services.InstallManager]: Declared target cluster enterprise in RESTful Web Service Support API/SPI[org.netbeans.modules.websvc.restapi/1.57] wasn't found or was read only. Will be used C:\Users\lukas.godayol-bonay\Desktop\Semestre2\M.Gil\MonPortFolioSIO\Collab
INFO [org.netbeans.modules.autoupdate.services.InstallManager]: Declared target cluster enterprise in GlassFish Tooling[org.netbeans.modules.glassfish.tooling/1.28] wasn't found or was read only. Will be used C:\Users\lukas.godayol-bonay\Desktop\Semestre2\M.Gil\MonPortFolioSIO\Collab
INFO [org.netbeans.modules.autoupdate.services.InstallManager]: Declared target cluster java in Preprocessor Bridge[org.netbeans.modules.java.preprocessorbridge/1.70.0.1] wasn't found or was read only. Will be used C:\Users\lukas.godayol-bonay\Desktop\Semestre2\M.Gil\MonPortFolioSIO\Collab
INFO [org.netbeans.modules.autoupdate.services.InstallManager]: Declared target cluster java in Java EE Metadata Model Support[org.netbeans.modules.j2ee.metadata.model.support/1.52] wasn't found or was read only. Will be used C:\Users\lukas.godayol-bonay\Desktop\Semestre2\M.Gil\MonPortFolioSIO\Collab
INFO [org.netbeans.modules.autoupdate.services.InstallManager]: Declared target cluster enterprise in Java EE Core APIs[org.netbeans.modules.j2ee.core/1.46] wasn't found or was read only. Will be used C:\Users\lukas.godayol-bonay\Desktop\Semestre2\M.Gil\MonPortFolioSIO\Collab
INFO [org.netbeans.modules.autoupdate.services.InstallManager]: Declared target cluster enterprise in Jackson Library[org.netbeans.libs.jackson/2.19] wasn't found or was read only. Will be used C:\Users\lukas.godayol-bonay\Desktop\Semestre2\M.Gil\MonPortFolioSIO\Collab
INFO [org.netbeans.modules.autoupdate.services.InstallManager]: Declared target cluster enterprise in Web Services Manager[org.netbeans.modules.websvc.manager/1.49] wasn't found or was read only. Will be used C:\Users\lukas.godayol-bonay\Desktop\Semestre2\M.Gil\MonPortFolioSIO\Collab
INFO [org.netbeans.modules.autoupdate.services.InstallManager]: Declared target cluster java in Java EE Core Utilities[org.netbeans.modules.j2ee.core.utilities/1.55] wasn't found or was read only. Will be used C:\Users\lukas.godayol-bonay\Desktop\Semestre2\M.Gil\MonPortFolioSIO\Collab
INFO [org.netbeans.modules.autoupdate.services.InstallManager]: Declared target cluster java in Maven Repository Indexing[org.netbeans.modules.maven.indexer/2.61] wasn't found or was read only. Will be used C:\Users\lukas.godayol-bonay\Desktop\Semestre2\M.Gil\MonPortFolioSIO\Collab
INFO [org.netbeans.modules.autoupdate.services.InstallManager]: Declared target cluster java in Java Source to Ant Bindings[org.netbeans.modules.java.source.ant/1.52.0.1.6] wasn't found or was read only. Will be used C:\Users\lukas.godayol-bonay\Desktop\Semestre2\M.Gil\MonPortFolioSIO\Collab
INFO [org.netbeans.modules.autoupdate.services.InstallManager]: Declared target cluster enterprise in JAX-RPC service provider SPI/API[org.netbeans.modules.websvc.websvcapi/1.52] wasn't found or was read only. Will be used C:\Users\lukas.godayol-bonay\Desktop\Semestre2\M.Gil\MonPortFolioSIO\Collab
INFO [org.netbeans.modules.autoupdate.services.InstallManager]: Declared target cluster enterprise in Payara Micro[org.netbeans.modules.payara.micro/2.16] wasn't found or was read only. Will be used C:\Users\lukas.godayol-bonay\Desktop\Semestre2\M.Gil\MonPortFolioSIO\Collab
INFO [org.netbeans.modules.autoupdate.services.InstallManager]: Declared target cluster java in Java Platform[org.netbeans.modules.java.platform/1.63] wasn't found or was read only. Will be used C:\Users\lukas.godayol-bonay\Desktop\Semestre2\M.Gil\MonPortFolioSIO\Collab
INFO [org.netbeans.modules.autoupdate.services.InstallManager]: Declared target cluster java in Whitelist Support[org.netbeans.modules.whitelist/1.44] wasn't found or was read only. Will be used C:\Users\lukas.godayol-bonay\Desktop\Semestre2\M.Gil\MonPortFolioSIO\Collab
INFO [org.netbeans.modules.autoupdate.services.InstallManager]: Declared target cluster enterprise in GlassFish Java EE[org.netbeans.modules.glassfish.javaee/1.62] wasn't found or was read only. Will be used C:\Users\lukas.godayol-bonay\Desktop\Semestre2\M.Gil\MonPortFolioSIO\Collab
INFO [org.netbeans.modules.autoupdate.services.InstallManager]: Declared target cluster java in Javac API Wrapper[org.netbeans.libs.javacapi/8.45.0.3] wasn't found or was read only. Will be used C:\Users\lukas.godayol-bonay\Desktop\Semestre2\M.Gil\MonPortFolioSIO\Collab
INFO [org.netbeans.modules.autoupdate.services.InstallManager]: Declared target cluster java in EclipseLink (JPA 2.2)[org.netbeans.modules.j2ee.eclipselink/1.53] wasn't found or was read only. Will be used C:\Users\lukas.godayol-bonay\Desktop\Semestre2\M.Gil\MonPortFolioSIO\Collab
INFO [org.netbeans.modules.autoupdate.services.InstallManager]: Declared target cluster java in TesNG Support UI[org.netbeans.modules.testng.ui/1.30] wasn't found or was read only. Will be used C:\Users\lukas.godayol-bonay\Desktop\Semestre2\M.Gil\MonPortFolioSIO\Collab
INFO [org.netbeans.modules.autoupdate.services.InstallManager]: Declared target cluster java in Maven TestNG Support[org.netbeans.modules.testng.maven/2.37] wasn't found or was read only. Will be used C:\Users\lukas.godayol-bonay\Desktop\Semestre2\M.Gil\MonPortFolioSIO\Collab
INFO [org.netbeans.modules.autoupdate.services.InstallManager]: Declared target cluster java in JUnit Tests UI[org.netbeans.modules.junit.ui/1.28] wasn't found or was read only. Will be used C:\Users\lukas.godayol-bonay\Desktop\Semestre2\M.Gil\MonPortFolioSIO\Collab
INFO [org.netbeans.modules.autoupdate.services.InstallManager]: Declared target cluster java in Selenium 2 Maven Support[org.netbeans.modules.selenium2.maven/1.23] wasn't found or was read only. Will be used C:\Users\lukas.godayol-bonay\Desktop\Semestre2\M.Gil\MonPortFolioSIO\Collab
INFO [org.netbeans.modules.autoupdate.services.InstallManager]: Declared target cluster enterprise in REST HTML5 Client[org.netbeans.modules.web.client.rest/1.35] wasn't found or was read only. Will be used C:\Users\lukas.godayol-bonay\Desktop\Semestre2\M.Gil\MonPortFolioSIO\Collab
INFO [org.netbeans.modules.autoupdate.services.InstallManager]: Declared target cluster java in Java Testrunner UI[org.netbeans.modules.java.testrunner.ui/1.25] wasn't found or was read only. Will be used C:\Users\lukas.godayol-bonay\Desktop\Semestre2\M.Gil\MonPortFolioSIO\Collab
INFO [org.netbeans.modules.autoupdate.services.InstallManager]: Declared target cluster java in Ant Hints[org.netbeans.modules.ant.hints/1.15] wasn't found or was read only. Will be used C:\Users\lukas.godayol-bonay\Desktop\Semestre2\M.Gil\MonPortFolioSIO\Collab
INFO [org.netbeans.modules.autoupdate.services.InstallManager]: Declared target cluster java in Editor Support for HTML/Java API[org.netbeans.modules.editor.htmlui/1.20] wasn't found or was read only. Will be used C:\Users\lukas.godayol-bonay\Desktop\Semestre2\M.Gil\MonPortFolioSIO\Collab
INFO [org.netbeans.modules.autoupdate.services.InstallManager]: Declared target cluster java in Java Code Metrics[org.netbeans.modules.java.metrics/1.29] wasn't found or was read only. Will be used C:\Users\lukas.godayol-bonay\Desktop\Semestre2\M.Gil\MonPortFolioSIO\Collab
INFO [org.netbeans.modules.autoupdate.services.InstallManager]: Declared target cluster java in Maven Persistence[org.netbeans.modules.maven.persistence/1.50] wasn't found or was read only. Will be used C:\Users\lukas.godayol-bonay\Desktop\Semestre2\M.Gil\MonPortFolioSIO\Collab
INFO [org.netbeans.modules.autoupdate.services.InstallManager]: Declared target cluster java in Spellchecker Java Language Bindings[org.netbeans.modules.spellchecker.bindings.java/1.51] wasn't found or was read only. Will be used C:\Users\lukas.godayol-bonay\Desktop\Semestre2\M.Gil\MonPortFolioSIO\Collab
INFO [org.netbeans.modules.autoupdate.services.InstallManager]: Declared target cluster java in TestNG Support[org.netbeans.modules.testng/2.41] wasn't found or was read only. Will be used C:\Users\lukas.godayol-bonay\Desktop\Semestre2\M.Gil\MonPortFolioSIO\Collab
INFO [org.netbeans.modules.autoupdate.services.InstallManager]: Declared target cluster java in Selenium 2 Java Support[org.netbeans.modules.selenium2.java/1.23] wasn't found or was read only. Will be used C:\Users\lukas.godayol-bonay\Desktop\Semestre2\M.Gil\MonPortFolioSIO\Collab
INFO [org.netbeans.modules.autoupdate.services.InstallManager]: Declared target cluster java in Maven JUnit[org.netbeans.modules.maven.junit/1.55] wasn't found or was read only. Will be used C:\Users\lukas.godayol-bonay\Desktop\Semestre2\M.Gil\MonPortFolioSIO\Collab
INFO [org.netbeans.modules.autoupdate.services.InstallManager]: Declared target cluster java in Maven Hints[org.netbeans.modules.maven.hints/1.61] wasn't found or was read only. Will be used C:\Users\lukas.godayol-bonay\Desktop\Semestre2\M.Gil\MonPortFolioSIO\Collab
INFO [org.netbeans.modules.autoupdate.services.InstallManager]: Declared target cluster java in Hudson Ant Project Support[org.netbeans.modules.hudson.ant/1.48] wasn't found or was read only. Will be used C:\Users\lukas.godayol-bonay\Desktop\Semestre2\M.Gil\MonPortFolioSIO\Collab
INFO [org.netbeans.modules.autoupdate.services.InstallManager]: Declared target cluster java in Maven Hudson[org.netbeans.modules.hudson.maven/1.50] wasn't found or was read only. Will be used C:\Users\lukas.godayol-bonay\Desktop\Semestre2\M.Gil\MonPortFolioSIO\Collab
INFO [org.netbeans.modules.autoupdate.services.InstallManager]: Declared target cluster java in JPDA Debugger Ant Task[org.netbeans.modules.debugger.jpda.ant/1.59] wasn't found or was read only. Will be used C:\Users\lukas.godayol-bonay\Desktop\Semestre2\M.Gil\MonPortFolioSIO\Collab
INFO [org.netbeans.modules.autoupdate.services.InstallManager]: Declared target cluster java in Java Common Project API[org.netbeans.modules.java.api.common/1.144] wasn't found or was read only. Will be used C:\Users\lukas.godayol-bonay\Desktop\Semestre2\M.Gil\MonPortFolioSIO\Collab
INFO [org.netbeans.modules.autoupdate.services.InstallManager]: Declared target cluster java in Web Browser Ant Task[org.netbeans.modules.ant.browsetask/1.61] wasn't found or was read only. Will be used C:\Users\lukas.godayol-bonay\Desktop\Semestre2\M.Gil\MonPortFolioSIO\Collab
INFO [org.netbeans.modules.autoupdate.services.InstallManager]: Declared target cluster java in Legacy Java Hints SPI[org.netbeans.modules.java.hints.legacy.spi/1.37.0.1.13] wasn't found or was read only. Will be used C:\Users\lukas.godayol-bonay\Desktop\Semestre2\M.Gil\MonPortFolioSIO\Collab
INFO [org.netbeans.modules.autoupdate.services.InstallManager]: Declared target cluster java in Java SE Platforms and Libraries[org.netbeans.modules.java.j2seplatform/1.64] wasn't found or was read only. Will be used C:\Users\lukas.godayol-bonay\Desktop\Semestre2\M.Gil\MonPortFolioSIO\Collab
INFO [org.netbeans.modules.autoupdate.services.InstallManager]: Declared target cluster enterprise in Java EE Specifications Support[org.netbeans.modules.javaee.specs.support/1.46] wasn't found or was read only. Will be used C:\Users\lukas.godayol-bonay\Desktop\Semestre2\M.Gil\MonPortFolioSIO\Collab
INFO [org.netbeans.modules.autoupdate.services.InstallManager]: Declared target cluster java in Java OpenJDK Distributions Discovery[org.netbeans.modules.java.disco/2.5] wasn't found or was read only. Will be used C:\Users\lukas.godayol-bonay\Desktop\Semestre2\M.Gil\MonPortFolioSIO\Collab
INFO [org.netbeans.modules.autoupdate.services.InstallManager]: Declared target cluster javafx in DukeScript Project Wizard[org.netbeans.modules.maven.htmlui/1.21] wasn't found or was read only. Will be used C:\Users\lukas.godayol-bonay\Desktop\Semestre2\M.Gil\MonPortFolioSIO\Collab
INFO [org.netbeans.modules.autoupdate.services.InstallManager]: Declared target cluster enterprise in JAX-WS service provider SPI/API[org.netbeans.modules.websvc.jaxwsapi/1.47] wasn't found or was read only. Will be used C:\Users\lukas.godayol-bonay\Desktop\Semestre2\M.Gil\MonPortFolioSIO\Collab
INFO [org.netbeans.modules.autoupdate.services.InstallManager]: Declared target cluster enterprise in Payara EE Common[org.netbeans.modules.payara.eecommon/2.17.0.1.1] wasn't found or was read only. Will be used C:\Users\lukas.godayol-bonay\Desktop\Semestre2\M.Gil\MonPortFolioSIO\Collab
INFO [org.netbeans.modules.autoupdate.services.InstallManager]: Declared target cluster java in Maven Editor Model[org.netbeans.modules.maven.model/1.65] wasn't found or was read only. Will be used C:\Users\lukas.godayol-bonay\Desktop\Semestre2\M.Gil\MonPortFolioSIO\Collab
INFO [org.netbeans.modules.autoupdate.services.InstallManager]: Declared target cluster enterprise in J2EE DD API[org.netbeans.modules.j2ee.dd/1.61.0.2] wasn't found or was read only. Will be used C:\Users\lukas.godayol-bonay\Desktop\Semestre2\M.Gil\MonPortFolioSIO\Collab
INFO [org.netbeans.modules.autoupdate.services.InstallManager]: Declared target cluster enterprise in Tomcat (TomEE)[org.netbeans.modules.tomcat5/1.63] wasn't found or was read only. Will be used C:\Users\lukas.godayol-bonay\Desktop\Semestre2\M.Gil\MonPortFolioSIO\Collab
INFO [org.netbeans.modules.autoupdate.services.InstallManager]: Declared target cluster enterprise in Amazon SDK[org.netbeans.libs.amazon/1.31] wasn't found or was read only. Will be used C:\Users\lukas.godayol-bonay\Desktop\Semestre2\M.Gil\MonPortFolioSIO\Collab
INFO [org.netbeans.modules.autoupdate.services.InstallManager]: Declared target cluster java in Java Support APIs[org.netbeans.api.java/1.87] wasn't found or was read only. Will be used C:\Users\lukas.godayol-bonay\Desktop\Semestre2\M.Gil\MonPortFolioSIO\Collab
INFO [org.netbeans.modules.autoupdate.services.InstallManager]: Declared target cluster java in Java Code Completion[org.netbeans.modules.java.completion/2.6.0.2] wasn't found or was read only. Will be used C:\Users\lukas.godayol-bonay\Desktop\Semestre2\M.Gil\MonPortFolioSIO\Collab
INFO [org.netbeans.modules.autoupdate.services.InstallManager]: Declared target cluster enterprise in Oracle Cloud Infrastructure[org.netbeans.modules.cloud.oracle/1.7] wasn't found or was read only. Will be used C:\Users\lukas.godayol-bonay\Desktop\Semestre2\M.Gil\MonPortFolioSIO\Collab
INFO [org.netbeans.modules.autoupdate.services.InstallManager]: Declared target cluster enterprise in Java EE Server Registry[org.netbeans.modules.j2eeserver/1.132.0.1] wasn't found or was read only. Will be used C:\Users\lukas.godayol-bonay\Desktop\Semestre2\M.Gil\MonPortFolioSIO\Collab
INFO [org.netbeans.modules.autoupdate.services.InstallManager]: Declared target cluster java in JUnit Tests[org.netbeans.modules.junit/2.95] wasn't found or was read only. Will be used C:\Users\lukas.godayol-bonay\Desktop\Semestre2\M.Gil\MonPortFolioSIO\Collab
INFO [org.netbeans.modules.autoupdate.services.InstallManager]: Declared target cluster enterprise in Payara Jakarta EE[org.netbeans.modules.payara.jakartaee/2.16] wasn't found or was read only. Will be used C:\Users\lukas.godayol-bonay\Desktop\Semestre2\M.Gil\MonPortFolioSIO\Collab
INFO [org.netbeans.modules.autoupdate.services.InstallManager]: Declared target cluster java in Java Project Support UI[org.netbeans.modules.java.project.ui/1.96] wasn't found or was read only. Will be used C:\Users\lukas.godayol-bonay\Desktop\Semestre2\M.Gil\MonPortFolioSIO\Collab
INFO [org.netbeans.modules.autoupdate.services.InstallManager]: Declared target cluster enterprise in Java EE Shared Project APIs[org.netbeans.modules.javaee.project/1.40] wasn't found or was read only. Will be used C:\Users\lukas.godayol-bonay\Desktop\Semestre2\M.Gil\MonPortFolioSIO\Collab
INFO [org.netbeans.modules.autoupdate.services.InstallManager]: Declared target cluster java in Java Lexer[org.netbeans.modules.java.lexer/1.56] wasn't found or was read only. Will be used C:\Users\lukas.godayol-bonay\Desktop\Semestre2\M.Gil\MonPortFolioSIO\Collab
INFO [org.netbeans.modules.autoupdate.services.InstallManager]: Declared target cluster java in Java Source Base[org.netbeans.modules.java.source.base/2.62.0.6.4.3.8.1] wasn't found or was read only. Will be used C:\Users\lukas.godayol-bonay\Desktop\Semestre2\M.Gil\MonPortFolioSIO\Collab
INFO [org.netbeans.modules.autoupdate.services.InstallManager]: Declared target cluster enterprise in EjbJar APIs[org.netbeans.modules.j2ee.api.ejbmodule/1.58] wasn't found or was read only. Will be used C:\Users\lukas.godayol-bonay\Desktop\Semestre2\M.Gil\MonPortFolioSIO\Collab
INFO [org.netbeans.modules.autoupdate.services.InstallManager]: Declared target cluster java in Database Schema (JDBC Implementation)[org.netbeans.modules.dbschema/1.62.0.4.30] wasn't found or was read only. Will be used C:\Users\lukas.godayol-bonay\Desktop\Semestre2\M.Gil\MonPortFolioSIO\Collab
INFO [org.netbeans.modules.autoupdate.services.InstallManager]: Declared target cluster enterprise in JAX-WS Models[org.netbeans.modules.websvc.jaxwsmodel/1.51] wasn't found or was read only. Will be used C:\Users\lukas.godayol-bonay\Desktop\Semestre2\M.Gil\MonPortFolioSIO\Collab
INFO [org.netbeans.modules.autoupdate.services.InstallManager]: Declared target cluster java in Corba OMG API Wrapper[org.netbeans.modules.libs.corba.omgapi/1.16] wasn't found or was read only. Will be used C:\Users\lukas.godayol-bonay\Desktop\Semestre2\M.Gil\MonPortFolioSIO\Collab
INFO [org.netbeans.modules.autoupdate.services.InstallManager]: Declared target cluster enterprise in GlassFish EE Common[org.netbeans.modules.glassfish.eecommon/1.58.0.1.1] wasn't found or was read only. Will be used C:\Users\lukas.godayol-bonay\Desktop\Semestre2\M.Gil\MonPortFolioSIO\Collab
INFO [org.netbeans.modules.autoupdate.services.InstallManager]: Declared target cluster java in Classfile Reader[org.netbeans.modules.classfile/1.73] wasn't found or was read only. Will be used C:\Users\lukas.godayol-bonay\Desktop\Semestre2\M.Gil\MonPortFolioSIO\Collab
INFO [org.netbeans.modules.autoupdate.services.InstallManager]: Declared target cluster java in Maven Repository Indexing UI[org.netbeans.modules.maven.indexer.ui/2.55] wasn't found or was read only. Will be used C:\Users\lukas.godayol-bonay\Desktop\Semestre2\M.Gil\MonPortFolioSIO\Collab
INFO [org.netbeans.modules.autoupdate.services.InstallManager]: Declared target cluster enterprise in Web APIs[org.netbeans.api.web.webmodule/1.59] wasn't found or was read only. Will be used C:\Users\lukas.godayol-bonay\Desktop\Semestre2\M.Gil\MonPortFolioSIO\Collab
INFO [org.netbeans.modules.autoupdate.services.InstallManager]: Declared target cluster java in Maven Projects[org.netbeans.modules.maven/2.159.0.1.1] wasn't found or was read only. Will be used C:\Users\lukas.godayol-bonay\Desktop\Semestre2\M.Gil\MonPortFolioSIO\Collab
INFO [org.netbeans.modules.autoupdate.services.InstallManager]: Declared target cluster java in JPDA Debugger API[org.netbeans.api.debugger.jpda/3.31] wasn't found or was read only. Will be used C:\Users\lukas.godayol-bonay\Desktop\Semestre2\M.Gil\MonPortFolioSIO\Collab
INFO [org.netbeans.modules.autoupdate.services.InstallManager]: Declared target cluster enterprise in WildFly Application Server[org.netbeans.modules.javaee.wildfly/2.13] wasn't found or was read only. Will be used C:\Users\lukas.godayol-bonay\Desktop\Semestre2\M.Gil\MonPortFolioSIO\Collab
INFO [org.netbeans.modules.autoupdate.services.InstallManager]: Declared target cluster java in Java Hints SPI[org.netbeans.spi.java.hints/1.54.0.13.4.3.32.6.8] wasn't found or was read only. Will be used C:\Users\lukas.godayol-bonay\Desktop\Semestre2\M.Gil\MonPortFolioSIO\Collab
INFO [org.netbeans.modules.autoupdate.services.InstallManager]: Declared target cluster enterprise in sun-* DD GUI Editors[org.netbeans.modules.j2ee.sun.ddui/1.57.0.1.1] wasn't found or was read only. Will be used C:\Users\lukas.godayol-bonay\Desktop\Semestre2\M.Gil\MonPortFolioSIO\Collab
INFO [org.netbeans.modules.autoupdate.services.InstallManager]: Declared target cluster enterprise in Cloud Common[org.netbeans.modules.cloud.common/1.32] wasn't found or was read only. Will be used C:\Users\lukas.godayol-bonay\Desktop\Semestre2\M.Gil\MonPortFolioSIO\Collab
INFO [org.netbeans.modules.autoupdate.services.InstallManager]: Declared target cluster java in Injection Query API[org.netbeans.modules.javaee.injection/1.27] wasn't found or was read only. Will be used C:\Users\lukas.godayol-bonay\Desktop\Semestre2\M.Gil\MonPortFolioSIO\Collab
INFO [org.netbeans.modules.autoupdate.services.InstallManager]: Declared target cluster enterprise in Servlet/JSP API[org.netbeans.modules.servletjspapi/1.51.0.25] wasn't found or was read only. Will be used C:\Users\lukas.godayol-bonay\Desktop\Semestre2\M.Gil\MonPortFolioSIO\Collab
INFO [org.netbeans.modules.autoupdate.services.InstallManager]: Declared target cluster java in Java Testrunner[org.netbeans.modules.java.testrunner/1.41] wasn't found or was read only. Will be used C:\Users\lukas.godayol-bonay\Desktop\Semestre2\M.Gil\MonPortFolioSIO\Collab
INFO [org.netbeans.modules.autoupdate.services.InstallManager]: Declared target cluster enterprise in GlassFish Commons Logging Integration[org.netbeans.libs.glassfish_logging/1.46.0.20] wasn't found or was read only. Will be used C:\Users\lukas.godayol-bonay\Desktop\Semestre2\M.Gil\MonPortFolioSIO\Collab
INFO [org.netbeans.modules.autoupdate.services.InstallManager]: Declared target cluster enterprise in RESTful Web Service Libraries[org.netbeans.modules.websvc.restlib/2.29] wasn't found or was read only. Will be used C:\Users\lukas.godayol-bonay\Desktop\Semestre2\M.Gil\MonPortFolioSIO\Collab
INFO [org.netbeans.modules.autoupdate.services.InstallManager]: Declared target cluster enterprise in Payara Common[org.netbeans.modules.payara.common/2.16] wasn't found or was read only. Will be used C:\Users\lukas.godayol-bonay\Desktop\Semestre2\M.Gil\MonPortFolioSIO\Collab
INFO [org.netbeans.modules.autoupdate.services.InstallManager]: Declared target cluster java in Maven Embedder[org.netbeans.modules.maven.embedder/2.75] wasn't found or was read only. Will be used C:\Users\lukas.godayol-bonay\Desktop\Semestre2\M.Gil\MonPortFolioSIO\Collab
INFO [org.netbeans.modules.autoupdate.services.InstallManager]: Declared target cluster enterprise in Web Service Client SPI/API[org.netbeans.modules.websvc.clientapi/1.53] wasn't found or was read only. Will be used C:\Users\lukas.godayol-bonay\Desktop\Semestre2\M.Gil\MonPortFolioSIO\Collab
INFO [org.netbeans.modules.autoupdate.services.InstallManager]: Declared target cluster enterprise in JSP Parser[org.netbeans.modules.web.jspparser/3.50] wasn't found or was read only. Will be used C:\Users\lukas.godayol-bonay\Desktop\Semestre2\M.Gil\MonPortFolioSIO\Collab
INFO [org.netbeans.modules.autoupdate.services.InstallManager]: Declared target cluster enterprise in J2EE Support Utilities[org.netbeans.modules.j2ee.common/1.124] wasn't found or was read only. Will be used C:\Users\lukas.godayol-bonay\Desktop\Semestre2\M.Gil\MonPortFolioSIO\Collab
INFO [org.netbeans.modules.autoupdate.services.InstallManager]: Declared target cluster java in SaaS Services Code Generation for Java[org.netbeans.modules.websvc.saas.codegen.java/1.51] wasn't found or was read only. Will be used C:\Users\lukas.godayol-bonay\Desktop\Semestre2\M.Gil\MonPortFolioSIO\Collab
INFO [org.netbeans.modules.autoupdate.services.InstallManager]: Declared target cluster java in Java Persistence API Support[org.netbeans.modules.j2ee.persistence/1.76.0.1] wasn't found or was read only. Will be used C:\Users\lukas.godayol-bonay\Desktop\Semestre2\M.Gil\MonPortFolioSIO\Collab
INFO [org.netbeans.modules.autoupdate.services.InstallManager]: Declared target cluster java in The nb-javac Java editing support library[org.netbeans.libs.nbjavacapi/20.1] wasn't found or was read only. Will be used C:\Users\lukas.godayol-bonay\Desktop\Semestre2\M.Gil\MonPortFolioSIO\Collab
INFO [org.netbeans.modules.autoupdate.services.InstallManager]: Declared target cluster java in NetBeans Javac Library[org.netbeans.lib.nbjavac/1.37.0.4.3] wasn't found or was read only. Will be used C:\Users\lukas.godayol-bonay\Desktop\Semestre2\M.Gil\MonPortFolioSIO\Collab
INFO [org.netbeans.modules.autoupdate.services.InstallManager]: Declared target cluster java in JAX-WS API[org.netbeans.modules.websvc.jaxws21api/1.53] wasn't found or was read only. Will be used C:\Users\lukas.godayol-bonay\Desktop\Semestre2\M.Gil\MonPortFolioSIO\Collab
INFO [org.netbeans.modules.autoupdate.services.InstallManager]: Declared target cluster enterprise in J2EE Deployment and Management APIs[org.netbeans.modules.j2eeapis/1.53] wasn't found or was read only. Will be used C:\Users\lukas.godayol-bonay\Desktop\Semestre2\M.Gil\MonPortFolioSIO\Collab
INFO [org.netbeans.modules.autoupdate.services.InstallManager]: Declared target cluster java in KO for Java Inspection[org.netbeans.modules.ko4j.debugging/1.23] wasn't found or was read only. Will be used C:\Users\lukas.godayol-bonay\Desktop\Semestre2\M.Gil\MonPortFolioSIO\Collab
INFO [org.netbeans.modules.autoupdate.services.InstallManager]: Declared target cluster java in Java Platform UI[org.netbeans.modules.java.platform.ui/1.63] wasn't found or was read only. Will be used C:\Users\lukas.godayol-bonay\Desktop\Semestre2\M.Gil\MonPortFolioSIO\Collab
INFO [org.netbeans.modules.autoupdate.services.InstallManager]: Declared target cluster enterprise in JSF API[org.netbeans.modules.web.jsfapi/2.0.0] wasn't found or was read only. Will be used C:\Users\lukas.godayol-bonay\Desktop\Semestre2\M.Gil\MonPortFolioSIO\Collab
INFO [org.netbeans.modules.autoupdate.services.InstallManager]: Declared target cluster java in Java Source[org.netbeans.modules.java.source/0.186.0.32.4.3.6.1] wasn't found or was read only. Will be used C:\Users\lukas.godayol-bonay\Desktop\Semestre2\M.Gil\MonPortFolioSIO\Collab
INFO [org.netbeans.modules.autoupdate.services.InstallManager]: Declared target cluster java in JAX-WS 2.3 Library[org.netbeans.modules.websvc.jaxws21/1.53] wasn't found or was read only. Will be used C:\Users\lukas.godayol-bonay\Desktop\Semestre2\M.Gil\MonPortFolioSIO\Collab
INFO [org.netbeans.modules.autoupdate.services.InstallManager]: Declared target cluster enterprise in GlassFish Application Server Common APIs[org.netbeans.modules.j2ee.sun.appsrv/1.56.0.1] wasn't found or was read only. Will be used C:\Users\lukas.godayol-bonay\Desktop\Semestre2\M.Gil\MonPortFolioSIO\Collab
INFO [org.netbeans.modules.autoupdate.services.InstallManager]: Declared target cluster enterprise in Web Projects[org.netbeans.modules.web.project/1.95.0.1] wasn't found or was read only. Will be used C:\Users\lukas.godayol-bonay\Desktop\Semestre2\M.Gil\MonPortFolioSIO\Collab
INFO [org.netbeans.modules.autoupdate.services.InstallManager]: Declared target cluster enterprise in Maven Java EE[org.netbeans.modules.maven.j2ee/1.82] wasn't found or was read only. Will be used C:\Users\lukas.godayol-bonay\Desktop\Semestre2\M.Gil\MonPortFolioSIO\Collab
INFO [org.netbeans.modules.autoupdate.services.InstallManager]: Declared target cluster enterprise in Web Services Project API[org.netbeans.modules.websvc.projectapi/1.43] wasn't found or was read only. Will be used C:\Users\lukas.godayol-bonay\Desktop\Semestre2\M.Gil\MonPortFolioSIO\Collab
INFO [org.netbeans.modules.autoupdate.services.InstallManager]: Declared target cluster enterprise in Amazon Elastic Beanstalk[org.netbeans.modules.cloud.amazon/1.33] wasn't found or was read only. Will be used C:\Users\lukas.godayol-bonay\Desktop\Semestre2\M.Gil\MonPortFolioSIO\Collab
INFO [org.netbeans.modules.autoupdate.services.InstallManager]: Declared target cluster java in Java Project Support[org.netbeans.modules.java.project/1.93] wasn't found or was read only. Will be used C:\Users\lukas.godayol-bonay\Desktop\Semestre2\M.Gil\MonPortFolioSIO\Collab
INFO [org.netbeans.modules.autoupdate.services.InstallManager]: Declared target cluster enterprise in RESTful Web Service Support[org.netbeans.modules.websvc.rest/1.51] wasn't found or was read only. Will be used C:\Users\lukas.godayol-bonay\Desktop\Semestre2\M.Gil\MonPortFolioSIO\Collab
INFO [org.netbeans.modules.autoupdate.services.InstallManager]: Declared target cluster java in Java Persistence API Support API[org.netbeans.modules.j2ee.persistenceapi/1.57.0.1] wasn't found or was read only. Will be used C:\Users\lukas.godayol-bonay\Desktop\Semestre2\M.Gil\MonPortFolioSIO\Collab
INFO [org.netbeans.modules.autoupdate.services.InstallManager]: Declared target cluster java in Java Refactoring[org.netbeans.modules.refactoring.java/1.83.0.1.3] wasn't found or was read only. Will be used C:\Users\lukas.godayol-bonay\Desktop\Semestre2\M.Gil\MonPortFolioSIO\Collab
INFO [org.netbeans.modules.autoupdate.services.InstallManager]: Declared target cluster enterprise in GlassFish Common[org.netbeans.modules.glassfish.common/1.95] wasn't found or was read only. Will be used C:\Users\lukas.godayol-bonay\Desktop\Semestre2\M.Gil\MonPortFolioSIO\Collab
INFO [org.netbeans.modules.autoupdate.services.InstallManager]: Declared target cluster enterprise in Web Services Core[org.netbeans.modules.websvc.core/1.65.0.1.4] wasn't found or was read only. Will be used C:\Users\lukas.godayol-bonay\Desktop\Semestre2\M.Gil\MonPortFolioSIO\Collab
INFO [org.netbeans.modules.autoupdate.services.InstallManager]: Declared target cluster java in Java Source UI[org.netbeans.modules.java.sourceui/1.69.0.2.4.3.32.6] wasn't found or was read only. Will be used C:\Users\lukas.godayol-bonay\Desktop\Semestre2\M.Gil\MonPortFolioSIO\Collab
INFO [org.netbeans.modules.autoupdate.services.InstallManager]: Declared target cluster enterprise in sun-* DD API[org.netbeans.modules.j2ee.sun.dd/1.54.0.1] wasn't found or was read only. Will be used C:\Users\lukas.godayol-bonay\Desktop\Semestre2\M.Gil\MonPortFolioSIO\Collab
INFO [org.netbeans.modules.autoupdate.services.InstallManager]: Declared target cluster enterprise in WS Stack API[org.netbeans.modules.websvc.wsstackapi/1.44] wasn't found or was read only. Will be used C:\Users\lukas.godayol-bonay\Desktop\Semestre2\M.Gil\MonPortFolioSIO\Collab
INFO [org.netbeans.modules.autoupdate.services.InstallManager]: Declared target cluster enterprise in Payara Tooling[org.netbeans.modules.payara.tooling/2.16] wasn't found or was read only. Will be used C:\Users\lukas.godayol-bonay\Desktop\Semestre2\M.Gil\MonPortFolioSIO\Collab
INFO [org.netbeans.modules.autoupdate.services.InstallManager]: Declared target cluster java in Java Editor Base[org.netbeans.modules.java.editor.base/2.86.0.1] wasn't found or was read only. Will be used C:\Users\lukas.godayol-bonay\Desktop\Semestre2\M.Gil\MonPortFolioSIO\Collab
INFO [org.netbeans.modules.autoupdate.services.InstallManager]: Declared target cluster enterprise in Web Services Deployment Descriptor API[org.netbeans.modules.j2ee.dd.webservice/1.52] wasn't found or was read only. Will be used C:\Users\lukas.godayol-bonay\Desktop\Semestre2\M.Gil\MonPortFolioSIO\Collab
INFO [org.netbeans.modules.autoupdate.services.InstallManager]: Declared target cluster enterprise in Web Services Utilities[org.netbeans.modules.websvc.utilities/1.46] wasn't found or was read only. Will be used C:\Users\lukas.godayol-bonay\Desktop\Semestre2\M.Gil\MonPortFolioSIO\Collab
INFO [org.netbeans.modules.autoupdate.services.InstallManager]: Declared target cluster java in Java Editor[org.netbeans.modules.java.editor/2.89.0.12.1.1.1] wasn't found or was read only. Will be used C:\Users\lukas.godayol-bonay\Desktop\Semestre2\M.Gil\MonPortFolioSIO\Collab
INFO [org.netbeans.modules.autoupdate.services.InstallManager]: Declared target cluster java in Java EE Metadata[org.netbeans.modules.j2ee.metadata/1.53] wasn't found or was read only. Will be used C:\Users\lukas.godayol-bonay\Desktop\Semestre2\M.Gil\MonPortFolioSIO\Collab
INFO [org.netbeans.modules.autoupdate.services.InstallManager]: Declared target cluster enterprise in RESTful Web Service Support API/SPI[org.netbeans.modules.websvc.restapi/1.57] wasn't found or was read only. Will be used C:\Users\lukas.godayol-bonay\Desktop\Semestre2\M.Gil\MonPortFolioSIO\Collab
INFO [org.netbeans.modules.autoupdate.services.InstallManager]: Declared target cluster enterprise in GlassFish Tooling[org.netbeans.modules.glassfish.tooling/1.28] wasn't found or was read only. Will be used C:\Users\lukas.godayol-bonay\Desktop\Semestre2\M.Gil\MonPortFolioSIO\Collab
INFO [org.netbeans.modules.autoupdate.services.InstallManager]: Declared target cluster java in Preprocessor Bridge[org.netbeans.modules.java.preprocessorbridge/1.70.0.1] wasn't found or was read only. Will be used C:\Users\lukas.godayol-bonay\Desktop\Semestre2\M.Gil\MonPortFolioSIO\Collab
INFO [org.netbeans.modules.autoupdate.services.InstallManager]: Declared target cluster java in Java EE Metadata Model Support[org.netbeans.modules.j2ee.metadata.model.support/1.52] wasn't found or was read only. Will be used C:\Users\lukas.godayol-bonay\Desktop\Semestre2\M.Gil\MonPortFolioSIO\Collab
INFO [org.netbeans.modules.autoupdate.services.InstallManager]: Declared target cluster enterprise in Java EE Core APIs[org.netbeans.modules.j2ee.core/1.46] wasn't found or was read only. Will be used C:\Users\lukas.godayol-bonay\Desktop\Semestre2\M.Gil\MonPortFolioSIO\Collab
INFO [org.netbeans.modules.autoupdate.services.InstallManager]: Declared target cluster enterprise in Jackson Library[org.netbeans.libs.jackson/2.19] wasn't found or was read only. Will be used C:\Users\lukas.godayol-bonay\Desktop\Semestre2\M.Gil\MonPortFolioSIO\Collab
INFO [org.netbeans.modules.autoupdate.services.InstallManager]: Declared target cluster enterprise in Web Services Manager[org.netbeans.modules.websvc.manager/1.49] wasn't found or was read only. Will be used C:\Users\lukas.godayol-bonay\Desktop\Semestre2\M.Gil\MonPortFolioSIO\Collab
INFO [org.netbeans.modules.autoupdate.services.InstallManager]: Declared target cluster java in Java EE Core Utilities[org.netbeans.modules.j2ee.core.utilities/1.55] wasn't found or was read only. Will be used C:\Users\lukas.godayol-bonay\Desktop\Semestre2\M.Gil\MonPortFolioSIO\Collab
INFO [org.netbeans.modules.autoupdate.services.InstallManager]: Declared target cluster java in Maven Repository Indexing[org.netbeans.modules.maven.indexer/2.61] wasn't found or was read only. Will be used C:\Users\lukas.godayol-bonay\Desktop\Semestre2\M.Gil\MonPortFolioSIO\Collab
INFO [org.netbeans.modules.autoupdate.services.InstallManager]: Declared target cluster java in Java Source to Ant Bindings[org.netbeans.modules.java.source.ant/1.52.0.1.6] wasn't found or was read only. Will be used C:\Users\lukas.godayol-bonay\Desktop\Semestre2\M.Gil\MonPortFolioSIO\Collab
INFO [org.netbeans.modules.autoupdate.services.InstallManager]: Declared target cluster enterprise in JAX-RPC service provider SPI/API[org.netbeans.modules.websvc.websvcapi/1.52] wasn't found or was read only. Will be used C:\Users\lukas.godayol-bonay\Desktop\Semestre2\M.Gil\MonPortFolioSIO\Collab
INFO [org.netbeans.modules.autoupdate.services.InstallManager]: Declared target cluster enterprise in Payara Micro[org.netbeans.modules.payara.micro/2.16] wasn't found or was read only. Will be used C:\Users\lukas.godayol-bonay\Desktop\Semestre2\M.Gil\MonPortFolioSIO\Collab
INFO [org.netbeans.modules.autoupdate.services.InstallManager]: Declared target cluster java in Java Platform[org.netbeans.modules.java.platform/1.63] wasn't found or was read only. Will be used C:\Users\lukas.godayol-bonay\Desktop\Semestre2\M.Gil\MonPortFolioSIO\Collab
INFO [org.netbeans.modules.autoupdate.services.InstallManager]: Declared target cluster java in Whitelist Support[org.netbeans.modules.whitelist/1.44] wasn't found or was read only. Will be used C:\Users\lukas.godayol-bonay\Desktop\Semestre2\M.Gil\MonPortFolioSIO\Collab
INFO [org.netbeans.modules.autoupdate.services.InstallManager]: Declared target cluster enterprise in GlassFish Java EE[org.netbeans.modules.glassfish.javaee/1.62] wasn't found or was read only. Will be used C:\Users\lukas.godayol-bonay\Desktop\Semestre2\M.Gil\MonPortFolioSIO\Collab
INFO [org.netbeans.modules.autoupdate.services.InstallManager]: Declared target cluster java in Javac API Wrapper[org.netbeans.libs.javacapi/8.45.0.3] wasn't found or was read only. Will be used C:\Users\lukas.godayol-bonay\Desktop\Semestre2\M.Gil\MonPortFolioSIO\Collab
INFO [org.netbeans.modules.autoupdate.services.InstallManager]: Declared target cluster java in EclipseLink (JPA 2.2)[org.netbeans.modules.j2ee.eclipselink/1.53] wasn't found or was read only. Will be used C:\Users\lukas.godayol-bonay\Desktop\Semestre2\M.Gil\MonPortFolioSIO\Collab
INFO [org.netbeans.modules.autoupdate.services.InstallManager]: Declared target cluster java in TesNG Support UI[org.netbeans.modules.testng.ui/1.30] wasn't found or was read only. Will be used C:\Users\lukas.godayol-bonay\Desktop\Semestre2\M.Gil\MonPortFolioSIO\Collab
INFO [org.netbeans.modules.autoupdate.services.InstallManager]: Declared target cluster java in Maven TestNG Support[org.netbeans.modules.testng.maven/2.37] wasn't found or was read only. Will be used C:\Users\lukas.godayol-bonay\Desktop\Semestre2\M.Gil\MonPortFolioSIO\Collab
INFO [org.netbeans.modules.autoupdate.services.InstallManager]: Declared target cluster java in JUnit Tests UI[org.netbeans.modules.junit.ui/1.28] wasn't found or was read only. Will be used C:\Users\lukas.godayol-bonay\Desktop\Semestre2\M.Gil\MonPortFolioSIO\Collab
INFO [org.netbeans.modules.autoupdate.services.InstallManager]: Declared target cluster java in Selenium 2 Maven Support[org.netbeans.modules.selenium2.maven/1.23] wasn't found or was read only. Will be used C:\Users\lukas.godayol-bonay\Desktop\Semestre2\M.Gil\MonPortFolioSIO\Collab
INFO [org.netbeans.updater]: 780: Unpacking org-netbeans-modules-j2ee-metadata-model-support.nbm
INFO [org.netbeans.updater]: File installed C:\Users\lukas.godayol-bonay\Desktop\Semestre2\M.Gil\MonPortFolioSIO\Collab\config\Modules\org-netbeans-modules-j2ee-metadata-model-support.xml@0
INFO [org.netbeans.updater]: Copied file C:\Users\lukas.godayol-bonay\Desktop\Semestre2\M.Gil\MonPortFolioSIO\Collab\update\download\org-netbeans-modules-j2ee-metadata-model-support.nbm:netbeans/config/Modules/org-netbeans-modules-j2ee-metadata-model-support.xml to C:\Users\lukas.godayol-bonay\Desktop\Semestre2\M.Gil\MonPortFolioSIO\Collab\config\Modules\org-netbeans-modules-j2ee-metadata-model-support.xml
INFO [org.netbeans.updater]: File installed C:\Users\lukas.godayol-bonay\Desktop\Semestre2\M.Gil\MonPortFolioSIO\Collab\modules\org-netbeans-modules-j2ee-metadata-model-support.jar@0
INFO [org.netbeans.updater]: Copied file C:\Users\lukas.godayol-bonay\Desktop\Semestre2\M.Gil\MonPortFolioSIO\Collab\update\download\org-netbeans-modules-j2ee-metadata-model-support.nbm:netbeans/modules/org-netbeans-modules-j2ee-metadata-model-support.jar to C:\Users\lukas.godayol-bonay\Desktop\Semestre2\M.Gil\MonPortFolioSIO\Collab\modules\org-netbeans-modules-j2ee-metadata-model-support.jar
INFO [org.netbeans.updater]: File C:\Users\lukas.godayol-bonay\Desktop\Semestre2\M.Gil\MonPortFolioSIO\Collab\update\download\org-netbeans-modules-j2ee-metadata-model-support.nbm deleted.
INFO [org.netbeans.updater]: Use XML Transformer: com.sun.org.apache.xalan.internal.xsltc.trax.TransformerImpl@280e2f80
INFO [org.netbeans.updater]: File C:\Users\lukas.godayol-bonay\Desktop\Semestre2\M.Gil\MonPortFolioSIO\Collab\update_tracking\org-netbeans-modules-j2ee-metadata-model-support.xml modified.
INFO [org.netbeans.updater]: File installed C:\Users\lukas.godayol-bonay\Desktop\Semestre2\M.Gil\MonPortFolioSIO\Collab\update_tracking\org-netbeans-modules-j2ee-metadata-model-support.xml@0
INFO [org.netbeans.updater]: 780: Unpacking org-netbeans-modules-hudson-ant.nbm
INFO [org.netbeans.updater]: File installed C:\Users\lukas.godayol-bonay\Desktop\Semestre2\M.Gil\MonPortFolioSIO\Collab\config\Modules\org-netbeans-modules-hudson-ant.xml@0
INFO [org.netbeans.updater]: Copied file C:\Users\lukas.godayol-bonay\Desktop\Semestre2\M.Gil\MonPortFolioSIO\Collab\update\download\org-netbeans-modules-hudson-ant.nbm:netbeans/config/Modules/org-netbeans-modules-hudson-ant.xml to C:\Users\lukas.godayol-bonay\Desktop\Semestre2\M.Gil\MonPortFolioSIO\Collab\config\Modules\org-netbeans-modules-hudson-ant.xml
INFO [org.netbeans.updater]: File installed C:\Users\lukas.godayol-bonay\Desktop\Semestre2\M.Gil\MonPortFolioSIO\Collab\modules\org-netbeans-modules-hudson-ant.jar@0
INFO [org.netbeans.updater]: Copied file C:\Users\lukas.godayol-bonay\Desktop\Semestre2\M.Gil\MonPortFolioSIO\Collab\update\download\org-netbeans-modules-hudson-ant.nbm:netbeans/modules/org-netbeans-modules-hudson-ant.jar to C:\Users\lukas.godayol-bonay\Desktop\Semestre2\M.Gil\MonPortFolioSIO\Collab\modules\org-netbeans-modules-hudson-ant.jar
INFO [org.netbeans.updater]: File C:\Users\lukas.godayol-bonay\Desktop\Semestre2\M.Gil\MonPortFolioSIO\Collab\update\download\org-netbeans-modules-hudson-ant.nbm deleted.
INFO [org.netbeans.updater]: Use XML Transformer: com.sun.org.apache.xalan.internal.xsltc.trax.TransformerImpl@751aeedd
INFO [org.netbeans.updater]: File C:\Users\lukas.godayol-bonay\Desktop\Semestre2\M.Gil\MonPortFolioSIO\Collab\update_tracking\org-netbeans-modules-hudson-ant.xml modified.
INFO [org.netbeans.updater]: File installed C:\Users\lukas.godayol-bonay\Desktop\Semestre2\M.Gil\MonPortFolioSIO\Collab\update_tracking\org-netbeans-modules-hudson-ant.xml@0
INFO [org.netbeans.updater]: 780: Unpacking org-netbeans-modules-j2ee-persistenceapi.nbm
INFO [org.netbeans.modules.progress.spi.InternalHandle]: Cannot process more work than scheduled. Progress handle with name "Installing plugins..." has requested progress to workunit no.2 but the total number of workunits is 1. That means the progress bar UI will not display real progress and will stay at 100%.
java.lang.IllegalArgumentException
[catch] at org.netbeans.modules.progress.spi.InternalHandle.progress(InternalHandle.java:329)
	at org.netbeans.api.progress.ProgressHandle.progress(ProgressHandle.java:264)
	at org.netbeans.modules.autoupdate.services.InstallSupportImpl$RefreshModulesListener.propertyChange(InstallSupportImpl.java:1261)
	at org.netbeans.updater.UpdaterInternal$1Context.firePropertyChange(UpdaterInternal.java:97)
	at org.netbeans.updater.UpdaterInternal$1Context.unpackingIsRunning(UpdaterInternal.java:64)
	at org.netbeans.updater.ModuleUpdater.unpack(ModuleUpdater.java:311)
	at org.netbeans.updater.ModuleUpdater.run(ModuleUpdater.java:118)
INFO [org.netbeans.updater]: File installed C:\Users\lukas.godayol-bonay\Desktop\Semestre2\M.Gil\MonPortFolioSIO\Collab\config\Modules\org-netbeans-modules-j2ee-persistenceapi.xml@0
INFO [org.netbeans.updater]: Copied file C:\Users\lukas.godayol-bonay\Desktop\Semestre2\M.Gil\MonPortFolioSIO\Collab\update\download\org-netbeans-modules-j2ee-persistenceapi.nbm:netbeans/config/Modules/org-netbeans-modules-j2ee-persistenceapi.xml to C:\Users\lukas.godayol-bonay\Desktop\Semestre2\M.Gil\MonPortFolioSIO\Collab\config\Modules\org-netbeans-modules-j2ee-persistenceapi.xml
INFO [org.netbeans.updater]: File installed C:\Users\lukas.godayol-bonay\Desktop\Semestre2\M.Gil\MonPortFolioSIO\Collab\modules\org-netbeans-modules-j2ee-persistenceapi.jar@0
INFO [org.netbeans.updater]: Copied file C:\Users\lukas.godayol-bonay\Desktop\Semestre2\M.Gil\MonPortFolioSIO\Collab\update\download\org-netbeans-modules-j2ee-persistenceapi.nbm:netbeans/modules/org-netbeans-modules-j2ee-persistenceapi.jar to C:\Users\lukas.godayol-bonay\Desktop\Semestre2\M.Gil\MonPortFolioSIO\Collab\modules\org-netbeans-modules-j2ee-persistenceapi.jar
INFO [org.netbeans.updater]: File C:\Users\lukas.godayol-bonay\Desktop\Semestre2\M.Gil\MonPortFolioSIO\Collab\update\download\org-netbeans-modules-j2ee-persistenceapi.nbm deleted.
INFO [org.netbeans.updater]: Use XML Transformer: com.sun.org.apache.xalan.internal.xsltc.trax.TransformerImpl@79494d4
INFO [org.netbeans.updater]: File C:\Users\lukas.godayol-bonay\Desktop\Semestre2\M.Gil\MonPortFolioSIO\Collab\update_tracking\org-netbeans-modules-j2ee-persistenceapi.xml modified.
INFO [org.netbeans.updater]: File installed C:\Users\lukas.godayol-bonay\Desktop\Semestre2\M.Gil\MonPortFolioSIO\Collab\update_tracking\org-netbeans-modules-j2ee-persistenceapi.xml@0
INFO [org.netbeans.updater]: 780: Unpacking org-netbeans-modules-web-jspparser.nbm
INFO [org.netbeans.modules.progress.spi.InternalHandle]: Cannot process more work than scheduled. Progress handle with name "Installing plugins..." has requested progress to workunit no.3 but the total number of workunits is 1. That means the progress bar UI will not display real progress and will stay at 100%.
java.lang.IllegalArgumentException
[catch] at org.netbeans.modules.progress.spi.InternalHandle.progress(InternalHandle.java:329)
	at org.netbeans.api.progress.ProgressHandle.progress(ProgressHandle.java:264)
	at org.netbeans.modules.autoupdate.services.InstallSupportImpl$RefreshModulesListener.propertyChange(InstallSupportImpl.java:1261)
	at org.netbeans.updater.UpdaterInternal$1Context.firePropertyChange(UpdaterInternal.java:97)
	at org.netbeans.updater.UpdaterInternal$1Context.unpackingIsRunning(UpdaterInternal.java:64)
	at org.netbeans.updater.ModuleUpdater.unpack(ModuleUpdater.java:311)
	at org.netbeans.updater.ModuleUpdater.run(ModuleUpdater.java:118)
INFO [org.netbeans.updater]: File installed C:\Users\lukas.godayol-bonay\Desktop\Semestre2\M.Gil\MonPortFolioSIO\Collab\config\Modules\org-netbeans-modules-web-jspparser.xml@0
INFO [org.netbeans.updater]: Copied file C:\Users\lukas.godayol-bonay\Desktop\Semestre2\M.Gil\MonPortFolioSIO\Collab\update\download\org-netbeans-modules-web-jspparser.nbm:netbeans/config/Modules/org-netbeans-modules-web-jspparser.xml to C:\Users\lukas.godayol-bonay\Desktop\Semestre2\M.Gil\MonPortFolioSIO\Collab\config\Modules\org-netbeans-modules-web-jspparser.xml
INFO [org.netbeans.updater]: File installed C:\Users\lukas.godayol-bonay\Desktop\Semestre2\M.Gil\MonPortFolioSIO\Collab\modules\ext\glassfish-jspparser-5.1.0.jar@0
INFO [org.netbeans.updater]: Copied file C:\Users\lukas.godayol-bonay\Desktop\Semestre2\M.Gil\MonPortFolioSIO\Collab\update\download\org-netbeans-modules-web-jspparser.nbm:netbeans/modules/ext/glassfish-jspparser-5.1.0.jar to C:\Users\lukas.godayol-bonay\Desktop\Semestre2\M.Gil\MonPortFolioSIO\Collab\modules\ext\glassfish-jspparser-5.1.0.jar
INFO [org.netbeans.updater]: File installed C:\Users\lukas.godayol-bonay\Desktop\Semestre2\M.Gil\MonPortFolioSIO\Collab\modules\org-netbeans-modules-web-jspparser.jar@0
INFO [org.netbeans.updater]: Copied file C:\Users\lukas.godayol-bonay\Desktop\Semestre2\M.Gil\MonPortFolioSIO\Collab\update\download\org-netbeans-modules-web-jspparser.nbm:netbeans/modules/org-netbeans-modules-web-jspparser.jar to C:\Users\lukas.godayol-bonay\Desktop\Semestre2\M.Gil\MonPortFolioSIO\Collab\modules\org-netbeans-modules-web-jspparser.jar
INFO [org.netbeans.updater]: File C:\Users\lukas.godayol-bonay\Desktop\Semestre2\M.Gil\MonPortFolioSIO\Collab\update\download\org-netbeans-modules-web-jspparser.nbm deleted.
INFO [org.netbeans.updater]: Use XML Transformer: com.sun.org.apache.xalan.internal.xsltc.trax.TransformerImpl@23385f32
INFO [org.netbeans.updater]: File C:\Users\lukas.godayol-bonay\Desktop\Semestre2\M.Gil\MonPortFolioSIO\Collab\update_tracking\org-netbeans-modules-web-jspparser.xml modified.
INFO [org.netbeans.updater]: File installed C:\Users\lukas.godayol-bonay\Desktop\Semestre2\M.Gil\MonPortFolioSIO\Collab\update_tracking\org-netbeans-modules-web-jspparser.xml@0
INFO [org.netbeans.updater]: 780: Unpacking org-netbeans-modules-java-source-base.nbm
INFO [org.netbeans.modules.progress.spi.InternalHandle]: Cannot process more work than scheduled. Progress handle with name "Installing plugins..." has requested progress to workunit no.4 but the total number of workunits is 1. That means the progress bar UI will not display real progress and will stay at 100%.
java.lang.IllegalArgumentException
[catch] at org.netbeans.modules.progress.spi.InternalHandle.progress(InternalHandle.java:329)
	at org.netbeans.api.progress.ProgressHandle.progress(ProgressHandle.java:264)
	at org.netbeans.modules.autoupdate.services.InstallSupportImpl$RefreshModulesListener.propertyChange(InstallSupportImpl.java:1261)
	at org.netbeans.updater.UpdaterInternal$1Context.firePropertyChange(UpdaterInternal.java:97)
	at org.netbeans.updater.UpdaterInternal$1Context.unpackingIsRunning(UpdaterInternal.java:64)
	at org.netbeans.updater.ModuleUpdater.unpack(ModuleUpdater.java:311)
	at org.netbeans.updater.ModuleUpdater.run(ModuleUpdater.java:118)
INFO [org.netbeans.updater]: File installed C:\Users\lukas.godayol-bonay\Desktop\Semestre2\M.Gil\MonPortFolioSIO\Collab\config\Modules\org-netbeans-modules-java-source-base.xml@0
INFO [org.netbeans.updater]: Copied file C:\Users\lukas.godayol-bonay\Desktop\Semestre2\M.Gil\MonPortFolioSIO\Collab\update\download\org-netbeans-modules-java-source-base.nbm:netbeans/config/Modules/org-netbeans-modules-java-source-base.xml to C:\Users\lukas.godayol-bonay\Desktop\Semestre2\M.Gil\MonPortFolioSIO\Collab\config\Modules\org-netbeans-modules-java-source-base.xml
INFO [org.netbeans.updater]: File installed C:\Users\lukas.godayol-bonay\Desktop\Semestre2\M.Gil\MonPortFolioSIO\Collab\modules\org-netbeans-modules-java-source-base.jar@0
INFO [org.netbeans.updater]: Copied file C:\Users\lukas.godayol-bonay\Desktop\Semestre2\M.Gil\MonPortFolioSIO\Collab\update\download\org-netbeans-modules-java-source-base.nbm:netbeans/modules/org-netbeans-modules-java-source-base.jar to C:\Users\lukas.godayol-bonay\Desktop\Semestre2\M.Gil\MonPortFolioSIO\Collab\modules\org-netbeans-modules-java-source-base.jar
INFO [org.netbeans.updater]: File C:\Users\lukas.godayol-bonay\Desktop\Semestre2\M.Gil\MonPortFolioSIO\Collab\update\download\org-netbeans-modules-java-source-base.nbm deleted.
INFO [org.netbeans.updater]: Use XML Transformer: com.sun.org.apache.xalan.internal.xsltc.trax.TransformerImpl@6cab45f6
INFO [org.netbeans.updater]: File C:\Users\lukas.godayol-bonay\Desktop\Semestre2\M.Gil\MonPortFolioSIO\Collab\update_tracking\org-netbeans-modules-java-source-base.xml modified.
INFO [org.netbeans.updater]: File installed C:\Users\lukas.godayol-bonay\Desktop\Semestre2\M.Gil\MonPortFolioSIO\Collab\update_tracking\org-netbeans-modules-java-source-base.xml@0
INFO [org.netbeans.updater]: 780: Unpacking org-netbeans-modules-glassfish-javaee.nbm
INFO [org.netbeans.modules.progress.spi.InternalHandle]: Cannot process more work than scheduled. Progress handle with name "Installing plugins..." has requested progress to workunit no.5 but the total number of workunits is 1. That means the progress bar UI will not display real progress and will stay at 100%.
java.lang.IllegalArgumentException
[catch] at org.netbeans.modules.progress.spi.InternalHandle.progress(InternalHandle.java:329)
	at org.netbeans.api.progress.ProgressHandle.progress(ProgressHandle.java:264)
	at org.netbeans.modules.autoupdate.services.InstallSupportImpl$RefreshModulesListener.propertyChange(InstallSupportImpl.java:1261)
	at org.netbeans.updater.UpdaterInternal$1Context.firePropertyChange(UpdaterInternal.java:97)
	at org.netbeans.updater.UpdaterInternal$1Context.unpackingIsRunning(UpdaterInternal.java:64)
	at org.netbeans.updater.ModuleUpdater.unpack(ModuleUpdater.java:311)
	at org.netbeans.updater.ModuleUpdater.run(ModuleUpdater.java:118)
INFO [org.netbeans.updater]: File installed C:\Users\lukas.godayol-bonay\Desktop\Semestre2\M.Gil\MonPortFolioSIO\Collab\config\Modules\org-netbeans-modules-glassfish-javaee.xml@0
INFO [org.netbeans.updater]: Copied file C:\Users\lukas.godayol-bonay\Desktop\Semestre2\M.Gil\MonPortFolioSIO\Collab\update\download\org-netbeans-modules-glassfish-javaee.nbm:netbeans/config/Modules/org-netbeans-modules-glassfish-javaee.xml to C:\Users\lukas.godayol-bonay\Desktop\Semestre2\M.Gil\MonPortFolioSIO\Collab\config\Modules\org-netbeans-modules-glassfish-javaee.xml
INFO [org.netbeans.updater]: File installed C:\Users\lukas.godayol-bonay\Desktop\Semestre2\M.Gil\MonPortFolioSIO\Collab\modules\org-netbeans-modules-glassfish-javaee.jar@0
INFO [org.netbeans.updater]: Copied file C:\Users\lukas.godayol-bonay\Desktop\Semestre2\M.Gil\MonPortFolioSIO\Collab\update\download\org-netbeans-modules-glassfish-javaee.nbm:netbeans/modules/org-netbeans-modules-glassfish-javaee.jar to C:\Users\lukas.godayol-bonay\Desktop\Semestre2\M.Gil\MonPortFolioSIO\Collab\modules\org-netbeans-modules-glassfish-javaee.jar
INFO [org.netbeans.updater]: File C:\Users\lukas.godayol-bonay\Desktop\Semestre2\M.Gil\MonPortFolioSIO\Collab\update\download\org-netbeans-modules-glassfish-javaee.nbm deleted.
INFO [org.netbeans.updater]: Use XML Transformer: com.sun.org.apache.xalan.internal.xsltc.trax.TransformerImpl@2a3b5850
INFO [org.netbeans.updater]: File C:\Users\lukas.godayol-bonay\Desktop\Semestre2\M.Gil\MonPortFolioSIO\Collab\update_tracking\org-netbeans-modules-glassfish-javaee.xml modified.
INFO [org.netbeans.updater]: File installed C:\Users\lukas.godayol-bonay\Desktop\Semestre2\M.Gil\MonPortFolioSIO\Collab\update_tracking\org-netbeans-modules-glassfish-javaee.xml@0
INFO [org.netbeans.updater]: 780: Unpacking org-netbeans-modules-maven-model.nbm
INFO [org.netbeans.modules.progress.spi.InternalHandle]: Cannot process more work than scheduled. Progress handle with name "Installing plugins..." has requested progress to workunit no.6 but the total number of workunits is 1. That means the progress bar UI will not display real progress and will stay at 100%.
java.lang.IllegalArgumentException
[catch] at org.netbeans.modules.progress.spi.InternalHandle.progress(InternalHandle.java:329)
	at org.netbeans.api.progress.ProgressHandle.progress(ProgressHandle.java:264)
	at org.netbeans.modules.autoupdate.services.InstallSupportImpl$RefreshModulesListener.propertyChange(InstallSupportImpl.java:1261)
	at org.netbeans.updater.UpdaterInternal$1Context.firePropertyChange(UpdaterInternal.java:97)
	at org.netbeans.updater.UpdaterInternal$1Context.unpackingIsRunning(UpdaterInternal.java:64)
	at org.netbeans.updater.ModuleUpdater.unpack(ModuleUpdater.java:311)
	at org.netbeans.updater.ModuleUpdater.run(ModuleUpdater.java:118)
INFO [org.netbeans.updater]: File installed C:\Users\lukas.godayol-bonay\Desktop\Semestre2\M.Gil\MonPortFolioSIO\Collab\config\Modules\org-netbeans-modules-maven-model.xml@0
INFO [org.netbeans.updater]: Copied file C:\Users\lukas.godayol-bonay\Desktop\Semestre2\M.Gil\MonPortFolioSIO\Collab\update\download\org-netbeans-modules-maven-model.nbm:netbeans/config/Modules/org-netbeans-modules-maven-model.xml to C:\Users\lukas.godayol-bonay\Desktop\Semestre2\M.Gil\MonPortFolioSIO\Collab\config\Modules\org-netbeans-modules-maven-model.xml
INFO [org.netbeans.updater]: File installed C:\Users\lukas.godayol-bonay\Desktop\Semestre2\M.Gil\MonPortFolioSIO\Collab\modules\org-netbeans-modules-maven-model.jar@0
INFO [org.netbeans.updater]: Copied file C:\Users\lukas.godayol-bonay\Desktop\Semestre2\M.Gil\MonPortFolioSIO\Collab\update\download\org-netbeans-modules-maven-model.nbm:netbeans/modules/org-netbeans-modules-maven-model.jar to C:\Users\lukas.godayol-bonay\Desktop\Semestre2\M.Gil\MonPortFolioSIO\Collab\modules\org-netbeans-modules-maven-model.jar
INFO [org.netbeans.updater]: File C:\Users\lukas.godayol-bonay\Desktop\Semestre2\M.Gil\MonPortFolioSIO\Collab\update\download\org-netbeans-modules-maven-model.nbm deleted.
INFO [org.netbeans.updater]: Use XML Transformer: com.sun.org.apache.xalan.internal.xsltc.trax.TransformerImpl@c0a47fa
INFO [org.netbeans.updater]: File C:\Users\lukas.godayol-bonay\Desktop\Semestre2\M.Gil\MonPortFolioSIO\Collab\update_tracking\org-netbeans-modules-maven-model.xml modified.
INFO [org.netbeans.updater]: File installed C:\Users\lukas.godayol-bonay\Desktop\Semestre2\M.Gil\MonPortFolioSIO\Collab\update_tracking\org-netbeans-modules-maven-model.xml@0
INFO [org.netbeans.updater]: 780: Unpacking org-netbeans-modules-editor-htmlui.nbm
INFO [org.netbeans.modules.progress.spi.InternalHandle]: Cannot process more work than scheduled. Progress handle with name "Installing plugins..." has requested progress to workunit no.7 but the total number of workunits is 1. That means the progress bar UI will not display real progress and will stay at 100%.
java.lang.IllegalArgumentException
[catch] at org.netbeans.modules.progress.spi.InternalHandle.progress(InternalHandle.java:329)
	at org.netbeans.api.progress.ProgressHandle.progress(ProgressHandle.java:264)
	at org.netbeans.modules.autoupdate.services.InstallSupportImpl$RefreshModulesListener.propertyChange(InstallSupportImpl.java:1261)
	at org.netbeans.updater.UpdaterInternal$1Context.firePropertyChange(UpdaterInternal.java:97)
	at org.netbeans.updater.UpdaterInternal$1Context.unpackingIsRunning(UpdaterInternal.java:64)
	at org.netbeans.updater.ModuleUpdater.unpack(ModuleUpdater.java:311)
	at org.netbeans.updater.ModuleUpdater.run(ModuleUpdater.java:118)
INFO [org.netbeans.updater]: File installed C:\Users\lukas.godayol-bonay\Desktop\Semestre2\M.Gil\MonPortFolioSIO\Collab\config\Modules\org-netbeans-modules-editor-htmlui.xml@0
INFO [org.netbeans.updater]: Copied file C:\Users\lukas.godayol-bonay\Desktop\Semestre2\M.Gil\MonPortFolioSIO\Collab\update\download\org-netbeans-modules-editor-htmlui.nbm:netbeans/config/Modules/org-netbeans-modules-editor-htmlui.xml to C:\Users\lukas.godayol-bonay\Desktop\Semestre2\M.Gil\MonPortFolioSIO\Collab\config\Modules\org-netbeans-modules-editor-htmlui.xml
INFO [org.netbeans.updater]: File installed C:\Users\lukas.godayol-bonay\Desktop\Semestre2\M.Gil\MonPortFolioSIO\Collab\modules\org-netbeans-modules-editor-htmlui.jar@0
INFO [org.netbeans.updater]: Copied file C:\Users\lukas.godayol-bonay\Desktop\Semestre2\M.Gil\MonPortFolioSIO\Collab\update\download\org-netbeans-modules-editor-htmlui.nbm:netbeans/modules/org-netbeans-modules-editor-htmlui.jar to C:\Users\lukas.godayol-bonay\Desktop\Semestre2\M.Gil\MonPortFolioSIO\Collab\modules\org-netbeans-modules-editor-htmlui.jar
INFO [org.netbeans.updater]: File C:\Users\lukas.godayol-bonay\Desktop\Semestre2\M.Gil\MonPortFolioSIO\Collab\update\download\org-netbeans-modules-editor-htmlui.nbm deleted.
INFO [org.netbeans.updater]: Use XML Transformer: com.sun.org.apache.xalan.internal.xsltc.trax.TransformerImpl@77a8c0df
INFO [org.netbeans.updater]: File C:\Users\lukas.godayol-bonay\Desktop\Semestre2\M.Gil\MonPortFolioSIO\Collab\update_tracking\org-netbeans-modules-editor-htmlui.xml modified.
INFO [org.netbeans.updater]: File installed C:\Users\lukas.godayol-bonay\Desktop\Semestre2\M.Gil\MonPortFolioSIO\Collab\update_tracking\org-netbeans-modules-editor-htmlui.xml@0
INFO [org.netbeans.updater]: 780: Unpacking org-netbeans-modules-java-j2seplatform.nbm
INFO [org.netbeans.modules.progress.spi.InternalHandle]: Cannot process more work than scheduled. Progress handle with name "Installing plugins..." has requested progress to workunit no.8 but the total number of workunits is 1. That means the progress bar UI will not display real progress and will stay at 100%.
java.lang.IllegalArgumentException
[catch] at org.netbeans.modules.progress.spi.InternalHandle.progress(InternalHandle.java:329)
	at org.netbeans.api.progress.ProgressHandle.progress(ProgressHandle.java:264)
	at org.netbeans.modules.autoupdate.services.InstallSupportImpl$RefreshModulesListener.propertyChange(InstallSupportImpl.java:1261)
	at org.netbeans.updater.UpdaterInternal$1Context.firePropertyChange(UpdaterInternal.java:97)
	at org.netbeans.updater.UpdaterInternal$1Context.unpackingIsRunning(UpdaterInternal.java:64)
	at org.netbeans.updater.ModuleUpdater.unpack(ModuleUpdater.java:311)
	at org.netbeans.updater.ModuleUpdater.run(ModuleUpdater.java:118)
INFO [org.netbeans.updater]: File installed C:\Users\lukas.godayol-bonay\Desktop\Semestre2\M.Gil\MonPortFolioSIO\Collab\config\Modules\org-netbeans-modules-java-j2seplatform.xml@0
INFO [org.netbeans.updater]: Copied file C:\Users\lukas.godayol-bonay\Desktop\Semestre2\M.Gil\MonPortFolioSIO\Collab\update\download\org-netbeans-modules-java-j2seplatform.nbm:netbeans/config/Modules/org-netbeans-modules-java-j2seplatform.xml to C:\Users\lukas.godayol-bonay\Desktop\Semestre2\M.Gil\MonPortFolioSIO\Collab\config\Modules\org-netbeans-modules-java-j2seplatform.xml
INFO [org.netbeans.updater]: File installed C:\Users\lukas.godayol-bonay\Desktop\Semestre2\M.Gil\MonPortFolioSIO\Collab\modules\org-netbeans-modules-java-j2seplatform.jar@0
INFO [org.netbeans.updater]: Copied file C:\Users\lukas.godayol-bonay\Desktop\Semestre2\M.Gil\MonPortFolioSIO\Collab\update\download\org-netbeans-modules-java-j2seplatform.nbm:netbeans/modules/org-netbeans-modules-java-j2seplatform.jar to C:\Users\lukas.godayol-bonay\Desktop\Semestre2\M.Gil\MonPortFolioSIO\Collab\modules\org-netbeans-modules-java-j2seplatform.jar
INFO [org.netbeans.updater]: File installed C:\Users\lukas.godayol-bonay\Desktop\Semestre2\M.Gil\MonPortFolioSIO\Collab\scripts\J2SEPlatformProbe.java@0
INFO [org.netbeans.updater]: Copied file C:\Users\lukas.godayol-bonay\Desktop\Semestre2\M.Gil\MonPortFolioSIO\Collab\update\download\org-netbeans-modules-java-j2seplatform.nbm:netbeans/scripts/J2SEPlatformProbe.java to C:\Users\lukas.godayol-bonay\Desktop\Semestre2\M.Gil\MonPortFolioSIO\Collab\scripts\J2SEPlatformProbe.java
INFO [org.netbeans.updater]: File C:\Users\lukas.godayol-bonay\Desktop\Semestre2\M.Gil\MonPortFolioSIO\Collab\update\download\org-netbeans-modules-java-j2seplatform.nbm deleted.
INFO [org.netbeans.updater]: Use XML Transformer: com.sun.org.apache.xalan.internal.xsltc.trax.TransformerImpl@1204fed5
INFO [org.netbeans.updater]: File C:\Users\lukas.godayol-bonay\Desktop\Semestre2\M.Gil\MonPortFolioSIO\Collab\update_tracking\org-netbeans-modules-java-j2seplatform.xml modified.
INFO [org.netbeans.updater]: File installed C:\Users\lukas.godayol-bonay\Desktop\Semestre2\M.Gil\MonPortFolioSIO\Collab\update_tracking\org-netbeans-modules-java-j2seplatform.xml@0
INFO [org.netbeans.updater]: 780: Unpacking org-netbeans-modules-glassfish-common.nbm
INFO [org.netbeans.modules.progress.spi.InternalHandle]: Cannot process more work than scheduled. Progress handle with name "Installing plugins..." has requested progress to workunit no.9 but the total number of workunits is 1. That means the progress bar UI will not display real progress and will stay at 100%.
java.lang.IllegalArgumentException
[catch] at org.netbeans.modules.progress.spi.InternalHandle.progress(InternalHandle.java:329)
	at org.netbeans.api.progress.ProgressHandle.progress(ProgressHandle.java:264)
	at org.netbeans.modules.autoupdate.services.InstallSupportImpl$RefreshModulesListener.propertyChange(InstallSupportImpl.java:1261)
	at org.netbeans.updater.UpdaterInternal$1Context.firePropertyChange(UpdaterInternal.java:97)
	at org.netbeans.updater.UpdaterInternal$1Context.unpackingIsRunning(UpdaterInternal.java:64)
	at org.netbeans.updater.ModuleUpdater.unpack(ModuleUpdater.java:311)
	at org.netbeans.updater.ModuleUpdater.run(ModuleUpdater.java:118)
INFO [org.netbeans.updater]: File installed C:\Users\lukas.godayol-bonay\Desktop\Semestre2\M.Gil\MonPortFolioSIO\Collab\config\Modules\org-netbeans-modules-glassfish-common.xml@0
INFO [org.netbeans.updater]: Copied file C:\Users\lukas.godayol-bonay\Desktop\Semestre2\M.Gil\MonPortFolioSIO\Collab\update\download\org-netbeans-modules-glassfish-common.nbm:netbeans/config/Modules/org-netbeans-modules-glassfish-common.xml to C:\Users\lukas.godayol-bonay\Desktop\Semestre2\M.Gil\MonPortFolioSIO\Collab\config\Modules\org-netbeans-modules-glassfish-common.xml
INFO [org.netbeans.updater]: File installed C:\Users\lukas.godayol-bonay\Desktop\Semestre2\M.Gil\MonPortFolioSIO\Collab\modules\org-netbeans-modules-glassfish-common.jar@0
INFO [org.netbeans.updater]: Copied file C:\Users\lukas.godayol-bonay\Desktop\Semestre2\M.Gil\MonPortFolioSIO\Collab\update\download\org-netbeans-modules-glassfish-common.nbm:netbeans/modules/org-netbeans-modules-glassfish-common.jar to C:\Users\lukas.godayol-bonay\Desktop\Semestre2\M.Gil\MonPortFolioSIO\Collab\modules\org-netbeans-modules-glassfish-common.jar
INFO [org.netbeans.updater]: File C:\Users\lukas.godayol-bonay\Desktop\Semestre2\M.Gil\MonPortFolioSIO\Collab\update\download\org-netbeans-modules-glassfish-common.nbm deleted.
INFO [org.netbeans.updater]: Use XML Transformer: com.sun.org.apache.xalan.internal.xsltc.trax.TransformerImpl@d8f22b6
INFO [org.netbeans.updater]: File C:\Users\lukas.godayol-bonay\Desktop\Semestre2\M.Gil\MonPortFolioSIO\Collab\update_tracking\org-netbeans-modules-glassfish-common.xml modified.
INFO [org.netbeans.updater]: File installed C:\Users\lukas.godayol-bonay\Desktop\Semestre2\M.Gil\MonPortFolioSIO\Collab\update_tracking\org-netbeans-modules-glassfish-common.xml@0
INFO [org.netbeans.updater]: 780: Unpacking org-netbeans-modules-refactoring-java.nbm
INFO [org.netbeans.modules.progress.spi.InternalHandle]: Cannot process more work than scheduled. Progress handle with name "Installing plugins..." has requested progress to workunit no.10 but the total number of workunits is 1. That means the progress bar UI will not display real progress and will stay at 100%.
java.lang.IllegalArgumentException
[catch] at org.netbeans.modules.progress.spi.InternalHandle.progress(InternalHandle.java:329)
	at org.netbeans.api.progress.ProgressHandle.progress(ProgressHandle.java:264)
	at org.netbeans.modules.autoupdate.services.InstallSupportImpl$RefreshModulesListener.propertyChange(InstallSupportImpl.java:1261)
	at org.netbeans.updater.UpdaterInternal$1Context.firePropertyChange(UpdaterInternal.java:97)
	at org.netbeans.updater.UpdaterInternal$1Context.unpackingIsRunning(UpdaterInternal.java:64)
	at org.netbeans.updater.ModuleUpdater.unpack(ModuleUpdater.java:311)
	at org.netbeans.updater.ModuleUpdater.run(ModuleUpdater.java:118)
INFO [org.netbeans.updater]: File installed C:\Users\lukas.godayol-bonay\Desktop\Semestre2\M.Gil\MonPortFolioSIO\Collab\config\Modules\org-netbeans-modules-refactoring-java.xml@0
INFO [org.netbeans.updater]: Copied file C:\Users\lukas.godayol-bonay\Desktop\Semestre2\M.Gil\MonPortFolioSIO\Collab\update\download\org-netbeans-modules-refactoring-java.nbm:netbeans/config/Modules/org-netbeans-modules-refactoring-java.xml to C:\Users\lukas.godayol-bonay\Desktop\Semestre2\M.Gil\MonPortFolioSIO\Collab\config\Modules\org-netbeans-modules-refactoring-java.xml
INFO [org.netbeans.updater]: File installed C:\Users\lukas.godayol-bonay\Desktop\Semestre2\M.Gil\MonPortFolioSIO\Collab\modules\org-netbeans-modules-refactoring-java.jar@0
INFO [org.netbeans.updater]: Copied file C:\Users\lukas.godayol-bonay\Desktop\Semestre2\M.Gil\MonPortFolioSIO\Collab\update\download\org-netbeans-modules-refactoring-java.nbm:netbeans/modules/org-netbeans-modules-refactoring-java.jar to C:\Users\lukas.godayol-bonay\Desktop\Semestre2\M.Gil\MonPortFolioSIO\Collab\modules\org-netbeans-modules-refactoring-java.jar
INFO [org.netbeans.updater]: File C:\Users\lukas.godayol-bonay\Desktop\Semestre2\M.Gil\MonPortFolioSIO\Collab\update\download\org-netbeans-modules-refactoring-java.nbm deleted.
INFO [org.netbeans.updater]: Use XML Transformer: com.sun.org.apache.xalan.internal.xsltc.trax.TransformerImpl@5d1dea51
INFO [org.netbeans.updater]: File C:\Users\lukas.godayol-bonay\Desktop\Semestre2\M.Gil\MonPortFolioSIO\Collab\update_tracking\org-netbeans-modules-refactoring-java.xml modified.
INFO [org.netbeans.updater]: File installed C:\Users\lukas.godayol-bonay\Desktop\Semestre2\M.Gil\MonPortFolioSIO\Collab\update_tracking\org-netbeans-modules-refactoring-java.xml@0
INFO [org.netbeans.updater]: 780: Unpacking org-netbeans-modules-servletjspapi.nbm
INFO [org.netbeans.modules.progress.spi.InternalHandle]: Cannot process more work than scheduled. Progress handle with name "Installing plugins..." has requested progress to workunit no.11 but the total number of workunits is 1. That means the progress bar UI will not display real progress and will stay at 100%.
java.lang.IllegalArgumentException
[catch] at org.netbeans.modules.progress.spi.InternalHandle.progress(InternalHandle.java:329)
	at org.netbeans.api.progress.ProgressHandle.progress(ProgressHandle.java:264)
	at org.netbeans.modules.autoupdate.services.InstallSupportImpl$RefreshModulesListener.propertyChange(InstallSupportImpl.java:1261)
	at org.netbeans.updater.UpdaterInternal$1Context.firePropertyChange(UpdaterInternal.java:97)
	at org.netbeans.updater.UpdaterInternal$1Context.unpackingIsRunning(UpdaterInternal.java:64)
	at org.netbeans.updater.ModuleUpdater.unpack(ModuleUpdater.java:311)
	at org.netbeans.updater.ModuleUpdater.run(ModuleUpdater.java:118)
INFO [org.netbeans.updater]: File installed C:\Users\lukas.godayol-bonay\Desktop\Semestre2\M.Gil\MonPortFolioSIO\Collab\config\Modules\org-netbeans-modules-servletjspapi.xml@0
INFO [org.netbeans.updater]: Copied file C:\Users\lukas.godayol-bonay\Desktop\Semestre2\M.Gil\MonPortFolioSIO\Collab\update\download\org-netbeans-modules-servletjspapi.nbm:netbeans/config/Modules/org-netbeans-modules-servletjspapi.xml to C:\Users\lukas.godayol-bonay\Desktop\Semestre2\M.Gil\MonPortFolioSIO\Collab\config\Modules\org-netbeans-modules-servletjspapi.xml
INFO [org.netbeans.updater]: File installed C:\Users\lukas.godayol-bonay\Desktop\Semestre2\M.Gil\MonPortFolioSIO\Collab\modules\ext\servlet4.0-jsp2.3-api.jar@0
INFO [org.netbeans.updater]: Copied file C:\Users\lukas.godayol-bonay\Desktop\Semestre2\M.Gil\MonPortFolioSIO\Collab\update\download\org-netbeans-modules-servletjspapi.nbm:netbeans/modules/ext/servlet4.0-jsp2.3-api.jar to C:\Users\lukas.godayol-bonay\Desktop\Semestre2\M.Gil\MonPortFolioSIO\Collab\modules\ext\servlet4.0-jsp2.3-api.jar
INFO [org.netbeans.updater]: File installed C:\Users\lukas.godayol-bonay\Desktop\Semestre2\M.Gil\MonPortFolioSIO\Collab\modules\org-netbeans-modules-servletjspapi.jar@0
INFO [org.netbeans.updater]: Copied file C:\Users\lukas.godayol-bonay\Desktop\Semestre2\M.Gil\MonPortFolioSIO\Collab\update\download\org-netbeans-modules-servletjspapi.nbm:netbeans/modules/org-netbeans-modules-servletjspapi.jar to C:\Users\lukas.godayol-bonay\Desktop\Semestre2\M.Gil\MonPortFolioSIO\Collab\modules\org-netbeans-modules-servletjspapi.jar
INFO [org.netbeans.updater]: File C:\Users\lukas.godayol-bonay\Desktop\Semestre2\M.Gil\MonPortFolioSIO\Collab\update\download\org-netbeans-modules-servletjspapi.nbm deleted.
INFO [org.netbeans.updater]: Use XML Transformer: com.sun.org.apache.xalan.internal.xsltc.trax.TransformerImpl@4a47bc44
INFO [org.netbeans.updater]: File C:\Users\lukas.godayol-bonay\Desktop\Semestre2\M.Gil\MonPortFolioSIO\Collab\update_tracking\org-netbeans-modules-servletjspapi.xml modified.
INFO [org.netbeans.updater]: File installed C:\Users\lukas.godayol-bonay\Desktop\Semestre2\M.Gil\MonPortFolioSIO\Collab\update_tracking\org-netbeans-modules-servletjspapi.xml@0
INFO [org.netbeans.updater]: 780: Unpacking org-netbeans-modules-websvc-jaxws21api.nbm
INFO [org.netbeans.modules.progress.spi.InternalHandle]: Cannot process more work than scheduled. Progress handle with name "Installing plugins..." has requested progress to workunit no.12 but the total number of workunits is 1. That means the progress bar UI will not display real progress and will stay at 100%.
java.lang.IllegalArgumentException
[catch] at org.netbeans.modules.progress.spi.InternalHandle.progress(InternalHandle.java:329)
	at org.netbeans.api.progress.ProgressHandle.progress(ProgressHandle.java:264)
	at org.netbeans.modules.autoupdate.services.InstallSupportImpl$RefreshModulesListener.propertyChange(InstallSupportImpl.java:1261)
	at org.netbeans.updater.UpdaterInternal$1Context.firePropertyChange(UpdaterInternal.java:97)
	at org.netbeans.updater.UpdaterInternal$1Context.unpackingIsRunning(UpdaterInternal.java:64)
	at org.netbeans.updater.ModuleUpdater.unpack(ModuleUpdater.java:311)
	at org.netbeans.updater.ModuleUpdater.run(ModuleUpdater.java:118)
INFO [org.netbeans.updater]: File installed C:\Users\lukas.godayol-bonay\Desktop\Semestre2\M.Gil\MonPortFolioSIO\Collab\config\Modules\org-netbeans-modules-websvc-jaxws21api.xml@0
INFO [org.netbeans.updater]: Copied file C:\Users\lukas.godayol-bonay\Desktop\Semestre2\M.Gil\MonPortFolioSIO\Collab\update\download\org-netbeans-modules-websvc-jaxws21api.nbm:netbeans/config/Modules/org-netbeans-modules-websvc-jaxws21api.xml to C:\Users\lukas.godayol-bonay\Desktop\Semestre2\M.Gil\MonPortFolioSIO\Collab\config\Modules\org-netbeans-modules-websvc-jaxws21api.xml
INFO [org.netbeans.updater]: File installed C:\Users\lukas.godayol-bonay\Desktop\Semestre2\M.Gil\MonPortFolioSIO\Collab\modules\ext\jaxws22\api\jakarta.jws-api.jar@0
INFO [org.netbeans.updater]: Copied file C:\Users\lukas.godayol-bonay\Desktop\Semestre2\M.Gil\MonPortFolioSIO\Collab\update\download\org-netbeans-modules-websvc-jaxws21api.nbm:netbeans/modules/ext/jaxws22/api/jakarta.jws-api.jar to C:\Users\lukas.godayol-bonay\Desktop\Semestre2\M.Gil\MonPortFolioSIO\Collab\modules\ext\jaxws22\api\jakarta.jws-api.jar
INFO [org.netbeans.updater]: File installed C:\Users\lukas.godayol-bonay\Desktop\Semestre2\M.Gil\MonPortFolioSIO\Collab\modules\ext\jaxws22\api\jakarta.xml.soap-api.jar@0
INFO [org.netbeans.updater]: Copied file C:\Users\lukas.godayol-bonay\Desktop\Semestre2\M.Gil\MonPortFolioSIO\Collab\update\download\org-netbeans-modules-websvc-jaxws21api.nbm:netbeans/modules/ext/jaxws22/api/jakarta.xml.soap-api.jar to C:\Users\lukas.godayol-bonay\Desktop\Semestre2\M.Gil\MonPortFolioSIO\Collab\modules\ext\jaxws22\api\jakarta.xml.soap-api.jar
INFO [org.netbeans.updater]: File installed C:\Users\lukas.godayol-bonay\Desktop\Semestre2\M.Gil\MonPortFolioSIO\Collab\modules\ext\jaxws22\api\jakarta.xml.ws-api.jar@0
INFO [org.netbeans.updater]: Copied file C:\Users\lukas.godayol-bonay\Desktop\Semestre2\M.Gil\MonPortFolioSIO\Collab\update\download\org-netbeans-modules-websvc-jaxws21api.nbm:netbeans/modules/ext/jaxws22/api/jakarta.xml.ws-api.jar to C:\Users\lukas.godayol-bonay\Desktop\Semestre2\M.Gil\MonPortFolioSIO\Collab\modules\ext\jaxws22\api\jakarta.xml.ws-api.jar
INFO [org.netbeans.updater]: File installed C:\Users\lukas.godayol-bonay\Desktop\Semestre2\M.Gil\MonPortFolioSIO\Collab\modules\org-netbeans-modules-websvc-jaxws21api.jar@0
INFO [org.netbeans.updater]: Copied file C:\Users\lukas.godayol-bonay\Desktop\Semestre2\M.Gil\MonPortFolioSIO\Collab\update\download\org-netbeans-modules-websvc-jaxws21api.nbm:netbeans/modules/org-netbeans-modules-websvc-jaxws21api.jar to C:\Users\lukas.godayol-bonay\Desktop\Semestre2\M.Gil\MonPortFolioSIO\Collab\modules\org-netbeans-modules-websvc-jaxws21api.jar
INFO [org.netbeans.updater]: File C:\Users\lukas.godayol-bonay\Desktop\Semestre2\M.Gil\MonPortFolioSIO\Collab\update\download\org-netbeans-modules-websvc-jaxws21api.nbm deleted.
INFO [org.netbeans.updater]: Use XML Transformer: com.sun.org.apache.xalan.internal.xsltc.trax.TransformerImpl@12586d28
INFO [org.netbeans.updater]: File C:\Users\lukas.godayol-bonay\Desktop\Semestre2\M.Gil\MonPortFolioSIO\Collab\update_tracking\org-netbeans-modules-websvc-jaxws21api.xml modified.
INFO [org.netbeans.updater]: File installed C:\Users\lukas.godayol-bonay\Desktop\Semestre2\M.Gil\MonPortFolioSIO\Collab\update_tracking\org-netbeans-modules-websvc-jaxws21api.xml@0
INFO [org.netbeans.updater]: 780: Unpacking org-netbeans-libs-nbjavacapi.nbm
INFO [org.netbeans.modules.progress.spi.InternalHandle]: Cannot process more work than scheduled. Progress handle with name "Installing plugins..." has requested progress to workunit no.13 but the total number of workunits is 1. That means the progress bar UI will not display real progress and will stay at 100%.
java.lang.IllegalArgumentException
[catch] at org.netbeans.modules.progress.spi.InternalHandle.progress(InternalHandle.java:329)
	at org.netbeans.api.progress.ProgressHandle.progress(ProgressHandle.java:264)
	at org.netbeans.modules.autoupdate.services.InstallSupportImpl$RefreshModulesListener.propertyChange(InstallSupportImpl.java:1261)
	at org.netbeans.updater.UpdaterInternal$1Context.firePropertyChange(UpdaterInternal.java:97)
	at org.netbeans.updater.UpdaterInternal$1Context.unpackingIsRunning(UpdaterInternal.java:64)
	at org.netbeans.updater.ModuleUpdater.unpack(ModuleUpdater.java:311)
	at org.netbeans.updater.ModuleUpdater.run(ModuleUpdater.java:118)
INFO [org.netbeans.updater]: File installed C:\Users\lukas.godayol-bonay\Desktop\Semestre2\M.Gil\MonPortFolioSIO\Collab\config\Modules\org-netbeans-libs-nbjavacapi.xml@0
INFO [org.netbeans.updater]: Copied file C:\Users\lukas.godayol-bonay\Desktop\Semestre2\M.Gil\MonPortFolioSIO\Collab\update\download\org-netbeans-libs-nbjavacapi.nbm:netbeans/config/Modules/org-netbeans-libs-nbjavacapi.xml to C:\Users\lukas.godayol-bonay\Desktop\Semestre2\M.Gil\MonPortFolioSIO\Collab\config\Modules\org-netbeans-libs-nbjavacapi.xml
INFO [org.netbeans.updater]: File installed C:\Users\lukas.godayol-bonay\Desktop\Semestre2\M.Gil\MonPortFolioSIO\Collab\modules\ext\nb-javac-jdk-20-34-api.jar@0
INFO [org.netbeans.updater]: Copied file C:\Users\lukas.godayol-bonay\Desktop\Semestre2\M.Gil\MonPortFolioSIO\Collab\update\download\org-netbeans-libs-nbjavacapi.nbm:netbeans/modules/ext/nb-javac-jdk-20-34-api.jar to C:\Users\lukas.godayol-bonay\Desktop\Semestre2\M.Gil\MonPortFolioSIO\Collab\modules\ext\nb-javac-jdk-20-34-api.jar
INFO [org.netbeans.updater]: File installed C:\Users\lukas.godayol-bonay\Desktop\Semestre2\M.Gil\MonPortFolioSIO\Collab\modules\ext\nb-javac-jdk-20-34.jar@0
INFO [org.netbeans.updater]: Copied file C:\Users\lukas.godayol-bonay\Desktop\Semestre2\M.Gil\MonPortFolioSIO\Collab\update\download\org-netbeans-libs-nbjavacapi.nbm:netbeans/modules/ext/nb-javac-jdk-20-34.jar to C:\Users\lukas.godayol-bonay\Desktop\Semestre2\M.Gil\MonPortFolioSIO\Collab\modules\ext\nb-javac-jdk-20-34.jar
INFO [org.netbeans.updater]: File installed C:\Users\lukas.godayol-bonay\Desktop\Semestre2\M.Gil\MonPortFolioSIO\Collab\modules\org-netbeans-libs-nbjavacapi.jar@0
INFO [org.netbeans.updater]: Copied file C:\Users\lukas.godayol-bonay\Desktop\Semestre2\M.Gil\MonPortFolioSIO\Collab\update\download\org-netbeans-libs-nbjavacapi.nbm:netbeans/modules/org-netbeans-libs-nbjavacapi.jar to C:\Users\lukas.godayol-bonay\Desktop\Semestre2\M.Gil\MonPortFolioSIO\Collab\modules\org-netbeans-libs-nbjavacapi.jar
INFO [org.netbeans.updater]: File C:\Users\lukas.godayol-bonay\Desktop\Semestre2\M.Gil\MonPortFolioSIO\Collab\update\download\org-netbeans-libs-nbjavacapi.nbm deleted.
INFO [org.netbeans.updater]: Use XML Transformer: com.sun.org.apache.xalan.internal.xsltc.trax.TransformerImpl@260b3f17
INFO [org.netbeans.updater]: File C:\Users\lukas.godayol-bonay\Desktop\Semestre2\M.Gil\MonPortFolioSIO\Collab\update_tracking\org-netbeans-libs-nbjavacapi.xml modified.
INFO [org.netbeans.updater]: File installed C:\Users\lukas.godayol-bonay\Desktop\Semestre2\M.Gil\MonPortFolioSIO\Collab\update_tracking\org-netbeans-libs-nbjavacapi.xml@0
INFO [org.netbeans.updater]: 780: Unpacking org-netbeans-modules-payara-micro.nbm
INFO [org.netbeans.modules.progress.spi.InternalHandle]: Cannot process more work than scheduled. Progress handle with name "Installing plugins..." has requested progress to workunit no.14 but the total number of workunits is 1. That means the progress bar UI will not display real progress and will stay at 100%.
java.lang.IllegalArgumentException
[catch] at org.netbeans.modules.progress.spi.InternalHandle.progress(InternalHandle.java:329)
	at org.netbeans.api.progress.ProgressHandle.progress(ProgressHandle.java:264)
	at org.netbeans.modules.autoupdate.services.InstallSupportImpl$RefreshModulesListener.propertyChange(InstallSupportImpl.java:1261)
	at org.netbeans.updater.UpdaterInternal$1Context.firePropertyChange(UpdaterInternal.java:97)
	at org.netbeans.updater.UpdaterInternal$1Context.unpackingIsRunning(UpdaterInternal.java:64)
	at org.netbeans.updater.ModuleUpdater.unpack(ModuleUpdater.java:311)
	at org.netbeans.updater.ModuleUpdater.run(ModuleUpdater.java:118)
INFO [org.netbeans.updater]: File installed C:\Users\lukas.godayol-bonay\Desktop\Semestre2\M.Gil\MonPortFolioSIO\Collab\config\Modules\org-netbeans-modules-payara-micro.xml@0
INFO [org.netbeans.updater]: Copied file C:\Users\lukas.godayol-bonay\Desktop\Semestre2\M.Gil\MonPortFolioSIO\Collab\update\download\org-netbeans-modules-payara-micro.nbm:netbeans/config/Modules/org-netbeans-modules-payara-micro.xml to C:\Users\lukas.godayol-bonay\Desktop\Semestre2\M.Gil\MonPortFolioSIO\Collab\config\Modules\org-netbeans-modules-payara-micro.xml
INFO [org.netbeans.updater]: File installed C:\Users\lukas.godayol-bonay\Desktop\Semestre2\M.Gil\MonPortFolioSIO\Collab\modules\org-netbeans-modules-payara-micro.jar@0
INFO [org.netbeans.updater]: Copied file C:\Users\lukas.godayol-bonay\Desktop\Semestre2\M.Gil\MonPortFolioSIO\Collab\update\download\org-netbeans-modules-payara-micro.nbm:netbeans/modules/org-netbeans-modules-payara-micro.jar to C:\Users\lukas.godayol-bonay\Desktop\Semestre2\M.Gil\MonPortFolioSIO\Collab\modules\org-netbeans-modules-payara-micro.jar
INFO [org.netbeans.updater]: File C:\Users\lukas.godayol-bonay\Desktop\Semestre2\M.Gil\MonPortFolioSIO\Collab\update\download\org-netbeans-modules-payara-micro.nbm deleted.
INFO [org.netbeans.updater]: Use XML Transformer: com.sun.org.apache.xalan.internal.xsltc.trax.TransformerImpl@729faac
INFO [org.netbeans.updater]: File C:\Users\lukas.godayol-bonay\Desktop\Semestre2\M.Gil\MonPortFolioSIO\Collab\update_tracking\org-netbeans-modules-payara-micro.xml modified.
INFO [org.netbeans.updater]: File installed C:\Users\lukas.godayol-bonay\Desktop\Semestre2\M.Gil\MonPortFolioSIO\Collab\update_tracking\org-netbeans-modules-payara-micro.xml@0
INFO [org.netbeans.updater]: 780: Unpacking org-netbeans-modules-websvc-core.nbm
INFO [org.netbeans.modules.progress.spi.InternalHandle]: Cannot process more work than scheduled. Progress handle with name "Installing plugins..." has requested progress to workunit no.15 but the total number of workunits is 1. That means the progress bar UI will not display real progress and will stay at 100%.
java.lang.IllegalArgumentException
[catch] at org.netbeans.modules.progress.spi.InternalHandle.progress(InternalHandle.java:329)
	at org.netbeans.api.progress.ProgressHandle.progress(ProgressHandle.java:264)
	at org.netbeans.modules.autoupdate.services.InstallSupportImpl$RefreshModulesListener.propertyChange(InstallSupportImpl.java:1261)
	at org.netbeans.updater.UpdaterInternal$1Context.firePropertyChange(UpdaterInternal.java:97)
	at org.netbeans.updater.UpdaterInternal$1Context.unpackingIsRunning(UpdaterInternal.java:64)
	at org.netbeans.updater.ModuleUpdater.unpack(ModuleUpdater.java:311)
	at org.netbeans.updater.ModuleUpdater.run(ModuleUpdater.java:118)
INFO [org.netbeans.updater]: File installed C:\Users\lukas.godayol-bonay\Desktop\Semestre2\M.Gil\MonPortFolioSIO\Collab\config\Modules\org-netbeans-modules-websvc-core.xml@0
INFO [org.netbeans.updater]: Copied file C:\Users\lukas.godayol-bonay\Desktop\Semestre2\M.Gil\MonPortFolioSIO\Collab\update\download\org-netbeans-modules-websvc-core.nbm:netbeans/config/Modules/org-netbeans-modules-websvc-core.xml to C:\Users\lukas.godayol-bonay\Desktop\Semestre2\M.Gil\MonPortFolioSIO\Collab\config\Modules\org-netbeans-modules-websvc-core.xml
INFO [org.netbeans.updater]: File installed C:\Users\lukas.godayol-bonay\Desktop\Semestre2\M.Gil\MonPortFolioSIO\Collab\modules\org-netbeans-modules-websvc-core.jar@0
INFO [org.netbeans.updater]: Copied file C:\Users\lukas.godayol-bonay\Desktop\Semestre2\M.Gil\MonPortFolioSIO\Collab\update\download\org-netbeans-modules-websvc-core.nbm:netbeans/modules/org-netbeans-modules-websvc-core.jar to C:\Users\lukas.godayol-bonay\Desktop\Semestre2\M.Gil\MonPortFolioSIO\Collab\modules\org-netbeans-modules-websvc-core.jar
INFO [org.netbeans.updater]: File C:\Users\lukas.godayol-bonay\Desktop\Semestre2\M.Gil\MonPortFolioSIO\Collab\update\download\org-netbeans-modules-websvc-core.nbm deleted.
INFO [org.netbeans.updater]: Use XML Transformer: com.sun.org.apache.xalan.internal.xsltc.trax.TransformerImpl@a061307
INFO [org.netbeans.updater]: File C:\Users\lukas.godayol-bonay\Desktop\Semestre2\M.Gil\MonPortFolioSIO\Collab\update_tracking\org-netbeans-modules-websvc-core.xml modified.
INFO [org.netbeans.updater]: File installed C:\Users\lukas.godayol-bonay\Desktop\Semestre2\M.Gil\MonPortFolioSIO\Collab\update_tracking\org-netbeans-modules-websvc-core.xml@0
INFO [org.netbeans.updater]: 780: Unpacking org-netbeans-modules-websvc-rest.nbm
INFO [org.netbeans.modules.progress.spi.InternalHandle]: Cannot process more work than scheduled. Progress handle with name "Installing plugins..." has requested progress to workunit no.16 but the total number of workunits is 1. That means the progress bar UI will not display real progress and will stay at 100%.
java.lang.IllegalArgumentException
[catch] at org.netbeans.modules.progress.spi.InternalHandle.progress(InternalHandle.java:329)
	at org.netbeans.api.progress.ProgressHandle.progress(ProgressHandle.java:264)
	at org.netbeans.modules.autoupdate.services.InstallSupportImpl$RefreshModulesListener.propertyChange(InstallSupportImpl.java:1261)
	at org.netbeans.updater.UpdaterInternal$1Context.firePropertyChange(UpdaterInternal.java:97)
	at org.netbeans.updater.UpdaterInternal$1Context.unpackingIsRunning(UpdaterInternal.java:64)
	at org.netbeans.updater.ModuleUpdater.unpack(ModuleUpdater.java:311)
	at org.netbeans.updater.ModuleUpdater.run(ModuleUpdater.java:118)
INFO [org.netbeans.updater]: File installed C:\Users\lukas.godayol-bonay\Desktop\Semestre2\M.Gil\MonPortFolioSIO\Collab\config\Modules\org-netbeans-modules-websvc-rest.xml@0
INFO [org.netbeans.updater]: Copied file C:\Users\lukas.godayol-bonay\Desktop\Semestre2\M.Gil\MonPortFolioSIO\Collab\update\download\org-netbeans-modules-websvc-rest.nbm:netbeans/config/Modules/org-netbeans-modules-websvc-rest.xml to C:\Users\lukas.godayol-bonay\Desktop\Semestre2\M.Gil\MonPortFolioSIO\Collab\config\Modules\org-netbeans-modules-websvc-rest.xml
INFO [org.netbeans.updater]: File installed C:\Users\lukas.godayol-bonay\Desktop\Semestre2\M.Gil\MonPortFolioSIO\Collab\modules\ext\jersey2\jersey-core-1.18.6.jar@0
INFO [org.netbeans.updater]: Copied file C:\Users\lukas.godayol-bonay\Desktop\Semestre2\M.Gil\MonPortFolioSIO\Collab\update\download\org-netbeans-modules-websvc-rest.nbm:netbeans/modules/ext/jersey2/jersey-core-1.18.6.jar to C:\Users\lukas.godayol-bonay\Desktop\Semestre2\M.Gil\MonPortFolioSIO\Collab\modules\ext\jersey2\jersey-core-1.18.6.jar
INFO [org.netbeans.updater]: File installed C:\Users\lukas.godayol-bonay\Desktop\Semestre2\M.Gil\MonPortFolioSIO\Collab\modules\org-netbeans-modules-websvc-rest.jar@0
INFO [org.netbeans.updater]: Copied file C:\Users\lukas.godayol-bonay\Desktop\Semestre2\M.Gil\MonPortFolioSIO\Collab\update\download\org-netbeans-modules-websvc-rest.nbm:netbeans/modules/org-netbeans-modules-websvc-rest.jar to C:\Users\lukas.godayol-bonay\Desktop\Semestre2\M.Gil\MonPortFolioSIO\Collab\modules\org-netbeans-modules-websvc-rest.jar
INFO [org.netbeans.updater]: File C:\Users\lukas.godayol-bonay\Desktop\Semestre2\M.Gil\MonPortFolioSIO\Collab\update\download\org-netbeans-modules-websvc-rest.nbm deleted.
INFO [org.netbeans.updater]: Use XML Transformer: com.sun.org.apache.xalan.internal.xsltc.trax.TransformerImpl@4cf0345b
INFO [org.netbeans.updater]: File C:\Users\lukas.godayol-bonay\Desktop\Semestre2\M.Gil\MonPortFolioSIO\Collab\update_tracking\org-netbeans-modules-websvc-rest.xml modified.
INFO [org.netbeans.updater]: File installed C:\Users\lukas.godayol-bonay\Desktop\Semestre2\M.Gil\MonPortFolioSIO\Collab\update_tracking\org-netbeans-modules-websvc-rest.xml@0
INFO [org.netbeans.updater]: 780: Unpacking org-netbeans-modules-websvc-clientapi.nbm
INFO [org.netbeans.modules.progress.spi.InternalHandle]: Cannot process more work than scheduled. Progress handle with name "Installing plugins..." has requested progress to workunit no.17 but the total number of workunits is 1. That means the progress bar UI will not display real progress and will stay at 100%.
java.lang.IllegalArgumentException
[catch] at org.netbeans.modules.progress.spi.InternalHandle.progress(InternalHandle.java:329)
	at org.netbeans.api.progress.ProgressHandle.progress(ProgressHandle.java:264)
	at org.netbeans.modules.autoupdate.services.InstallSupportImpl$RefreshModulesListener.propertyChange(InstallSupportImpl.java:1261)
	at org.netbeans.updater.UpdaterInternal$1Context.firePropertyChange(UpdaterInternal.java:97)
	at org.netbeans.updater.UpdaterInternal$1Context.unpackingIsRunning(UpdaterInternal.java:64)
	at org.netbeans.updater.ModuleUpdater.unpack(ModuleUpdater.java:311)
	at org.netbeans.updater.ModuleUpdater.run(ModuleUpdater.java:118)
INFO [org.netbeans.updater]: File installed C:\Users\lukas.godayol-bonay\Desktop\Semestre2\M.Gil\MonPortFolioSIO\Collab\config\Modules\org-netbeans-modules-websvc-clientapi.xml@0
INFO [org.netbeans.updater]: Copied file C:\Users\lukas.godayol-bonay\Desktop\Semestre2\M.Gil\MonPortFolioSIO\Collab\update\download\org-netbeans-modules-websvc-clientapi.nbm:netbeans/config/Modules/org-netbeans-modules-websvc-clientapi.xml to C:\Users\lukas.godayol-bonay\Desktop\Semestre2\M.Gil\MonPortFolioSIO\Collab\config\Modules\org-netbeans-modules-websvc-clientapi.xml
INFO [org.netbeans.updater]: File installed C:\Users\lukas.godayol-bonay\Desktop\Semestre2\M.Gil\MonPortFolioSIO\Collab\modules\org-netbeans-modules-websvc-clientapi.jar@0
INFO [org.netbeans.updater]: Copied file C:\Users\lukas.godayol-bonay\Desktop\Semestre2\M.Gil\MonPortFolioSIO\Collab\update\download\org-netbeans-modules-websvc-clientapi.nbm:netbeans/modules/org-netbeans-modules-websvc-clientapi.jar to C:\Users\lukas.godayol-bonay\Desktop\Semestre2\M.Gil\MonPortFolioSIO\Collab\modules\org-netbeans-modules-websvc-clientapi.jar
INFO [org.netbeans.updater]: File C:\Users\lukas.godayol-bonay\Desktop\Semestre2\M.Gil\MonPortFolioSIO\Collab\update\download\org-netbeans-modules-websvc-clientapi.nbm deleted.
INFO [org.netbeans.updater]: Use XML Transformer: com.sun.org.apache.xalan.internal.xsltc.trax.TransformerImpl@470f0405
INFO [org.netbeans.updater]: File C:\Users\lukas.godayol-bonay\Desktop\Semestre2\M.Gil\MonPortFolioSIO\Collab\update_tracking\org-netbeans-modules-websvc-clientapi.xml modified.
INFO [org.netbeans.updater]: File installed C:\Users\lukas.godayol-bonay\Desktop\Semestre2\M.Gil\MonPortFolioSIO\Collab\update_tracking\org-netbeans-modules-websvc-clientapi.xml@0
INFO [org.netbeans.updater]: 780: Unpacking org-netbeans-modules-payara-jakartaee.nbm
INFO [org.netbeans.modules.progress.spi.InternalHandle]: Cannot process more work than scheduled. Progress handle with name "Installing plugins..." has requested progress to workunit no.18 but the total number of workunits is 1. That means the progress bar UI will not display real progress and will stay at 100%.
java.lang.IllegalArgumentException
[catch] at org.netbeans.modules.progress.spi.InternalHandle.progress(InternalHandle.java:329)
	at org.netbeans.api.progress.ProgressHandle.progress(ProgressHandle.java:264)
	at org.netbeans.modules.autoupdate.services.InstallSupportImpl$RefreshModulesListener.propertyChange(InstallSupportImpl.java:1261)
	at org.netbeans.updater.UpdaterInternal$1Context.firePropertyChange(UpdaterInternal.java:97)
	at org.netbeans.updater.UpdaterInternal$1Context.unpackingIsRunning(UpdaterInternal.java:64)
	at org.netbeans.updater.ModuleUpdater.unpack(ModuleUpdater.java:311)
	at org.netbeans.updater.ModuleUpdater.run(ModuleUpdater.java:118)
INFO [org.netbeans.updater]: File installed C:\Users\lukas.godayol-bonay\Desktop\Semestre2\M.Gil\MonPortFolioSIO\Collab\config\Modules\org-netbeans-modules-payara-jakartaee.xml@0
INFO [org.netbeans.updater]: Copied file C:\Users\lukas.godayol-bonay\Desktop\Semestre2\M.Gil\MonPortFolioSIO\Collab\update\download\org-netbeans-modules-payara-jakartaee.nbm:netbeans/config/Modules/org-netbeans-modules-payara-jakartaee.xml to C:\Users\lukas.godayol-bonay\Desktop\Semestre2\M.Gil\MonPortFolioSIO\Collab\config\Modules\org-netbeans-modules-payara-jakartaee.xml
INFO [org.netbeans.updater]: File installed C:\Users\lukas.godayol-bonay\Desktop\Semestre2\M.Gil\MonPortFolioSIO\Collab\modules\org-netbeans-modules-payara-jakartaee.jar@0
INFO [org.netbeans.updater]: Copied file C:\Users\lukas.godayol-bonay\Desktop\Semestre2\M.Gil\MonPortFolioSIO\Collab\update\download\org-netbeans-modules-payara-jakartaee.nbm:netbeans/modules/org-netbeans-modules-payara-jakartaee.jar to C:\Users\lukas.godayol-bonay\Desktop\Semestre2\M.Gil\MonPortFolioSIO\Collab\modules\org-netbeans-modules-payara-jakartaee.jar
INFO [org.netbeans.updater]: File C:\Users\lukas.godayol-bonay\Desktop\Semestre2\M.Gil\MonPortFolioSIO\Collab\update\download\org-netbeans-modules-payara-jakartaee.nbm deleted.
INFO [org.netbeans.updater]: Use XML Transformer: com.sun.org.apache.xalan.internal.xsltc.trax.TransformerImpl@4ee216c6
INFO [org.netbeans.updater]: File C:\Users\lukas.godayol-bonay\Desktop\Semestre2\M.Gil\MonPortFolioSIO\Collab\update_tracking\org-netbeans-modules-payara-jakartaee.xml modified.
INFO [org.netbeans.updater]: File installed C:\Users\lukas.godayol-bonay\Desktop\Semestre2\M.Gil\MonPortFolioSIO\Collab\update_tracking\org-netbeans-modules-payara-jakartaee.xml@0
INFO [org.netbeans.updater]: 780: Unpacking org-netbeans-libs-jackson.nbm
INFO [org.netbeans.modules.progress.spi.InternalHandle]: Cannot process more work than scheduled. Progress handle with name "Installing plugins..." has requested progress to workunit no.19 but the total number of workunits is 1. That means the progress bar UI will not display real progress and will stay at 100%.
java.lang.IllegalArgumentException
[catch] at org.netbeans.modules.progress.spi.InternalHandle.progress(InternalHandle.java:329)
	at org.netbeans.api.progress.ProgressHandle.progress(ProgressHandle.java:264)
	at org.netbeans.modules.autoupdate.services.InstallSupportImpl$RefreshModulesListener.propertyChange(InstallSupportImpl.java:1261)
	at org.netbeans.updater.UpdaterInternal$1Context.firePropertyChange(UpdaterInternal.java:97)
	at org.netbeans.updater.UpdaterInternal$1Context.unpackingIsRunning(UpdaterInternal.java:64)
	at org.netbeans.updater.ModuleUpdater.unpack(ModuleUpdater.java:311)
	at org.netbeans.updater.ModuleUpdater.run(ModuleUpdater.java:118)
INFO [org.netbeans.updater]: File installed C:\Users\lukas.godayol-bonay\Desktop\Semestre2\M.Gil\MonPortFolioSIO\Collab\config\Modules\org-netbeans-libs-jackson.xml@0
INFO [org.netbeans.updater]: Copied file C:\Users\lukas.godayol-bonay\Desktop\Semestre2\M.Gil\MonPortFolioSIO\Collab\update\download\org-netbeans-libs-jackson.nbm:netbeans/config/Modules/org-netbeans-libs-jackson.xml to C:\Users\lukas.godayol-bonay\Desktop\Semestre2\M.Gil\MonPortFolioSIO\Collab\config\Modules\org-netbeans-libs-jackson.xml
INFO [org.netbeans.updater]: File installed C:\Users\lukas.godayol-bonay\Desktop\Semestre2\M.Gil\MonPortFolioSIO\Collab\modules\ext\jackson\jackson-annotations-2.13.5.jar@0
INFO [org.netbeans.updater]: Copied file C:\Users\lukas.godayol-bonay\Desktop\Semestre2\M.Gil\MonPortFolioSIO\Collab\update\download\org-netbeans-libs-jackson.nbm:netbeans/modules/ext/jackson/jackson-annotations-2.13.5.jar to C:\Users\lukas.godayol-bonay\Desktop\Semestre2\M.Gil\MonPortFolioSIO\Collab\modules\ext\jackson\jackson-annotations-2.13.5.jar
INFO [org.netbeans.updater]: File installed C:\Users\lukas.godayol-bonay\Desktop\Semestre2\M.Gil\MonPortFolioSIO\Collab\modules\ext\jackson\jackson-core-2.13.5.jar@0
INFO [org.netbeans.updater]: Copied file C:\Users\lukas.godayol-bonay\Desktop\Semestre2\M.Gil\MonPortFolioSIO\Collab\update\download\org-netbeans-libs-jackson.nbm:netbeans/modules/ext/jackson/jackson-core-2.13.5.jar to C:\Users\lukas.godayol-bonay\Desktop\Semestre2\M.Gil\MonPortFolioSIO\Collab\modules\ext\jackson\jackson-core-2.13.5.jar
INFO [org.netbeans.updater]: File installed C:\Users\lukas.godayol-bonay\Desktop\Semestre2\M.Gil\MonPortFolioSIO\Collab\modules\ext\jackson\jackson-databind-2.13.5.jar@0
INFO [org.netbeans.updater]: Copied file C:\Users\lukas.godayol-bonay\Desktop\Semestre2\M.Gil\MonPortFolioSIO\Collab\update\download\org-netbeans-libs-jackson.nbm:netbeans/modules/ext/jackson/jackson-databind-2.13.5.jar to C:\Users\lukas.godayol-bonay\Desktop\Semestre2\M.Gil\MonPortFolioSIO\Collab\modules\ext\jackson\jackson-databind-2.13.5.jar
INFO [org.netbeans.updater]: File installed C:\Users\lukas.godayol-bonay\Desktop\Semestre2\M.Gil\MonPortFolioSIO\Collab\modules\ext\jackson\jackson-dataformat-cbor-2.13.5.jar@0
INFO [org.netbeans.updater]: Copied file C:\Users\lukas.godayol-bonay\Desktop\Semestre2\M.Gil\MonPortFolioSIO\Collab\update\download\org-netbeans-libs-jackson.nbm:netbeans/modules/ext/jackson/jackson-dataformat-cbor-2.13.5.jar to C:\Users\lukas.godayol-bonay\Desktop\Semestre2\M.Gil\MonPortFolioSIO\Collab\modules\ext\jackson\jackson-dataformat-cbor-2.13.5.jar
INFO [org.netbeans.updater]: File installed C:\Users\lukas.godayol-bonay\Desktop\Semestre2\M.Gil\MonPortFolioSIO\Collab\modules\ext\jackson\jackson-datatype-jsr310-2.13.5.jar@0
INFO [org.netbeans.updater]: Copied file C:\Users\lukas.godayol-bonay\Desktop\Semestre2\M.Gil\MonPortFolioSIO\Collab\update\download\org-netbeans-libs-jackson.nbm:netbeans/modules/ext/jackson/jackson-datatype-jsr310-2.13.5.jar to C:\Users\lukas.godayol-bonay\Desktop\Semestre2\M.Gil\MonPortFolioSIO\Collab\modules\ext\jackson\jackson-datatype-jsr310-2.13.5.jar
INFO [org.netbeans.updater]: File installed C:\Users\lukas.godayol-bonay\Desktop\Semestre2\M.Gil\MonPortFolioSIO\Collab\modules\ext\jackson\jackson-module-jaxb-annotations-2.13.5.jar@0
INFO [org.netbeans.updater]: Copied file C:\Users\lukas.godayol-bonay\Desktop\Semestre2\M.Gil\MonPortFolioSIO\Collab\update\download\org-netbeans-libs-jackson.nbm:netbeans/modules/ext/jackson/jackson-module-jaxb-annotations-2.13.5.jar to C:\Users\lukas.godayol-bonay\Desktop\Semestre2\M.Gil\MonPortFolioSIO\Collab\modules\ext\jackson\jackson-module-jaxb-annotations-2.13.5.jar
INFO [org.netbeans.updater]: File installed C:\Users\lukas.godayol-bonay\Desktop\Semestre2\M.Gil\MonPortFolioSIO\Collab\modules\org-netbeans-libs-jackson.jar@0
INFO [org.netbeans.updater]: Copied file C:\Users\lukas.godayol-bonay\Desktop\Semestre2\M.Gil\MonPortFolioSIO\Collab\update\download\org-netbeans-libs-jackson.nbm:netbeans/modules/org-netbeans-libs-jackson.jar to C:\Users\lukas.godayol-bonay\Desktop\Semestre2\M.Gil\MonPortFolioSIO\Collab\modules\org-netbeans-libs-jackson.jar
INFO [org.netbeans.updater]: File C:\Users\lukas.godayol-bonay\Desktop\Semestre2\M.Gil\MonPortFolioSIO\Collab\update\download\org-netbeans-libs-jackson.nbm deleted.
INFO [org.netbeans.updater]: Use XML Transformer: com.sun.org.apache.xalan.internal.xsltc.trax.TransformerImpl@2714ac3c
INFO [org.netbeans.updater]: File C:\Users\lukas.godayol-bonay\Desktop\Semestre2\M.Gil\MonPortFolioSIO\Collab\update_tracking\org-netbeans-libs-jackson.xml modified.
INFO [org.netbeans.updater]: File installed C:\Users\lukas.godayol-bonay\Desktop\Semestre2\M.Gil\MonPortFolioSIO\Collab\update_tracking\org-netbeans-libs-jackson.xml@0
INFO [org.netbeans.updater]: 780: Unpacking org-netbeans-modules-java-source.nbm
INFO [org.netbeans.modules.progress.spi.InternalHandle]: Cannot process more work than scheduled. Progress handle with name "Installing plugins..." has requested progress to workunit no.20 but the total number of workunits is 1. That means the progress bar UI will not display real progress and will stay at 100%.
java.lang.IllegalArgumentException
[catch] at org.netbeans.modules.progress.spi.InternalHandle.progress(InternalHandle.java:329)
	at org.netbeans.api.progress.ProgressHandle.progress(ProgressHandle.java:264)
	at org.netbeans.modules.autoupdate.services.InstallSupportImpl$RefreshModulesListener.propertyChange(InstallSupportImpl.java:1261)
	at org.netbeans.updater.UpdaterInternal$1Context.firePropertyChange(UpdaterInternal.java:97)
	at org.netbeans.updater.UpdaterInternal$1Context.unpackingIsRunning(UpdaterInternal.java:64)
	at org.netbeans.updater.ModuleUpdater.unpack(ModuleUpdater.java:311)
	at org.netbeans.updater.ModuleUpdater.run(ModuleUpdater.java:118)
INFO [org.netbeans.updater]: File installed C:\Users\lukas.godayol-bonay\Desktop\Semestre2\M.Gil\MonPortFolioSIO\Collab\config\ModuleAutoDeps\org-netbeans-modules-java-source.xml@0
INFO [org.netbeans.updater]: Copied file C:\Users\lukas.godayol-bonay\Desktop\Semestre2\M.Gil\MonPortFolioSIO\Collab\update\download\org-netbeans-modules-java-source.nbm:netbeans/config/ModuleAutoDeps/org-netbeans-modules-java-source.xml to C:\Users\lukas.godayol-bonay\Desktop\Semestre2\M.Gil\MonPortFolioSIO\Collab\config\ModuleAutoDeps\org-netbeans-modules-java-source.xml
INFO [org.netbeans.updater]: File installed C:\Users\lukas.godayol-bonay\Desktop\Semestre2\M.Gil\MonPortFolioSIO\Collab\config\Modules\org-netbeans-modules-java-source.xml@0
INFO [org.netbeans.updater]: Copied file C:\Users\lukas.godayol-bonay\Desktop\Semestre2\M.Gil\MonPortFolioSIO\Collab\update\download\org-netbeans-modules-java-source.nbm:netbeans/config/Modules/org-netbeans-modules-java-source.xml to C:\Users\lukas.godayol-bonay\Desktop\Semestre2\M.Gil\MonPortFolioSIO\Collab\config\Modules\org-netbeans-modules-java-source.xml
INFO [org.netbeans.updater]: File installed C:\Users\lukas.godayol-bonay\Desktop\Semestre2\M.Gil\MonPortFolioSIO\Collab\modules\org-netbeans-modules-java-source.jar@0
INFO [org.netbeans.updater]: Copied file C:\Users\lukas.godayol-bonay\Desktop\Semestre2\M.Gil\MonPortFolioSIO\Collab\update\download\org-netbeans-modules-java-source.nbm:netbeans/modules/org-netbeans-modules-java-source.jar to C:\Users\lukas.godayol-bonay\Desktop\Semestre2\M.Gil\MonPortFolioSIO\Collab\modules\org-netbeans-modules-java-source.jar
INFO [org.netbeans.updater]: File C:\Users\lukas.godayol-bonay\Desktop\Semestre2\M.Gil\MonPortFolioSIO\Collab\update\download\org-netbeans-modules-java-source.nbm deleted.
INFO [org.netbeans.updater]: Use XML Transformer: com.sun.org.apache.xalan.internal.xsltc.trax.TransformerImpl@3a0e8c8
INFO [org.netbeans.updater]: File C:\Users\lukas.godayol-bonay\Desktop\Semestre2\M.Gil\MonPortFolioSIO\Collab\update_tracking\org-netbeans-modules-java-source.xml modified.
INFO [org.netbeans.updater]: File installed C:\Users\lukas.godayol-bonay\Desktop\Semestre2\M.Gil\MonPortFolioSIO\Collab\update_tracking\org-netbeans-modules-java-source.xml@0
INFO [org.netbeans.updater]: 780: Unpacking org-netbeans-modules-websvc-jaxwsapi.nbm
INFO [org.netbeans.modules.progress.spi.InternalHandle]: Cannot process more work than scheduled. Progress handle with name "Installing plugins..." has requested progress to workunit no.21 but the total number of workunits is 1. That means the progress bar UI will not display real progress and will stay at 100%.
java.lang.IllegalArgumentException
[catch] at org.netbeans.modules.progress.spi.InternalHandle.progress(InternalHandle.java:329)
	at org.netbeans.api.progress.ProgressHandle.progress(ProgressHandle.java:264)
	at org.netbeans.modules.autoupdate.services.InstallSupportImpl$RefreshModulesListener.propertyChange(InstallSupportImpl.java:1261)
	at org.netbeans.updater.UpdaterInternal$1Context.firePropertyChange(UpdaterInternal.java:97)
	at org.netbeans.updater.UpdaterInternal$1Context.unpackingIsRunning(UpdaterInternal.java:64)
	at org.netbeans.updater.ModuleUpdater.unpack(ModuleUpdater.java:311)
	at org.netbeans.updater.ModuleUpdater.run(ModuleUpdater.java:118)
INFO [org.netbeans.updater]: File installed C:\Users\lukas.godayol-bonay\Desktop\Semestre2\M.Gil\MonPortFolioSIO\Collab\config\Modules\org-netbeans-modules-websvc-jaxwsapi.xml@0
INFO [org.netbeans.updater]: Copied file C:\Users\lukas.godayol-bonay\Desktop\Semestre2\M.Gil\MonPortFolioSIO\Collab\update\download\org-netbeans-modules-websvc-jaxwsapi.nbm:netbeans/config/Modules/org-netbeans-modules-websvc-jaxwsapi.xml to C:\Users\lukas.godayol-bonay\Desktop\Semestre2\M.Gil\MonPortFolioSIO\Collab\config\Modules\org-netbeans-modules-websvc-jaxwsapi.xml
INFO [org.netbeans.updater]: File installed C:\Users\lukas.godayol-bonay\Desktop\Semestre2\M.Gil\MonPortFolioSIO\Collab\modules\org-netbeans-modules-websvc-jaxwsapi.jar@0
INFO [org.netbeans.updater]: Copied file C:\Users\lukas.godayol-bonay\Desktop\Semestre2\M.Gil\MonPortFolioSIO\Collab\update\download\org-netbeans-modules-websvc-jaxwsapi.nbm:netbeans/modules/org-netbeans-modules-websvc-jaxwsapi.jar to C:\Users\lukas.godayol-bonay\Desktop\Semestre2\M.Gil\MonPortFolioSIO\Collab\modules\org-netbeans-modules-websvc-jaxwsapi.jar
INFO [org.netbeans.updater]: File C:\Users\lukas.godayol-bonay\Desktop\Semestre2\M.Gil\MonPortFolioSIO\Collab\update\download\org-netbeans-modules-websvc-jaxwsapi.nbm deleted.
INFO [org.netbeans.updater]: Use XML Transformer: com.sun.org.apache.xalan.internal.xsltc.trax.TransformerImpl@6e2c6f7c
INFO [org.netbeans.updater]: File C:\Users\lukas.godayol-bonay\Desktop\Semestre2\M.Gil\MonPortFolioSIO\Collab\update_tracking\org-netbeans-modules-websvc-jaxwsapi.xml modified.
INFO [org.netbeans.updater]: File installed C:\Users\lukas.godayol-bonay\Desktop\Semestre2\M.Gil\MonPortFolioSIO\Collab\update_tracking\org-netbeans-modules-websvc-jaxwsapi.xml@0
INFO [org.netbeans.updater]: 780: Unpacking org-netbeans-modules-j2ee-dd-webservice.nbm
INFO [org.netbeans.modules.progress.spi.InternalHandle]: Cannot process more work than scheduled. Progress handle with name "Installing plugins..." has requested progress to workunit no.22 but the total number of workunits is 1. That means the progress bar UI will not display real progress and will stay at 100%.
java.lang.IllegalArgumentException
[catch] at org.netbeans.modules.progress.spi.InternalHandle.progress(InternalHandle.java:329)
	at org.netbeans.api.progress.ProgressHandle.progress(ProgressHandle.java:264)
	at org.netbeans.modules.autoupdate.services.InstallSupportImpl$RefreshModulesListener.propertyChange(InstallSupportImpl.java:1261)
	at org.netbeans.updater.UpdaterInternal$1Context.firePropertyChange(UpdaterInternal.java:97)
	at org.netbeans.updater.UpdaterInternal$1Context.unpackingIsRunning(UpdaterInternal.java:64)
	at org.netbeans.updater.ModuleUpdater.unpack(ModuleUpdater.java:311)
	at org.netbeans.updater.ModuleUpdater.run(ModuleUpdater.java:118)
INFO [org.netbeans.updater]: File installed C:\Users\lukas.godayol-bonay\Desktop\Semestre2\M.Gil\MonPortFolioSIO\Collab\config\Modules\org-netbeans-modules-j2ee-dd-webservice.xml@0
INFO [org.netbeans.updater]: Copied file C:\Users\lukas.godayol-bonay\Desktop\Semestre2\M.Gil\MonPortFolioSIO\Collab\update\download\org-netbeans-modules-j2ee-dd-webservice.nbm:netbeans/config/Modules/org-netbeans-modules-j2ee-dd-webservice.xml to C:\Users\lukas.godayol-bonay\Desktop\Semestre2\M.Gil\MonPortFolioSIO\Collab\config\Modules\org-netbeans-modules-j2ee-dd-webservice.xml
INFO [org.netbeans.updater]: File installed C:\Users\lukas.godayol-bonay\Desktop\Semestre2\M.Gil\MonPortFolioSIO\Collab\modules\org-netbeans-modules-j2ee-dd-webservice.jar@0
INFO [org.netbeans.updater]: Copied file C:\Users\lukas.godayol-bonay\Desktop\Semestre2\M.Gil\MonPortFolioSIO\Collab\update\download\org-netbeans-modules-j2ee-dd-webservice.nbm:netbeans/modules/org-netbeans-modules-j2ee-dd-webservice.jar to C:\Users\lukas.godayol-bonay\Desktop\Semestre2\M.Gil\MonPortFolioSIO\Collab\modules\org-netbeans-modules-j2ee-dd-webservice.jar
INFO [org.netbeans.updater]: File C:\Users\lukas.godayol-bonay\Desktop\Semestre2\M.Gil\MonPortFolioSIO\Collab\update\download\org-netbeans-modules-j2ee-dd-webservice.nbm deleted.
INFO [org.netbeans.updater]: Use XML Transformer: com.sun.org.apache.xalan.internal.xsltc.trax.TransformerImpl@3dc5455f
INFO [org.netbeans.updater]: File C:\Users\lukas.godayol-bonay\Desktop\Semestre2\M.Gil\MonPortFolioSIO\Collab\update_tracking\org-netbeans-modules-j2ee-dd-webservice.xml modified.
INFO [org.netbeans.updater]: File installed C:\Users\lukas.godayol-bonay\Desktop\Semestre2\M.Gil\MonPortFolioSIO\Collab\update_tracking\org-netbeans-modules-j2ee-dd-webservice.xml@0
INFO [org.netbeans.updater]: 780: Unpacking org-netbeans-modules-hudson-maven.nbm
INFO [org.netbeans.modules.progress.spi.InternalHandle]: Cannot process more work than scheduled. Progress handle with name "Installing plugins..." has requested progress to workunit no.23 but the total number of workunits is 1. That means the progress bar UI will not display real progress and will stay at 100%.
java.lang.IllegalArgumentException
[catch] at org.netbeans.modules.progress.spi.InternalHandle.progress(InternalHandle.java:329)
	at org.netbeans.api.progress.ProgressHandle.progress(ProgressHandle.java:264)
	at org.netbeans.modules.autoupdate.services.InstallSupportImpl$RefreshModulesListener.propertyChange(InstallSupportImpl.java:1261)
	at org.netbeans.updater.UpdaterInternal$1Context.firePropertyChange(UpdaterInternal.java:97)
	at org.netbeans.updater.UpdaterInternal$1Context.unpackingIsRunning(UpdaterInternal.java:64)
	at org.netbeans.updater.ModuleUpdater.unpack(ModuleUpdater.java:311)
	at org.netbeans.updater.ModuleUpdater.run(ModuleUpdater.java:118)
INFO [org.netbeans.updater]: File installed C:\Users\lukas.godayol-bonay\Desktop\Semestre2\M.Gil\MonPortFolioSIO\Collab\config\Modules\org-netbeans-modules-hudson-maven.xml@0
INFO [org.netbeans.updater]: Copied file C:\Users\lukas.godayol-bonay\Desktop\Semestre2\M.Gil\MonPortFolioSIO\Collab\update\download\org-netbeans-modules-hudson-maven.nbm:netbeans/config/Modules/org-netbeans-modules-hudson-maven.xml to C:\Users\lukas.godayol-bonay\Desktop\Semestre2\M.Gil\MonPortFolioSIO\Collab\config\Modules\org-netbeans-modules-hudson-maven.xml
INFO [org.netbeans.updater]: File installed C:\Users\lukas.godayol-bonay\Desktop\Semestre2\M.Gil\MonPortFolioSIO\Collab\modules\org-netbeans-modules-hudson-maven.jar@0
INFO [org.netbeans.updater]: Copied file C:\Users\lukas.godayol-bonay\Desktop\Semestre2\M.Gil\MonPortFolioSIO\Collab\update\download\org-netbeans-modules-hudson-maven.nbm:netbeans/modules/org-netbeans-modules-hudson-maven.jar to C:\Users\lukas.godayol-bonay\Desktop\Semestre2\M.Gil\MonPortFolioSIO\Collab\modules\org-netbeans-modules-hudson-maven.jar
INFO [org.netbeans.updater]: File C:\Users\lukas.godayol-bonay\Desktop\Semestre2\M.Gil\MonPortFolioSIO\Collab\update\download\org-netbeans-modules-hudson-maven.nbm deleted.
INFO [org.netbeans.updater]: Use XML Transformer: com.sun.org.apache.xalan.internal.xsltc.trax.TransformerImpl@3062d767
INFO [org.netbeans.updater]: File C:\Users\lukas.godayol-bonay\Desktop\Semestre2\M.Gil\MonPortFolioSIO\Collab\update_tracking\org-netbeans-modules-hudson-maven.xml modified.
INFO [org.netbeans.updater]: File installed C:\Users\lukas.godayol-bonay\Desktop\Semestre2\M.Gil\MonPortFolioSIO\Collab\update_tracking\org-netbeans-modules-hudson-maven.xml@0
INFO [org.netbeans.updater]: 780: Unpacking org-netbeans-modules-cloud-amazon.nbm
INFO [org.netbeans.modules.progress.spi.InternalHandle]: Cannot process more work than scheduled. Progress handle with name "Installing plugins..." has requested progress to workunit no.24 but the total number of workunits is 1. That means the progress bar UI will not display real progress and will stay at 100%.
java.lang.IllegalArgumentException
[catch] at org.netbeans.modules.progress.spi.InternalHandle.progress(InternalHandle.java:329)
	at org.netbeans.api.progress.ProgressHandle.progress(ProgressHandle.java:264)
	at org.netbeans.modules.autoupdate.services.InstallSupportImpl$RefreshModulesListener.propertyChange(InstallSupportImpl.java:1261)
	at org.netbeans.updater.UpdaterInternal$1Context.firePropertyChange(UpdaterInternal.java:97)
	at org.netbeans.updater.UpdaterInternal$1Context.unpackingIsRunning(UpdaterInternal.java:64)
	at org.netbeans.updater.ModuleUpdater.unpack(ModuleUpdater.java:311)
	at org.netbeans.updater.ModuleUpdater.run(ModuleUpdater.java:118)
INFO [org.netbeans.updater]: File installed C:\Users\lukas.godayol-bonay\Desktop\Semestre2\M.Gil\MonPortFolioSIO\Collab\config\Modules\org-netbeans-modules-cloud-amazon.xml@0
INFO [org.netbeans.updater]: Copied file C:\Users\lukas.godayol-bonay\Desktop\Semestre2\M.Gil\MonPortFolioSIO\Collab\update\download\org-netbeans-modules-cloud-amazon.nbm:netbeans/config/Modules/org-netbeans-modules-cloud-amazon.xml to C:\Users\lukas.godayol-bonay\Desktop\Semestre2\M.Gil\MonPortFolioSIO\Collab\config\Modules\org-netbeans-modules-cloud-amazon.xml
INFO [org.netbeans.updater]: File installed C:\Users\lukas.godayol-bonay\Desktop\Semestre2\M.Gil\MonPortFolioSIO\Collab\modules\org-netbeans-modules-cloud-amazon.jar@0
INFO [org.netbeans.updater]: Copied file C:\Users\lukas.godayol-bonay\Desktop\Semestre2\M.Gil\MonPortFolioSIO\Collab\update\download\org-netbeans-modules-cloud-amazon.nbm:netbeans/modules/org-netbeans-modules-cloud-amazon.jar to C:\Users\lukas.godayol-bonay\Desktop\Semestre2\M.Gil\MonPortFolioSIO\Collab\modules\org-netbeans-modules-cloud-amazon.jar
INFO [org.netbeans.updater]: File C:\Users\lukas.godayol-bonay\Desktop\Semestre2\M.Gil\MonPortFolioSIO\Collab\update\download\org-netbeans-modules-cloud-amazon.nbm deleted.
INFO [org.netbeans.updater]: Use XML Transformer: com.sun.org.apache.xalan.internal.xsltc.trax.TransformerImpl@61b14e66
INFO [org.netbeans.updater]: File C:\Users\lukas.godayol-bonay\Desktop\Semestre2\M.Gil\MonPortFolioSIO\Collab\update_tracking\org-netbeans-modules-cloud-amazon.xml modified.
INFO [org.netbeans.updater]: File installed C:\Users\lukas.godayol-bonay\Desktop\Semestre2\M.Gil\MonPortFolioSIO\Collab\update_tracking\org-netbeans-modules-cloud-amazon.xml@0
INFO [org.netbeans.updater]: 780: Unpacking org-netbeans-modules-web-jsfapi.nbm
INFO [org.netbeans.modules.progress.spi.InternalHandle]: Cannot process more work than scheduled. Progress handle with name "Installing plugins..." has requested progress to workunit no.25 but the total number of workunits is 1. That means the progress bar UI will not display real progress and will stay at 100%.
java.lang.IllegalArgumentException
[catch] at org.netbeans.modules.progress.spi.InternalHandle.progress(InternalHandle.java:329)
	at org.netbeans.api.progress.ProgressHandle.progress(ProgressHandle.java:264)
	at org.netbeans.modules.autoupdate.services.InstallSupportImpl$RefreshModulesListener.propertyChange(InstallSupportImpl.java:1261)
	at org.netbeans.updater.UpdaterInternal$1Context.firePropertyChange(UpdaterInternal.java:97)
	at org.netbeans.updater.UpdaterInternal$1Context.unpackingIsRunning(UpdaterInternal.java:64)
	at org.netbeans.updater.ModuleUpdater.unpack(ModuleUpdater.java:311)
	at org.netbeans.updater.ModuleUpdater.run(ModuleUpdater.java:118)
INFO [org.netbeans.updater]: File installed C:\Users\lukas.godayol-bonay\Desktop\Semestre2\M.Gil\MonPortFolioSIO\Collab\config\Modules\org-netbeans-modules-web-jsfapi.xml@0
INFO [org.netbeans.updater]: Copied file C:\Users\lukas.godayol-bonay\Desktop\Semestre2\M.Gil\MonPortFolioSIO\Collab\update\download\org-netbeans-modules-web-jsfapi.nbm:netbeans/config/Modules/org-netbeans-modules-web-jsfapi.xml to C:\Users\lukas.godayol-bonay\Desktop\Semestre2\M.Gil\MonPortFolioSIO\Collab\config\Modules\org-netbeans-modules-web-jsfapi.xml
INFO [org.netbeans.updater]: File installed C:\Users\lukas.godayol-bonay\Desktop\Semestre2\M.Gil\MonPortFolioSIO\Collab\modules\org-netbeans-modules-web-jsfapi.jar@0
INFO [org.netbeans.updater]: Copied file C:\Users\lukas.godayol-bonay\Desktop\Semestre2\M.Gil\MonPortFolioSIO\Collab\update\download\org-netbeans-modules-web-jsfapi.nbm:netbeans/modules/org-netbeans-modules-web-jsfapi.jar to C:\Users\lukas.godayol-bonay\Desktop\Semestre2\M.Gil\MonPortFolioSIO\Collab\modules\org-netbeans-modules-web-jsfapi.jar
INFO [org.netbeans.updater]: File C:\Users\lukas.godayol-bonay\Desktop\Semestre2\M.Gil\MonPortFolioSIO\Collab\update\download\org-netbeans-modules-web-jsfapi.nbm deleted.
INFO [org.netbeans.updater]: Use XML Transformer: com.sun.org.apache.xalan.internal.xsltc.trax.TransformerImpl@102b4b6d
INFO [org.netbeans.updater]: File C:\Users\lukas.godayol-bonay\Desktop\Semestre2\M.Gil\MonPortFolioSIO\Collab\update_tracking\org-netbeans-modules-web-jsfapi.xml modified.
INFO [org.netbeans.updater]: File installed C:\Users\lukas.godayol-bonay\Desktop\Semestre2\M.Gil\MonPortFolioSIO\Collab\update_tracking\org-netbeans-modules-web-jsfapi.xml@0
INFO [org.netbeans.updater]: 780: Unpacking org-netbeans-modules-java-project.nbm
INFO [org.netbeans.modules.progress.spi.InternalHandle]: Cannot process more work than scheduled. Progress handle with name "Installing plugins..." has requested progress to workunit no.26 but the total number of workunits is 1. That means the progress bar UI will not display real progress and will stay at 100%.
java.lang.IllegalArgumentException
[catch] at org.netbeans.modules.progress.spi.InternalHandle.progress(InternalHandle.java:329)
	at org.netbeans.api.progress.ProgressHandle.progress(ProgressHandle.java:264)
	at org.netbeans.modules.autoupdate.services.InstallSupportImpl$RefreshModulesListener.propertyChange(InstallSupportImpl.java:1261)
	at org.netbeans.updater.UpdaterInternal$1Context.firePropertyChange(UpdaterInternal.java:97)
	at org.netbeans.updater.UpdaterInternal$1Context.unpackingIsRunning(UpdaterInternal.java:64)
	at org.netbeans.updater.ModuleUpdater.unpack(ModuleUpdater.java:311)
	at org.netbeans.updater.ModuleUpdater.run(ModuleUpdater.java:118)
INFO [org.netbeans.updater]: File installed C:\Users\lukas.godayol-bonay\Desktop\Semestre2\M.Gil\MonPortFolioSIO\Collab\config\ModuleAutoDeps\org-netbeans-modules-java-project.xml@0
INFO [org.netbeans.updater]: Copied file C:\Users\lukas.godayol-bonay\Desktop\Semestre2\M.Gil\MonPortFolioSIO\Collab\update\download\org-netbeans-modules-java-project.nbm:netbeans/config/ModuleAutoDeps/org-netbeans-modules-java-project.xml to C:\Users\lukas.godayol-bonay\Desktop\Semestre2\M.Gil\MonPortFolioSIO\Collab\config\ModuleAutoDeps\org-netbeans-modules-java-project.xml
INFO [org.netbeans.updater]: File installed C:\Users\lukas.godayol-bonay\Desktop\Semestre2\M.Gil\MonPortFolioSIO\Collab\config\Modules\org-netbeans-modules-java-project.xml@0
INFO [org.netbeans.updater]: Copied file C:\Users\lukas.godayol-bonay\Desktop\Semestre2\M.Gil\MonPortFolioSIO\Collab\update\download\org-netbeans-modules-java-project.nbm:netbeans/config/Modules/org-netbeans-modules-java-project.xml to C:\Users\lukas.godayol-bonay\Desktop\Semestre2\M.Gil\MonPortFolioSIO\Collab\config\Modules\org-netbeans-modules-java-project.xml
INFO [org.netbeans.updater]: File installed C:\Users\lukas.godayol-bonay\Desktop\Semestre2\M.Gil\MonPortFolioSIO\Collab\modules\org-netbeans-modules-java-project.jar@0
INFO [org.netbeans.updater]: Copied file C:\Users\lukas.godayol-bonay\Desktop\Semestre2\M.Gil\MonPortFolioSIO\Collab\update\download\org-netbeans-modules-java-project.nbm:netbeans/modules/org-netbeans-modules-java-project.jar to C:\Users\lukas.godayol-bonay\Desktop\Semestre2\M.Gil\MonPortFolioSIO\Collab\modules\org-netbeans-modules-java-project.jar
INFO [org.netbeans.updater]: File C:\Users\lukas.godayol-bonay\Desktop\Semestre2\M.Gil\MonPortFolioSIO\Collab\update\download\org-netbeans-modules-java-project.nbm deleted.
INFO [org.netbeans.updater]: Use XML Transformer: com.sun.org.apache.xalan.internal.xsltc.trax.TransformerImpl@60c7a0dd
INFO [org.netbeans.updater]: File C:\Users\lukas.godayol-bonay\Desktop\Semestre2\M.Gil\MonPortFolioSIO\Collab\update_tracking\org-netbeans-modules-java-project.xml modified.
INFO [org.netbeans.updater]: File installed C:\Users\lukas.godayol-bonay\Desktop\Semestre2\M.Gil\MonPortFolioSIO\Collab\update_tracking\org-netbeans-modules-java-project.xml@0
INFO [org.netbeans.updater]: 780: Unpacking org-netbeans-modules-websvc-wsstackapi.nbm
INFO [org.netbeans.modules.progress.spi.InternalHandle]: Cannot process more work than scheduled. Progress handle with name "Installing plugins..." has requested progress to workunit no.27 but the total number of workunits is 1. That means the progress bar UI will not display real progress and will stay at 100%.
java.lang.IllegalArgumentException
[catch] at org.netbeans.modules.progress.spi.InternalHandle.progress(InternalHandle.java:329)
	at org.netbeans.api.progress.ProgressHandle.progress(ProgressHandle.java:264)
	at org.netbeans.modules.autoupdate.services.InstallSupportImpl$RefreshModulesListener.propertyChange(InstallSupportImpl.java:1261)
	at org.netbeans.updater.UpdaterInternal$1Context.firePropertyChange(UpdaterInternal.java:97)
	at org.netbeans.updater.UpdaterInternal$1Context.unpackingIsRunning(UpdaterInternal.java:64)
	at org.netbeans.updater.ModuleUpdater.unpack(ModuleUpdater.java:311)
	at org.netbeans.updater.ModuleUpdater.run(ModuleUpdater.java:118)
INFO [org.netbeans.updater]: File installed C:\Users\lukas.godayol-bonay\Desktop\Semestre2\M.Gil\MonPortFolioSIO\Collab\config\Modules\org-netbeans-modules-websvc-wsstackapi.xml@0
INFO [org.netbeans.updater]: Copied file C:\Users\lukas.godayol-bonay\Desktop\Semestre2\M.Gil\MonPortFolioSIO\Collab\update\download\org-netbeans-modules-websvc-wsstackapi.nbm:netbeans/config/Modules/org-netbeans-modules-websvc-wsstackapi.xml to C:\Users\lukas.godayol-bonay\Desktop\Semestre2\M.Gil\MonPortFolioSIO\Collab\config\Modules\org-netbeans-modules-websvc-wsstackapi.xml
INFO [org.netbeans.updater]: File installed C:\Users\lukas.godayol-bonay\Desktop\Semestre2\M.Gil\MonPortFolioSIO\Collab\modules\org-netbeans-modules-websvc-wsstackapi.jar@0
INFO [org.netbeans.updater]: Copied file C:\Users\lukas.godayol-bonay\Desktop\Semestre2\M.Gil\MonPortFolioSIO\Collab\update\download\org-netbeans-modules-websvc-wsstackapi.nbm:netbeans/modules/org-netbeans-modules-websvc-wsstackapi.jar to C:\Users\lukas.godayol-bonay\Desktop\Semestre2\M.Gil\MonPortFolioSIO\Collab\modules\org-netbeans-modules-websvc-wsstackapi.jar
INFO [org.netbeans.updater]: File C:\Users\lukas.godayol-bonay\Desktop\Semestre2\M.Gil\MonPortFolioSIO\Collab\update\download\org-netbeans-modules-websvc-wsstackapi.nbm deleted.
INFO [org.netbeans.updater]: Use XML Transformer: com.sun.org.apache.xalan.internal.xsltc.trax.TransformerImpl@162ba623
INFO [org.netbeans.updater]: File C:\Users\lukas.godayol-bonay\Desktop\Semestre2\M.Gil\MonPortFolioSIO\Collab\update_tracking\org-netbeans-modules-websvc-wsstackapi.xml modified.
INFO [org.netbeans.updater]: File installed C:\Users\lukas.godayol-bonay\Desktop\Semestre2\M.Gil\MonPortFolioSIO\Collab\update_tracking\org-netbeans-modules-websvc-wsstackapi.xml@0
INFO [org.netbeans.updater]: 780: Unpacking org-netbeans-modules-websvc-jaxws21.nbm
INFO [org.netbeans.modules.progress.spi.InternalHandle]: Cannot process more work than scheduled. Progress handle with name "Installing plugins..." has requested progress to workunit no.28 but the total number of workunits is 1. That means the progress bar UI will not display real progress and will stay at 100%.
java.lang.IllegalArgumentException
[catch] at org.netbeans.modules.progress.spi.InternalHandle.progress(InternalHandle.java:329)
	at org.netbeans.api.progress.ProgressHandle.progress(ProgressHandle.java:264)
	at org.netbeans.modules.autoupdate.services.InstallSupportImpl$RefreshModulesListener.propertyChange(InstallSupportImpl.java:1261)
	at org.netbeans.updater.UpdaterInternal$1Context.firePropertyChange(UpdaterInternal.java:97)
	at org.netbeans.updater.UpdaterInternal$1Context.unpackingIsRunning(UpdaterInternal.java:64)
	at org.netbeans.updater.ModuleUpdater.unpack(ModuleUpdater.java:311)
	at org.netbeans.updater.ModuleUpdater.run(ModuleUpdater.java:118)
INFO [org.netbeans.updater]: File installed C:\Users\lukas.godayol-bonay\Desktop\Semestre2\M.Gil\MonPortFolioSIO\Collab\config\Modules\org-netbeans-modules-websvc-jaxws21.xml@0
INFO [org.netbeans.updater]: Copied file C:\Users\lukas.godayol-bonay\Desktop\Semestre2\M.Gil\MonPortFolioSIO\Collab\update\download\org-netbeans-modules-websvc-jaxws21.nbm:netbeans/config/Modules/org-netbeans-modules-websvc-jaxws21.xml to C:\Users\lukas.godayol-bonay\Desktop\Semestre2\M.Gil\MonPortFolioSIO\Collab\config\Modules\org-netbeans-modules-websvc-jaxws21.xml
INFO [org.netbeans.updater]: File installed C:\Users\lukas.godayol-bonay\Desktop\Semestre2\M.Gil\MonPortFolioSIO\Collab\docs\jaxws-api-doc.zip@0
INFO [org.netbeans.updater]: Copied file C:\Users\lukas.godayol-bonay\Desktop\Semestre2\M.Gil\MonPortFolioSIO\Collab\update\download\org-netbeans-modules-websvc-jaxws21.nbm:netbeans/docs/jaxws-api-doc.zip to C:\Users\lukas.godayol-bonay\Desktop\Semestre2\M.Gil\MonPortFolioSIO\Collab\docs\jaxws-api-doc.zip
INFO [org.netbeans.updater]: File installed C:\Users\lukas.godayol-bonay\Desktop\Semestre2\M.Gil\MonPortFolioSIO\Collab\modules\ext\jaxws22\FastInfoset.jar@0
INFO [org.netbeans.updater]: Copied file C:\Users\lukas.godayol-bonay\Desktop\Semestre2\M.Gil\MonPortFolioSIO\Collab\update\download\org-netbeans-modules-websvc-jaxws21.nbm:netbeans/modules/ext/jaxws22/FastInfoset.jar to C:\Users\lukas.godayol-bonay\Desktop\Semestre2\M.Gil\MonPortFolioSIO\Collab\modules\ext\jaxws22\FastInfoset.jar
INFO [org.netbeans.updater]: File installed C:\Users\lukas.godayol-bonay\Desktop\Semestre2\M.Gil\MonPortFolioSIO\Collab\modules\ext\jaxws22\gmbal-api-only.jar@0
INFO [org.netbeans.updater]: Copied file C:\Users\lukas.godayol-bonay\Desktop\Semestre2\M.Gil\MonPortFolioSIO\Collab\update\download\org-netbeans-modules-websvc-jaxws21.nbm:netbeans/modules/ext/jaxws22/gmbal-api-only.jar to C:\Users\lukas.godayol-bonay\Desktop\Semestre2\M.Gil\MonPortFolioSIO\Collab\modules\ext\jaxws22\gmbal-api-only.jar
INFO [org.netbeans.updater]: File installed C:\Users\lukas.godayol-bonay\Desktop\Semestre2\M.Gil\MonPortFolioSIO\Collab\modules\ext\jaxws22\ha-api.jar@0
INFO [org.netbeans.updater]: Copied file C:\Users\lukas.godayol-bonay\Desktop\Semestre2\M.Gil\MonPortFolioSIO\Collab\update\download\org-netbeans-modules-websvc-jaxws21.nbm:netbeans/modules/ext/jaxws22/ha-api.jar to C:\Users\lukas.godayol-bonay\Desktop\Semestre2\M.Gil\MonPortFolioSIO\Collab\modules\ext\jaxws22\ha-api.jar
INFO [org.netbeans.updater]: File installed C:\Users\lukas.godayol-bonay\Desktop\Semestre2\M.Gil\MonPortFolioSIO\Collab\modules\ext\jaxws22\jakarta.mail.jar@0
INFO [org.netbeans.updater]: Copied file C:\Users\lukas.godayol-bonay\Desktop\Semestre2\M.Gil\MonPortFolioSIO\Collab\update\download\org-netbeans-modules-websvc-jaxws21.nbm:netbeans/modules/ext/jaxws22/jakarta.mail.jar to C:\Users\lukas.godayol-bonay\Desktop\Semestre2\M.Gil\MonPortFolioSIO\Collab\modules\ext\jaxws22\jakarta.mail.jar
INFO [org.netbeans.updater]: File installed C:\Users\lukas.godayol-bonay\Desktop\Semestre2\M.Gil\MonPortFolioSIO\Collab\modules\ext\jaxws22\jaxws-rt.jar@0
INFO [org.netbeans.updater]: Copied file C:\Users\lukas.godayol-bonay\Desktop\Semestre2\M.Gil\MonPortFolioSIO\Collab\update\download\org-netbeans-modules-websvc-jaxws21.nbm:netbeans/modules/ext/jaxws22/jaxws-rt.jar to C:\Users\lukas.godayol-bonay\Desktop\Semestre2\M.Gil\MonPortFolioSIO\Collab\modules\ext\jaxws22\jaxws-rt.jar
INFO [org.netbeans.updater]: File installed C:\Users\lukas.godayol-bonay\Desktop\Semestre2\M.Gil\MonPortFolioSIO\Collab\modules\ext\jaxws22\jaxws-tools.jar@0
INFO [org.netbeans.updater]: Copied file C:\Users\lukas.godayol-bonay\Desktop\Semestre2\M.Gil\MonPortFolioSIO\Collab\update\download\org-netbeans-modules-websvc-jaxws21.nbm:netbeans/modules/ext/jaxws22/jaxws-tools.jar to C:\Users\lukas.godayol-bonay\Desktop\Semestre2\M.Gil\MonPortFolioSIO\Collab\modules\ext\jaxws22\jaxws-tools.jar
INFO [org.netbeans.updater]: File installed C:\Users\lukas.godayol-bonay\Desktop\Semestre2\M.Gil\MonPortFolioSIO\Collab\modules\ext\jaxws22\management-api.jar@0
INFO [org.netbeans.updater]: Copied file C:\Users\lukas.godayol-bonay\Desktop\Semestre2\M.Gil\MonPortFolioSIO\Collab\update\download\org-netbeans-modules-websvc-jaxws21.nbm:netbeans/modules/ext/jaxws22/management-api.jar to C:\Users\lukas.godayol-bonay\Desktop\Semestre2\M.Gil\MonPortFolioSIO\Collab\modules\ext\jaxws22\management-api.jar
INFO [org.netbeans.updater]: File installed C:\Users\lukas.godayol-bonay\Desktop\Semestre2\M.Gil\MonPortFolioSIO\Collab\modules\ext\jaxws22\mimepull.jar@0
INFO [org.netbeans.updater]: Copied file C:\Users\lukas.godayol-bonay\Desktop\Semestre2\M.Gil\MonPortFolioSIO\Collab\update\download\org-netbeans-modules-websvc-jaxws21.nbm:netbeans/modules/ext/jaxws22/mimepull.jar to C:\Users\lukas.godayol-bonay\Desktop\Semestre2\M.Gil\MonPortFolioSIO\Collab\modules\ext\jaxws22\mimepull.jar
INFO [org.netbeans.updater]: File installed C:\Users\lukas.godayol-bonay\Desktop\Semestre2\M.Gil\MonPortFolioSIO\Collab\modules\ext\jaxws22\policy.jar@0
INFO [org.netbeans.updater]: Copied file C:\Users\lukas.godayol-bonay\Desktop\Semestre2\M.Gil\MonPortFolioSIO\Collab\update\download\org-netbeans-modules-websvc-jaxws21.nbm:netbeans/modules/ext/jaxws22/policy.jar to C:\Users\lukas.godayol-bonay\Desktop\Semestre2\M.Gil\MonPortFolioSIO\Collab\modules\ext\jaxws22\policy.jar
INFO [org.netbeans.updater]: File installed C:\Users\lukas.godayol-bonay\Desktop\Semestre2\M.Gil\MonPortFolioSIO\Collab\modules\ext\jaxws22\saaj-impl.jar@0
INFO [org.netbeans.updater]: Copied file C:\Users\lukas.godayol-bonay\Desktop\Semestre2\M.Gil\MonPortFolioSIO\Collab\update\download\org-netbeans-modules-websvc-jaxws21.nbm:netbeans/modules/ext/jaxws22/saaj-impl.jar to C:\Users\lukas.godayol-bonay\Desktop\Semestre2\M.Gil\MonPortFolioSIO\Collab\modules\ext\jaxws22\saaj-impl.jar
INFO [org.netbeans.updater]: File installed C:\Users\lukas.godayol-bonay\Desktop\Semestre2\M.Gil\MonPortFolioSIO\Collab\modules\ext\jaxws22\stax-ex.jar@0
INFO [org.netbeans.updater]: Copied file C:\Users\lukas.godayol-bonay\Desktop\Semestre2\M.Gil\MonPortFolioSIO\Collab\update\download\org-netbeans-modules-websvc-jaxws21.nbm:netbeans/modules/ext/jaxws22/stax-ex.jar to C:\Users\lukas.godayol-bonay\Desktop\Semestre2\M.Gil\MonPortFolioSIO\Collab\modules\ext\jaxws22\stax-ex.jar
INFO [org.netbeans.updater]: File installed C:\Users\lukas.godayol-bonay\Desktop\Semestre2\M.Gil\MonPortFolioSIO\Collab\modules\ext\jaxws22\stax2-api.jar@0
INFO [org.netbeans.updater]: Copied file C:\Users\lukas.godayol-bonay\Desktop\Semestre2\M.Gil\MonPortFolioSIO\Collab\update\download\org-netbeans-modules-websvc-jaxws21.nbm:netbeans/modules/ext/jaxws22/stax2-api.jar to C:\Users\lukas.godayol-bonay\Desktop\Semestre2\M.Gil\MonPortFolioSIO\Collab\modules\ext\jaxws22\stax2-api.jar
INFO [org.netbeans.updater]: File installed C:\Users\lukas.godayol-bonay\Desktop\Semestre2\M.Gil\MonPortFolioSIO\Collab\modules\ext\jaxws22\streambuffer.jar@0
INFO [org.netbeans.updater]: Copied file C:\Users\lukas.godayol-bonay\Desktop\Semestre2\M.Gil\MonPortFolioSIO\Collab\update\download\org-netbeans-modules-websvc-jaxws21.nbm:netbeans/modules/ext/jaxws22/streambuffer.jar to C:\Users\lukas.godayol-bonay\Desktop\Semestre2\M.Gil\MonPortFolioSIO\Collab\modules\ext\jaxws22\streambuffer.jar
INFO [org.netbeans.updater]: File installed C:\Users\lukas.godayol-bonay\Desktop\Semestre2\M.Gil\MonPortFolioSIO\Collab\modules\ext\jaxws22\woodstox-core.jar@0
INFO [org.netbeans.updater]: Copied file C:\Users\lukas.godayol-bonay\Desktop\Semestre2\M.Gil\MonPortFolioSIO\Collab\update\download\org-netbeans-modules-websvc-jaxws21.nbm:netbeans/modules/ext/jaxws22/woodstox-core.jar to C:\Users\lukas.godayol-bonay\Desktop\Semestre2\M.Gil\MonPortFolioSIO\Collab\modules\ext\jaxws22\woodstox-core.jar
INFO [org.netbeans.updater]: File installed C:\Users\lukas.godayol-bonay\Desktop\Semestre2\M.Gil\MonPortFolioSIO\Collab\modules\org-netbeans-modules-websvc-jaxws21.jar@0
INFO [org.netbeans.updater]: Copied file C:\Users\lukas.godayol-bonay\Desktop\Semestre2\M.Gil\MonPortFolioSIO\Collab\update\download\org-netbeans-modules-websvc-jaxws21.nbm:netbeans/modules/org-netbeans-modules-websvc-jaxws21.jar to C:\Users\lukas.godayol-bonay\Desktop\Semestre2\M.Gil\MonPortFolioSIO\Collab\modules\org-netbeans-modules-websvc-jaxws21.jar
INFO [org.netbeans.updater]: File C:\Users\lukas.godayol-bonay\Desktop\Semestre2\M.Gil\MonPortFolioSIO\Collab\update\download\org-netbeans-modules-websvc-jaxws21.nbm deleted.
INFO [org.netbeans.updater]: Use XML Transformer: com.sun.org.apache.xalan.internal.xsltc.trax.TransformerImpl@de7a687
INFO [org.netbeans.updater]: File C:\Users\lukas.godayol-bonay\Desktop\Semestre2\M.Gil\MonPortFolioSIO\Collab\update_tracking\org-netbeans-modules-websvc-jaxws21.xml modified.
INFO [org.netbeans.updater]: File installed C:\Users\lukas.godayol-bonay\Desktop\Semestre2\M.Gil\MonPortFolioSIO\Collab\update_tracking\org-netbeans-modules-websvc-jaxws21.xml@0
INFO [org.netbeans.updater]: 780: Unpacking org-netbeans-modules-selenium2-java.nbm
INFO [org.netbeans.modules.progress.spi.InternalHandle]: Cannot process more work than scheduled. Progress handle with name "Installing plugins..." has requested progress to workunit no.29 but the total number of workunits is 1. That means the progress bar UI will not display real progress and will stay at 100%.
java.lang.IllegalArgumentException
[catch] at org.netbeans.modules.progress.spi.InternalHandle.progress(InternalHandle.java:329)
	at org.netbeans.api.progress.ProgressHandle.progress(ProgressHandle.java:264)
	at org.netbeans.modules.autoupdate.services.InstallSupportImpl$RefreshModulesListener.propertyChange(InstallSupportImpl.java:1261)
	at org.netbeans.updater.UpdaterInternal$1Context.firePropertyChange(UpdaterInternal.java:97)
	at org.netbeans.updater.UpdaterInternal$1Context.unpackingIsRunning(UpdaterInternal.java:64)
	at org.netbeans.updater.ModuleUpdater.unpack(ModuleUpdater.java:311)
	at org.netbeans.updater.ModuleUpdater.run(ModuleUpdater.java:118)
INFO [org.netbeans.updater]: File installed C:\Users\lukas.godayol-bonay\Desktop\Semestre2\M.Gil\MonPortFolioSIO\Collab\config\Modules\org-netbeans-modules-selenium2-java.xml@0
INFO [org.netbeans.updater]: Copied file C:\Users\lukas.godayol-bonay\Desktop\Semestre2\M.Gil\MonPortFolioSIO\Collab\update\download\org-netbeans-modules-selenium2-java.nbm:netbeans/config/Modules/org-netbeans-modules-selenium2-java.xml to C:\Users\lukas.godayol-bonay\Desktop\Semestre2\M.Gil\MonPortFolioSIO\Collab\config\Modules\org-netbeans-modules-selenium2-java.xml
INFO [org.netbeans.updater]: File installed C:\Users\lukas.godayol-bonay\Desktop\Semestre2\M.Gil\MonPortFolioSIO\Collab\modules\org-netbeans-modules-selenium2-java.jar@0
INFO [org.netbeans.updater]: Copied file C:\Users\lukas.godayol-bonay\Desktop\Semestre2\M.Gil\MonPortFolioSIO\Collab\update\download\org-netbeans-modules-selenium2-java.nbm:netbeans/modules/org-netbeans-modules-selenium2-java.jar to C:\Users\lukas.godayol-bonay\Desktop\Semestre2\M.Gil\MonPortFolioSIO\Collab\modules\org-netbeans-modules-selenium2-java.jar
INFO [org.netbeans.updater]: File C:\Users\lukas.godayol-bonay\Desktop\Semestre2\M.Gil\MonPortFolioSIO\Collab\update\download\org-netbeans-modules-selenium2-java.nbm deleted.
INFO [org.netbeans.updater]: Use XML Transformer: com.sun.org.apache.xalan.internal.xsltc.trax.TransformerImpl@35e8d2d0
INFO [org.netbeans.updater]: File C:\Users\lukas.godayol-bonay\Desktop\Semestre2\M.Gil\MonPortFolioSIO\Collab\update_tracking\org-netbeans-modules-selenium2-java.xml modified.
INFO [org.netbeans.updater]: File installed C:\Users\lukas.godayol-bonay\Desktop\Semestre2\M.Gil\MonPortFolioSIO\Collab\update_tracking\org-netbeans-modules-selenium2-java.xml@0
INFO [org.netbeans.updater]: 780: Unpacking org-netbeans-api-debugger-jpda.nbm
INFO [org.netbeans.modules.progress.spi.InternalHandle]: Cannot process more work than scheduled. Progress handle with name "Installing plugins..." has requested progress to workunit no.30 but the total number of workunits is 1. That means the progress bar UI will not display real progress and will stay at 100%.
java.lang.IllegalArgumentException
[catch] at org.netbeans.modules.progress.spi.InternalHandle.progress(InternalHandle.java:329)
	at org.netbeans.api.progress.ProgressHandle.progress(ProgressHandle.java:264)
	at org.netbeans.modules.autoupdate.services.InstallSupportImpl$RefreshModulesListener.propertyChange(InstallSupportImpl.java:1261)
	at org.netbeans.updater.UpdaterInternal$1Context.firePropertyChange(UpdaterInternal.java:97)
	at org.netbeans.updater.UpdaterInternal$1Context.unpackingIsRunning(UpdaterInternal.java:64)
	at org.netbeans.updater.ModuleUpdater.unpack(ModuleUpdater.java:311)
	at org.netbeans.updater.ModuleUpdater.run(ModuleUpdater.java:118)
INFO [org.netbeans.updater]: File installed C:\Users\lukas.godayol-bonay\Desktop\Semestre2\M.Gil\MonPortFolioSIO\Collab\config\ModuleAutoDeps\org-netbeans-api-debugger-jpda.xml@0
INFO [org.netbeans.updater]: Copied file C:\Users\lukas.godayol-bonay\Desktop\Semestre2\M.Gil\MonPortFolioSIO\Collab\update\download\org-netbeans-api-debugger-jpda.nbm:netbeans/config/ModuleAutoDeps/org-netbeans-api-debugger-jpda.xml to C:\Users\lukas.godayol-bonay\Desktop\Semestre2\M.Gil\MonPortFolioSIO\Collab\config\ModuleAutoDeps\org-netbeans-api-debugger-jpda.xml
INFO [org.netbeans.updater]: File installed C:\Users\lukas.godayol-bonay\Desktop\Semestre2\M.Gil\MonPortFolioSIO\Collab\config\Modules\org-netbeans-api-debugger-jpda.xml@0
INFO [org.netbeans.updater]: Copied file C:\Users\lukas.godayol-bonay\Desktop\Semestre2\M.Gil\MonPortFolioSIO\Collab\update\download\org-netbeans-api-debugger-jpda.nbm:netbeans/config/Modules/org-netbeans-api-debugger-jpda.xml to C:\Users\lukas.godayol-bonay\Desktop\Semestre2\M.Gil\MonPortFolioSIO\Collab\config\Modules\org-netbeans-api-debugger-jpda.xml
INFO [org.netbeans.updater]: File installed C:\Users\lukas.godayol-bonay\Desktop\Semestre2\M.Gil\MonPortFolioSIO\Collab\modules\org-netbeans-api-debugger-jpda.jar@0
INFO [org.netbeans.updater]: Copied file C:\Users\lukas.godayol-bonay\Desktop\Semestre2\M.Gil\MonPortFolioSIO\Collab\update\download\org-netbeans-api-debugger-jpda.nbm:netbeans/modules/org-netbeans-api-debugger-jpda.jar to C:\Users\lukas.godayol-bonay\Desktop\Semestre2\M.Gil\MonPortFolioSIO\Collab\modules\org-netbeans-api-debugger-jpda.jar
INFO [org.netbeans.updater]: File C:\Users\lukas.godayol-bonay\Desktop\Semestre2\M.Gil\MonPortFolioSIO\Collab\update\download\org-netbeans-api-debugger-jpda.nbm deleted.
INFO [org.netbeans.updater]: Use XML Transformer: com.sun.org.apache.xalan.internal.xsltc.trax.TransformerImpl@574dae45
INFO [org.netbeans.updater]: File C:\Users\lukas.godayol-bonay\Desktop\Semestre2\M.Gil\MonPortFolioSIO\Collab\update_tracking\org-netbeans-api-debugger-jpda.xml modified.
INFO [org.netbeans.updater]: File installed C:\Users\lukas.godayol-bonay\Desktop\Semestre2\M.Gil\MonPortFolioSIO\Collab\update_tracking\org-netbeans-api-debugger-jpda.xml@0
INFO [org.netbeans.updater]: 780: Unpacking org-netbeans-modules-classfile.nbm
INFO [org.netbeans.modules.progress.spi.InternalHandle]: Cannot process more work than scheduled. Progress handle with name "Installing plugins..." has requested progress to workunit no.31 but the total number of workunits is 1. That means the progress bar UI will not display real progress and will stay at 100%.
java.lang.IllegalArgumentException
[catch] at org.netbeans.modules.progress.spi.InternalHandle.progress(InternalHandle.java:329)
	at org.netbeans.api.progress.ProgressHandle.progress(ProgressHandle.java:264)
	at org.netbeans.modules.autoupdate.services.InstallSupportImpl$RefreshModulesListener.propertyChange(InstallSupportImpl.java:1261)
	at org.netbeans.updater.UpdaterInternal$1Context.firePropertyChange(UpdaterInternal.java:97)
	at org.netbeans.updater.UpdaterInternal$1Context.unpackingIsRunning(UpdaterInternal.java:64)
	at org.netbeans.updater.ModuleUpdater.unpack(ModuleUpdater.java:311)
	at org.netbeans.updater.ModuleUpdater.run(ModuleUpdater.java:118)
INFO [org.netbeans.updater]: File installed C:\Users\lukas.godayol-bonay\Desktop\Semestre2\M.Gil\MonPortFolioSIO\Collab\config\Modules\org-netbeans-modules-classfile.xml@0
INFO [org.netbeans.updater]: Copied file C:\Users\lukas.godayol-bonay\Desktop\Semestre2\M.Gil\MonPortFolioSIO\Collab\update\download\org-netbeans-modules-classfile.nbm:netbeans/config/Modules/org-netbeans-modules-classfile.xml to C:\Users\lukas.godayol-bonay\Desktop\Semestre2\M.Gil\MonPortFolioSIO\Collab\config\Modules\org-netbeans-modules-classfile.xml
INFO [org.netbeans.updater]: File installed C:\Users\lukas.godayol-bonay\Desktop\Semestre2\M.Gil\MonPortFolioSIO\Collab\modules\org-netbeans-modules-classfile.jar@0
INFO [org.netbeans.updater]: Copied file C:\Users\lukas.godayol-bonay\Desktop\Semestre2\M.Gil\MonPortFolioSIO\Collab\update\download\org-netbeans-modules-classfile.nbm:netbeans/modules/org-netbeans-modules-classfile.jar to C:\Users\lukas.godayol-bonay\Desktop\Semestre2\M.Gil\MonPortFolioSIO\Collab\modules\org-netbeans-modules-classfile.jar
INFO [org.netbeans.updater]: File C:\Users\lukas.godayol-bonay\Desktop\Semestre2\M.Gil\MonPortFolioSIO\Collab\update\download\org-netbeans-modules-classfile.nbm deleted.
INFO [org.netbeans.updater]: Use XML Transformer: com.sun.org.apache.xalan.internal.xsltc.trax.TransformerImpl@3ec97368
INFO [org.netbeans.updater]: File C:\Users\lukas.godayol-bonay\Desktop\Semestre2\M.Gil\MonPortFolioSIO\Collab\update_tracking\org-netbeans-modules-classfile.xml modified.
INFO [org.netbeans.updater]: File installed C:\Users\lukas.godayol-bonay\Desktop\Semestre2\M.Gil\MonPortFolioSIO\Collab\update_tracking\org-netbeans-modules-classfile.xml@0
INFO [org.netbeans.updater]: 780: Unpacking org-netbeans-modules-maven-hints.nbm
INFO [org.netbeans.modules.progress.spi.InternalHandle]: Cannot process more work than scheduled. Progress handle with name "Installing plugins..." has requested progress to workunit no.32 but the total number of workunits is 1. That means the progress bar UI will not display real progress and will stay at 100%.
java.lang.IllegalArgumentException
[catch] at org.netbeans.modules.progress.spi.InternalHandle.progress(InternalHandle.java:329)
	at org.netbeans.api.progress.ProgressHandle.progress(ProgressHandle.java:264)
	at org.netbeans.modules.autoupdate.services.InstallSupportImpl$RefreshModulesListener.propertyChange(InstallSupportImpl.java:1261)
	at org.netbeans.updater.UpdaterInternal$1Context.firePropertyChange(UpdaterInternal.java:97)
	at org.netbeans.updater.UpdaterInternal$1Context.unpackingIsRunning(UpdaterInternal.java:64)
	at org.netbeans.updater.ModuleUpdater.unpack(ModuleUpdater.java:311)
	at org.netbeans.updater.ModuleUpdater.run(ModuleUpdater.java:118)
INFO [org.netbeans.updater]: File installed C:\Users\lukas.godayol-bonay\Desktop\Semestre2\M.Gil\MonPortFolioSIO\Collab\config\Modules\org-netbeans-modules-maven-hints.xml@0
INFO [org.netbeans.updater]: Copied file C:\Users\lukas.godayol-bonay\Desktop\Semestre2\M.Gil\MonPortFolioSIO\Collab\update\download\org-netbeans-modules-maven-hints.nbm:netbeans/config/Modules/org-netbeans-modules-maven-hints.xml to C:\Users\lukas.godayol-bonay\Desktop\Semestre2\M.Gil\MonPortFolioSIO\Collab\config\Modules\org-netbeans-modules-maven-hints.xml
INFO [org.netbeans.updater]: File installed C:\Users\lukas.godayol-bonay\Desktop\Semestre2\M.Gil\MonPortFolioSIO\Collab\modules\org-netbeans-modules-maven-hints.jar@0
INFO [org.netbeans.updater]: Copied file C:\Users\lukas.godayol-bonay\Desktop\Semestre2\M.Gil\MonPortFolioSIO\Collab\update\download\org-netbeans-modules-maven-hints.nbm:netbeans/modules/org-netbeans-modules-maven-hints.jar to C:\Users\lukas.godayol-bonay\Desktop\Semestre2\M.Gil\MonPortFolioSIO\Collab\modules\org-netbeans-modules-maven-hints.jar
INFO [org.netbeans.updater]: File C:\Users\lukas.godayol-bonay\Desktop\Semestre2\M.Gil\MonPortFolioSIO\Collab\update\download\org-netbeans-modules-maven-hints.nbm deleted.
INFO [org.netbeans.updater]: Use XML Transformer: com.sun.org.apache.xalan.internal.xsltc.trax.TransformerImpl@29af6d72
INFO [org.netbeans.updater]: File C:\Users\lukas.godayol-bonay\Desktop\Semestre2\M.Gil\MonPortFolioSIO\Collab\update_tracking\org-netbeans-modules-maven-hints.xml modified.
INFO [org.netbeans.updater]: File installed C:\Users\lukas.godayol-bonay\Desktop\Semestre2\M.Gil\MonPortFolioSIO\Collab\update_tracking\org-netbeans-modules-maven-hints.xml@0
INFO [org.netbeans.updater]: 780: Unpacking org-netbeans-modules-j2ee-common.nbm
INFO [org.netbeans.modules.progress.spi.InternalHandle]: Cannot process more work than scheduled. Progress handle with name "Installing plugins..." has requested progress to workunit no.33 but the total number of workunits is 1. That means the progress bar UI will not display real progress and will stay at 100%.
java.lang.IllegalArgumentException
[catch] at org.netbeans.modules.progress.spi.InternalHandle.progress(InternalHandle.java:329)
	at org.netbeans.api.progress.ProgressHandle.progress(ProgressHandle.java:264)
	at org.netbeans.modules.autoupdate.services.InstallSupportImpl$RefreshModulesListener.propertyChange(InstallSupportImpl.java:1261)
	at org.netbeans.updater.UpdaterInternal$1Context.firePropertyChange(UpdaterInternal.java:97)
	at org.netbeans.updater.UpdaterInternal$1Context.unpackingIsRunning(UpdaterInternal.java:64)
	at org.netbeans.updater.ModuleUpdater.unpack(ModuleUpdater.java:311)
	at org.netbeans.updater.ModuleUpdater.run(ModuleUpdater.java:118)
INFO [org.netbeans.updater]: File installed C:\Users\lukas.godayol-bonay\Desktop\Semestre2\M.Gil\MonPortFolioSIO\Collab\config\Modules\org-netbeans-modules-j2ee-common.xml@0
INFO [org.netbeans.updater]: Copied file C:\Users\lukas.godayol-bonay\Desktop\Semestre2\M.Gil\MonPortFolioSIO\Collab\update\download\org-netbeans-modules-j2ee-common.nbm:netbeans/config/Modules/org-netbeans-modules-j2ee-common.xml to C:\Users\lukas.godayol-bonay\Desktop\Semestre2\M.Gil\MonPortFolioSIO\Collab\config\Modules\org-netbeans-modules-j2ee-common.xml
INFO [org.netbeans.updater]: File installed C:\Users\lukas.godayol-bonay\Desktop\Semestre2\M.Gil\MonPortFolioSIO\Collab\modules\org-netbeans-modules-j2ee-common.jar@0
INFO [org.netbeans.updater]: Copied file C:\Users\lukas.godayol-bonay\Desktop\Semestre2\M.Gil\MonPortFolioSIO\Collab\update\download\org-netbeans-modules-j2ee-common.nbm:netbeans/modules/org-netbeans-modules-j2ee-common.jar to C:\Users\lukas.godayol-bonay\Desktop\Semestre2\M.Gil\MonPortFolioSIO\Collab\modules\org-netbeans-modules-j2ee-common.jar
INFO [org.netbeans.updater]: File C:\Users\lukas.godayol-bonay\Desktop\Semestre2\M.Gil\MonPortFolioSIO\Collab\update\download\org-netbeans-modules-j2ee-common.nbm deleted.
INFO [org.netbeans.updater]: Use XML Transformer: com.sun.org.apache.xalan.internal.xsltc.trax.TransformerImpl@286faebe
INFO [org.netbeans.updater]: File C:\Users\lukas.godayol-bonay\Desktop\Semestre2\M.Gil\MonPortFolioSIO\Collab\update_tracking\org-netbeans-modules-j2ee-common.xml modified.
INFO [org.netbeans.updater]: File installed C:\Users\lukas.godayol-bonay\Desktop\Semestre2\M.Gil\MonPortFolioSIO\Collab\update_tracking\org-netbeans-modules-j2ee-common.xml@0
INFO [org.netbeans.updater]: 780: Unpacking org-netbeans-api-web-webmodule.nbm
INFO [org.netbeans.modules.progress.spi.InternalHandle]: Cannot process more work than scheduled. Progress handle with name "Installing plugins..." has requested progress to workunit no.34 but the total number of workunits is 1. That means the progress bar UI will not display real progress and will stay at 100%.
java.lang.IllegalArgumentException
[catch] at org.netbeans.modules.progress.spi.InternalHandle.progress(InternalHandle.java:329)
	at org.netbeans.api.progress.ProgressHandle.progress(ProgressHandle.java:264)
	at org.netbeans.modules.autoupdate.services.InstallSupportImpl$RefreshModulesListener.propertyChange(InstallSupportImpl.java:1261)
	at org.netbeans.updater.UpdaterInternal$1Context.firePropertyChange(UpdaterInternal.java:97)
	at org.netbeans.updater.UpdaterInternal$1Context.unpackingIsRunning(UpdaterInternal.java:64)
	at org.netbeans.updater.ModuleUpdater.unpack(ModuleUpdater.java:311)
	at org.netbeans.updater.ModuleUpdater.run(ModuleUpdater.java:118)
INFO [org.netbeans.updater]: File installed C:\Users\lukas.godayol-bonay\Desktop\Semestre2\M.Gil\MonPortFolioSIO\Collab\config\Modules\org-netbeans-api-web-webmodule.xml@0
INFO [org.netbeans.updater]: Copied file C:\Users\lukas.godayol-bonay\Desktop\Semestre2\M.Gil\MonPortFolioSIO\Collab\update\download\org-netbeans-api-web-webmodule.nbm:netbeans/config/Modules/org-netbeans-api-web-webmodule.xml to C:\Users\lukas.godayol-bonay\Desktop\Semestre2\M.Gil\MonPortFolioSIO\Collab\config\Modules\org-netbeans-api-web-webmodule.xml
INFO [org.netbeans.updater]: File installed C:\Users\lukas.godayol-bonay\Desktop\Semestre2\M.Gil\MonPortFolioSIO\Collab\modules\org-netbeans-api-web-webmodule.jar@0
INFO [org.netbeans.updater]: Copied file C:\Users\lukas.godayol-bonay\Desktop\Semestre2\M.Gil\MonPortFolioSIO\Collab\update\download\org-netbeans-api-web-webmodule.nbm:netbeans/modules/org-netbeans-api-web-webmodule.jar to C:\Users\lukas.godayol-bonay\Desktop\Semestre2\M.Gil\MonPortFolioSIO\Collab\modules\org-netbeans-api-web-webmodule.jar
INFO [org.netbeans.updater]: File C:\Users\lukas.godayol-bonay\Desktop\Semestre2\M.Gil\MonPortFolioSIO\Collab\update\download\org-netbeans-api-web-webmodule.nbm deleted.
INFO [org.netbeans.updater]: Use XML Transformer: com.sun.org.apache.xalan.internal.xsltc.trax.TransformerImpl@3d94ee97
INFO [org.netbeans.updater]: File C:\Users\lukas.godayol-bonay\Desktop\Semestre2\M.Gil\MonPortFolioSIO\Collab\update_tracking\org-netbeans-api-web-webmodule.xml modified.
INFO [org.netbeans.updater]: File installed C:\Users\lukas.godayol-bonay\Desktop\Semestre2\M.Gil\MonPortFolioSIO\Collab\update_tracking\org-netbeans-api-web-webmodule.xml@0
INFO [org.netbeans.updater]: 780: Unpacking org-netbeans-modules-ant-browsetask.nbm
INFO [org.netbeans.modules.progress.spi.InternalHandle]: Cannot process more work than scheduled. Progress handle with name "Installing plugins..." has requested progress to workunit no.35 but the total number of workunits is 1. That means the progress bar UI will not display real progress and will stay at 100%.
java.lang.IllegalArgumentException
[catch] at org.netbeans.modules.progress.spi.InternalHandle.progress(InternalHandle.java:329)
	at org.netbeans.api.progress.ProgressHandle.progress(ProgressHandle.java:264)
	at org.netbeans.modules.autoupdate.services.InstallSupportImpl$RefreshModulesListener.propertyChange(InstallSupportImpl.java:1261)
	at org.netbeans.updater.UpdaterInternal$1Context.firePropertyChange(UpdaterInternal.java:97)
	at org.netbeans.updater.UpdaterInternal$1Context.unpackingIsRunning(UpdaterInternal.java:64)
	at org.netbeans.updater.ModuleUpdater.unpack(ModuleUpdater.java:311)
	at org.netbeans.updater.ModuleUpdater.run(ModuleUpdater.java:118)
INFO [org.netbeans.updater]: File installed C:\Users\lukas.godayol-bonay\Desktop\Semestre2\M.Gil\MonPortFolioSIO\Collab\ant\nblib\org-netbeans-modules-ant-browsetask.jar@0
INFO [org.netbeans.updater]: Copied file C:\Users\lukas.godayol-bonay\Desktop\Semestre2\M.Gil\MonPortFolioSIO\Collab\update\download\org-netbeans-modules-ant-browsetask.nbm:netbeans/ant/nblib/org-netbeans-modules-ant-browsetask.jar to C:\Users\lukas.godayol-bonay\Desktop\Semestre2\M.Gil\MonPortFolioSIO\Collab\ant\nblib\org-netbeans-modules-ant-browsetask.jar
INFO [org.netbeans.updater]: File installed C:\Users\lukas.godayol-bonay\Desktop\Semestre2\M.Gil\MonPortFolioSIO\Collab\config\Modules\org-netbeans-modules-ant-browsetask.xml@0
INFO [org.netbeans.updater]: Copied file C:\Users\lukas.godayol-bonay\Desktop\Semestre2\M.Gil\MonPortFolioSIO\Collab\update\download\org-netbeans-modules-ant-browsetask.nbm:netbeans/config/Modules/org-netbeans-modules-ant-browsetask.xml to C:\Users\lukas.godayol-bonay\Desktop\Semestre2\M.Gil\MonPortFolioSIO\Collab\config\Modules\org-netbeans-modules-ant-browsetask.xml
INFO [org.netbeans.updater]: File installed C:\Users\lukas.godayol-bonay\Desktop\Semestre2\M.Gil\MonPortFolioSIO\Collab\modules\org-netbeans-modules-ant-browsetask.jar@0
INFO [org.netbeans.updater]: Copied file C:\Users\lukas.godayol-bonay\Desktop\Semestre2\M.Gil\MonPortFolioSIO\Collab\update\download\org-netbeans-modules-ant-browsetask.nbm:netbeans/modules/org-netbeans-modules-ant-browsetask.jar to C:\Users\lukas.godayol-bonay\Desktop\Semestre2\M.Gil\MonPortFolioSIO\Collab\modules\org-netbeans-modules-ant-browsetask.jar
INFO [org.netbeans.updater]: File C:\Users\lukas.godayol-bonay\Desktop\Semestre2\M.Gil\MonPortFolioSIO\Collab\update\download\org-netbeans-modules-ant-browsetask.nbm deleted.
INFO [org.netbeans.updater]: Use XML Transformer: com.sun.org.apache.xalan.internal.xsltc.trax.TransformerImpl@2c55b688
INFO [org.netbeans.updater]: File C:\Users\lukas.godayol-bonay\Desktop\Semestre2\M.Gil\MonPortFolioSIO\Collab\update_tracking\org-netbeans-modules-ant-browsetask.xml modified.
INFO [org.netbeans.updater]: File installed C:\Users\lukas.godayol-bonay\Desktop\Semestre2\M.Gil\MonPortFolioSIO\Collab\update_tracking\org-netbeans-modules-ant-browsetask.xml@0
INFO [org.netbeans.updater]: 780: Unpacking org-netbeans-modules-websvc-restapi.nbm
INFO [org.netbeans.modules.progress.spi.InternalHandle]: Cannot process more work than scheduled. Progress handle with name "Installing plugins..." has requested progress to workunit no.36 but the total number of workunits is 1. That means the progress bar UI will not display real progress and will stay at 100%.
java.lang.IllegalArgumentException
[catch] at org.netbeans.modules.progress.spi.InternalHandle.progress(InternalHandle.java:329)
	at org.netbeans.api.progress.ProgressHandle.progress(ProgressHandle.java:264)
	at org.netbeans.modules.autoupdate.services.InstallSupportImpl$RefreshModulesListener.propertyChange(InstallSupportImpl.java:1261)
	at org.netbeans.updater.UpdaterInternal$1Context.firePropertyChange(UpdaterInternal.java:97)
	at org.netbeans.updater.UpdaterInternal$1Context.unpackingIsRunning(UpdaterInternal.java:64)
	at org.netbeans.updater.ModuleUpdater.unpack(ModuleUpdater.java:311)
	at org.netbeans.updater.ModuleUpdater.run(ModuleUpdater.java:118)
INFO [org.netbeans.updater]: File installed C:\Users\lukas.godayol-bonay\Desktop\Semestre2\M.Gil\MonPortFolioSIO\Collab\config\Modules\org-netbeans-modules-websvc-restapi.xml@0
INFO [org.netbeans.updater]: Copied file C:\Users\lukas.godayol-bonay\Desktop\Semestre2\M.Gil\MonPortFolioSIO\Collab\update\download\org-netbeans-modules-websvc-restapi.nbm:netbeans/config/Modules/org-netbeans-modules-websvc-restapi.xml to C:\Users\lukas.godayol-bonay\Desktop\Semestre2\M.Gil\MonPortFolioSIO\Collab\config\Modules\org-netbeans-modules-websvc-restapi.xml
INFO [org.netbeans.updater]: File installed C:\Users\lukas.godayol-bonay\Desktop\Semestre2\M.Gil\MonPortFolioSIO\Collab\modules\org-netbeans-modules-websvc-restapi.jar@0
INFO [org.netbeans.updater]: Copied file C:\Users\lukas.godayol-bonay\Desktop\Semestre2\M.Gil\MonPortFolioSIO\Collab\update\download\org-netbeans-modules-websvc-restapi.nbm:netbeans/modules/org-netbeans-modules-websvc-restapi.jar to C:\Users\lukas.godayol-bonay\Desktop\Semestre2\M.Gil\MonPortFolioSIO\Collab\modules\org-netbeans-modules-websvc-restapi.jar
INFO [org.netbeans.updater]: File C:\Users\lukas.godayol-bonay\Desktop\Semestre2\M.Gil\MonPortFolioSIO\Collab\update\download\org-netbeans-modules-websvc-restapi.nbm deleted.
INFO [org.netbeans.updater]: Use XML Transformer: com.sun.org.apache.xalan.internal.xsltc.trax.TransformerImpl@35389408
INFO [org.netbeans.updater]: File C:\Users\lukas.godayol-bonay\Desktop\Semestre2\M.Gil\MonPortFolioSIO\Collab\update_tracking\org-netbeans-modules-websvc-restapi.xml modified.
INFO [org.netbeans.updater]: File installed C:\Users\lukas.godayol-bonay\Desktop\Semestre2\M.Gil\MonPortFolioSIO\Collab\update_tracking\org-netbeans-modules-websvc-restapi.xml@0
INFO [org.netbeans.updater]: 780: Unpacking org-netbeans-modules-j2ee-sun-dd.nbm
INFO [org.netbeans.modules.progress.spi.InternalHandle]: Cannot process more work than scheduled. Progress handle with name "Installing plugins..." has requested progress to workunit no.37 but the total number of workunits is 1. That means the progress bar UI will not display real progress and will stay at 100%.
java.lang.IllegalArgumentException
[catch] at org.netbeans.modules.progress.spi.InternalHandle.progress(InternalHandle.java:329)
	at org.netbeans.api.progress.ProgressHandle.progress(ProgressHandle.java:264)
	at org.netbeans.modules.autoupdate.services.InstallSupportImpl$RefreshModulesListener.propertyChange(InstallSupportImpl.java:1261)
	at org.netbeans.updater.UpdaterInternal$1Context.firePropertyChange(UpdaterInternal.java:97)
	at org.netbeans.updater.UpdaterInternal$1Context.unpackingIsRunning(UpdaterInternal.java:64)
	at org.netbeans.updater.ModuleUpdater.unpack(ModuleUpdater.java:311)
	at org.netbeans.updater.ModuleUpdater.run(ModuleUpdater.java:118)
INFO [org.netbeans.updater]: File installed C:\Users\lukas.godayol-bonay\Desktop\Semestre2\M.Gil\MonPortFolioSIO\Collab\config\Modules\org-netbeans-modules-j2ee-sun-dd.xml@0
INFO [org.netbeans.updater]: Copied file C:\Users\lukas.godayol-bonay\Desktop\Semestre2\M.Gil\MonPortFolioSIO\Collab\update\download\org-netbeans-modules-j2ee-sun-dd.nbm:netbeans/config/Modules/org-netbeans-modules-j2ee-sun-dd.xml to C:\Users\lukas.godayol-bonay\Desktop\Semestre2\M.Gil\MonPortFolioSIO\Collab\config\Modules\org-netbeans-modules-j2ee-sun-dd.xml
INFO [org.netbeans.updater]: File installed C:\Users\lukas.godayol-bonay\Desktop\Semestre2\M.Gil\MonPortFolioSIO\Collab\modules\org-netbeans-modules-j2ee-sun-dd.jar@0
INFO [org.netbeans.updater]: Copied file C:\Users\lukas.godayol-bonay\Desktop\Semestre2\M.Gil\MonPortFolioSIO\Collab\update\download\org-netbeans-modules-j2ee-sun-dd.nbm:netbeans/modules/org-netbeans-modules-j2ee-sun-dd.jar to C:\Users\lukas.godayol-bonay\Desktop\Semestre2\M.Gil\MonPortFolioSIO\Collab\modules\org-netbeans-modules-j2ee-sun-dd.jar
INFO [org.netbeans.updater]: File C:\Users\lukas.godayol-bonay\Desktop\Semestre2\M.Gil\MonPortFolioSIO\Collab\update\download\org-netbeans-modules-j2ee-sun-dd.nbm deleted.
INFO [org.netbeans.updater]: Use XML Transformer: com.sun.org.apache.xalan.internal.xsltc.trax.TransformerImpl@33226fbf
INFO [org.netbeans.updater]: File C:\Users\lukas.godayol-bonay\Desktop\Semestre2\M.Gil\MonPortFolioSIO\Collab\update_tracking\org-netbeans-modules-j2ee-sun-dd.xml modified.
INFO [org.netbeans.updater]: File installed C:\Users\lukas.godayol-bonay\Desktop\Semestre2\M.Gil\MonPortFolioSIO\Collab\update_tracking\org-netbeans-modules-j2ee-sun-dd.xml@0
INFO [org.netbeans.updater]: 780: Unpacking org-netbeans-modules-cloud-common.nbm
INFO [org.netbeans.modules.progress.spi.InternalHandle]: Cannot process more work than scheduled. Progress handle with name "Installing plugins..." has requested progress to workunit no.38 but the total number of workunits is 1. That means the progress bar UI will not display real progress and will stay at 100%.
java.lang.IllegalArgumentException
[catch] at org.netbeans.modules.progress.spi.InternalHandle.progress(InternalHandle.java:329)
	at org.netbeans.api.progress.ProgressHandle.progress(ProgressHandle.java:264)
	at org.netbeans.modules.autoupdate.services.InstallSupportImpl$RefreshModulesListener.propertyChange(InstallSupportImpl.java:1261)
	at org.netbeans.updater.UpdaterInternal$1Context.firePropertyChange(UpdaterInternal.java:97)
	at org.netbeans.updater.UpdaterInternal$1Context.unpackingIsRunning(UpdaterInternal.java:64)
	at org.netbeans.updater.ModuleUpdater.unpack(ModuleUpdater.java:311)
	at org.netbeans.updater.ModuleUpdater.run(ModuleUpdater.java:118)
INFO [org.netbeans.updater]: File installed C:\Users\lukas.godayol-bonay\Desktop\Semestre2\M.Gil\MonPortFolioSIO\Collab\config\Modules\org-netbeans-modules-cloud-common.xml@0
INFO [org.netbeans.updater]: Copied file C:\Users\lukas.godayol-bonay\Desktop\Semestre2\M.Gil\MonPortFolioSIO\Collab\update\download\org-netbeans-modules-cloud-common.nbm:netbeans/config/Modules/org-netbeans-modules-cloud-common.xml to C:\Users\lukas.godayol-bonay\Desktop\Semestre2\M.Gil\MonPortFolioSIO\Collab\config\Modules\org-netbeans-modules-cloud-common.xml
INFO [org.netbeans.updater]: File installed C:\Users\lukas.godayol-bonay\Desktop\Semestre2\M.Gil\MonPortFolioSIO\Collab\modules\org-netbeans-modules-cloud-common.jar@0
INFO [org.netbeans.updater]: Copied file C:\Users\lukas.godayol-bonay\Desktop\Semestre2\M.Gil\MonPortFolioSIO\Collab\update\download\org-netbeans-modules-cloud-common.nbm:netbeans/modules/org-netbeans-modules-cloud-common.jar to C:\Users\lukas.godayol-bonay\Desktop\Semestre2\M.Gil\MonPortFolioSIO\Collab\modules\org-netbeans-modules-cloud-common.jar
INFO [org.netbeans.updater]: File C:\Users\lukas.godayol-bonay\Desktop\Semestre2\M.Gil\MonPortFolioSIO\Collab\update\download\org-netbeans-modules-cloud-common.nbm deleted.
INFO [org.netbeans.updater]: Use XML Transformer: com.sun.org.apache.xalan.internal.xsltc.trax.TransformerImpl@738016dc
INFO [org.netbeans.updater]: File C:\Users\lukas.godayol-bonay\Desktop\Semestre2\M.Gil\MonPortFolioSIO\Collab\update_tracking\org-netbeans-modules-cloud-common.xml modified.
INFO [org.netbeans.updater]: File installed C:\Users\lukas.godayol-bonay\Desktop\Semestre2\M.Gil\MonPortFolioSIO\Collab\update_tracking\org-netbeans-modules-cloud-common.xml@0
INFO [org.netbeans.updater]: 780: Unpacking org-netbeans-modules-selenium2-maven.nbm
INFO [org.netbeans.modules.progress.spi.InternalHandle]: Cannot process more work than scheduled. Progress handle with name "Installing plugins..." has requested progress to workunit no.39 but the total number of workunits is 1. That means the progress bar UI will not display real progress and will stay at 100%.
java.lang.IllegalArgumentException
[catch] at org.netbeans.modules.progress.spi.InternalHandle.progress(InternalHandle.java:329)
	at org.netbeans.api.progress.ProgressHandle.progress(ProgressHandle.java:264)
	at org.netbeans.modules.autoupdate.services.InstallSupportImpl$RefreshModulesListener.propertyChange(InstallSupportImpl.java:1261)
	at org.netbeans.updater.UpdaterInternal$1Context.firePropertyChange(UpdaterInternal.java:97)
	at org.netbeans.updater.UpdaterInternal$1Context.unpackingIsRunning(UpdaterInternal.java:64)
	at org.netbeans.updater.ModuleUpdater.unpack(ModuleUpdater.java:311)
	at org.netbeans.updater.ModuleUpdater.run(ModuleUpdater.java:118)
INFO [org.netbeans.updater]: File installed C:\Users\lukas.godayol-bonay\Desktop\Semestre2\M.Gil\MonPortFolioSIO\Collab\config\Modules\org-netbeans-modules-selenium2-maven.xml@0
INFO [org.netbeans.updater]: Copied file C:\Users\lukas.godayol-bonay\Desktop\Semestre2\M.Gil\MonPortFolioSIO\Collab\update\download\org-netbeans-modules-selenium2-maven.nbm:netbeans/config/Modules/org-netbeans-modules-selenium2-maven.xml to C:\Users\lukas.godayol-bonay\Desktop\Semestre2\M.Gil\MonPortFolioSIO\Collab\config\Modules\org-netbeans-modules-selenium2-maven.xml
INFO [org.netbeans.updater]: File installed C:\Users\lukas.godayol-bonay\Desktop\Semestre2\M.Gil\MonPortFolioSIO\Collab\modules\org-netbeans-modules-selenium2-maven.jar@0
INFO [org.netbeans.updater]: Copied file C:\Users\lukas.godayol-bonay\Desktop\Semestre2\M.Gil\MonPortFolioSIO\Collab\update\download\org-netbeans-modules-selenium2-maven.nbm:netbeans/modules/org-netbeans-modules-selenium2-maven.jar to C:\Users\lukas.godayol-bonay\Desktop\Semestre2\M.Gil\MonPortFolioSIO\Collab\modules\org-netbeans-modules-selenium2-maven.jar
INFO [org.netbeans.updater]: File C:\Users\lukas.godayol-bonay\Desktop\Semestre2\M.Gil\MonPortFolioSIO\Collab\update\download\org-netbeans-modules-selenium2-maven.nbm deleted.
INFO [org.netbeans.updater]: Use XML Transformer: com.sun.org.apache.xalan.internal.xsltc.trax.TransformerImpl@653a299
INFO [org.netbeans.updater]: File C:\Users\lukas.godayol-bonay\Desktop\Semestre2\M.Gil\MonPortFolioSIO\Collab\update_tracking\org-netbeans-modules-selenium2-maven.xml modified.
INFO [org.netbeans.updater]: File installed C:\Users\lukas.godayol-bonay\Desktop\Semestre2\M.Gil\MonPortFolioSIO\Collab\update_tracking\org-netbeans-modules-selenium2-maven.xml@0
INFO [org.netbeans.updater]: 780: Unpacking org-netbeans-modules-websvc-saas-codegen-java.nbm
INFO [org.netbeans.modules.progress.spi.InternalHandle]: Cannot process more work than scheduled. Progress handle with name "Installing plugins..." has requested progress to workunit no.40 but the total number of workunits is 1. That means the progress bar UI will not display real progress and will stay at 100%.
java.lang.IllegalArgumentException
[catch] at org.netbeans.modules.progress.spi.InternalHandle.progress(InternalHandle.java:329)
	at org.netbeans.api.progress.ProgressHandle.progress(ProgressHandle.java:264)
	at org.netbeans.modules.autoupdate.services.InstallSupportImpl$RefreshModulesListener.propertyChange(InstallSupportImpl.java:1261)
	at org.netbeans.updater.UpdaterInternal$1Context.firePropertyChange(UpdaterInternal.java:97)
	at org.netbeans.updater.UpdaterInternal$1Context.unpackingIsRunning(UpdaterInternal.java:64)
	at org.netbeans.updater.ModuleUpdater.unpack(ModuleUpdater.java:311)
	at org.netbeans.updater.ModuleUpdater.run(ModuleUpdater.java:118)
INFO [org.netbeans.updater]: File installed C:\Users\lukas.godayol-bonay\Desktop\Semestre2\M.Gil\MonPortFolioSIO\Collab\config\Modules\org-netbeans-modules-websvc-saas-codegen-java.xml@0
INFO [org.netbeans.updater]: Copied file C:\Users\lukas.godayol-bonay\Desktop\Semestre2\M.Gil\MonPortFolioSIO\Collab\update\download\org-netbeans-modules-websvc-saas-codegen-java.nbm:netbeans/config/Modules/org-netbeans-modules-websvc-saas-codegen-java.xml to C:\Users\lukas.godayol-bonay\Desktop\Semestre2\M.Gil\MonPortFolioSIO\Collab\config\Modules\org-netbeans-modules-websvc-saas-codegen-java.xml
INFO [org.netbeans.updater]: File installed C:\Users\lukas.godayol-bonay\Desktop\Semestre2\M.Gil\MonPortFolioSIO\Collab\modules\org-netbeans-modules-websvc-saas-codegen-java.jar@0
INFO [org.netbeans.updater]: Copied file C:\Users\lukas.godayol-bonay\Desktop\Semestre2\M.Gil\MonPortFolioSIO\Collab\update\download\org-netbeans-modules-websvc-saas-codegen-java.nbm:netbeans/modules/org-netbeans-modules-websvc-saas-codegen-java.jar to C:\Users\lukas.godayol-bonay\Desktop\Semestre2\M.Gil\MonPortFolioSIO\Collab\modules\org-netbeans-modules-websvc-saas-codegen-java.jar
INFO [org.netbeans.updater]: File C:\Users\lukas.godayol-bonay\Desktop\Semestre2\M.Gil\MonPortFolioSIO\Collab\update\download\org-netbeans-modules-websvc-saas-codegen-java.nbm deleted.
INFO [org.netbeans.updater]: Use XML Transformer: com.sun.org.apache.xalan.internal.xsltc.trax.TransformerImpl@2b8b8ce7
INFO [org.netbeans.updater]: File C:\Users\lukas.godayol-bonay\Desktop\Semestre2\M.Gil\MonPortFolioSIO\Collab\update_tracking\org-netbeans-modules-websvc-saas-codegen-java.xml modified.
INFO [org.netbeans.updater]: File installed C:\Users\lukas.godayol-bonay\Desktop\Semestre2\M.Gil\MonPortFolioSIO\Collab\update_tracking\org-netbeans-modules-websvc-saas-codegen-java.xml@0
INFO [org.netbeans.updater]: 780: Unpacking org-netbeans-libs-amazon.nbm
INFO [org.netbeans.modules.progress.spi.InternalHandle]: Cannot process more work than scheduled. Progress handle with name "Installing plugins..." has requested progress to workunit no.41 but the total number of workunits is 1. That means the progress bar UI will not display real progress and will stay at 100%.
java.lang.IllegalArgumentException
[catch] at org.netbeans.modules.progress.spi.InternalHandle.progress(InternalHandle.java:329)
	at org.netbeans.api.progress.ProgressHandle.progress(ProgressHandle.java:264)
	at org.netbeans.modules.autoupdate.services.InstallSupportImpl$RefreshModulesListener.propertyChange(InstallSupportImpl.java:1261)
	at org.netbeans.updater.UpdaterInternal$1Context.firePropertyChange(UpdaterInternal.java:97)
	at org.netbeans.updater.UpdaterInternal$1Context.unpackingIsRunning(UpdaterInternal.java:64)
	at org.netbeans.updater.ModuleUpdater.unpack(ModuleUpdater.java:311)
	at org.netbeans.updater.ModuleUpdater.run(ModuleUpdater.java:118)
INFO [org.netbeans.updater]: File installed C:\Users\lukas.godayol-bonay\Desktop\Semestre2\M.Gil\MonPortFolioSIO\Collab\config\Modules\org-netbeans-libs-amazon.xml@0
INFO [org.netbeans.updater]: Copied file C:\Users\lukas.godayol-bonay\Desktop\Semestre2\M.Gil\MonPortFolioSIO\Collab\update\download\org-netbeans-libs-amazon.nbm:netbeans/config/Modules/org-netbeans-libs-amazon.xml to C:\Users\lukas.godayol-bonay\Desktop\Semestre2\M.Gil\MonPortFolioSIO\Collab\config\Modules\org-netbeans-libs-amazon.xml
INFO [org.netbeans.updater]: File installed C:\Users\lukas.godayol-bonay\Desktop\Semestre2\M.Gil\MonPortFolioSIO\Collab\modules\ext\aws-sdk\aws-java-sdk-core-1.11.569.jar@0
INFO [org.netbeans.updater]: Copied file C:\Users\lukas.godayol-bonay\Desktop\Semestre2\M.Gil\MonPortFolioSIO\Collab\update\download\org-netbeans-libs-amazon.nbm:netbeans/modules/ext/aws-sdk/aws-java-sdk-core-1.11.569.jar to C:\Users\lukas.godayol-bonay\Desktop\Semestre2\M.Gil\MonPortFolioSIO\Collab\modules\ext\aws-sdk\aws-java-sdk-core-1.11.569.jar
INFO [org.netbeans.updater]: File installed C:\Users\lukas.godayol-bonay\Desktop\Semestre2\M.Gil\MonPortFolioSIO\Collab\modules\ext\aws-sdk\aws-java-sdk-elasticbeanstalk-1.11.569.jar@0
INFO [org.netbeans.updater]: Copied file C:\Users\lukas.godayol-bonay\Desktop\Semestre2\M.Gil\MonPortFolioSIO\Collab\update\download\org-netbeans-libs-amazon.nbm:netbeans/modules/ext/aws-sdk/aws-java-sdk-elasticbeanstalk-1.11.569.jar to C:\Users\lukas.godayol-bonay\Desktop\Semestre2\M.Gil\MonPortFolioSIO\Collab\modules\ext\aws-sdk\aws-java-sdk-elasticbeanstalk-1.11.569.jar
INFO [org.netbeans.updater]: File installed C:\Users\lukas.godayol-bonay\Desktop\Semestre2\M.Gil\MonPortFolioSIO\Collab\modules\ext\aws-sdk\aws-java-sdk-kms-1.11.569.jar@0
INFO [org.netbeans.updater]: Copied file C:\Users\lukas.godayol-bonay\Desktop\Semestre2\M.Gil\MonPortFolioSIO\Collab\update\download\org-netbeans-libs-amazon.nbm:netbeans/modules/ext/aws-sdk/aws-java-sdk-kms-1.11.569.jar to C:\Users\lukas.godayol-bonay\Desktop\Semestre2\M.Gil\MonPortFolioSIO\Collab\modules\ext\aws-sdk\aws-java-sdk-kms-1.11.569.jar
INFO [org.netbeans.updater]: File installed C:\Users\lukas.godayol-bonay\Desktop\Semestre2\M.Gil\MonPortFolioSIO\Collab\modules\ext\aws-sdk\aws-java-sdk-s3-1.11.569.jar@0
INFO [org.netbeans.updater]: Copied file C:\Users\lukas.godayol-bonay\Desktop\Semestre2\M.Gil\MonPortFolioSIO\Collab\update\download\org-netbeans-libs-amazon.nbm:netbeans/modules/ext/aws-sdk/aws-java-sdk-s3-1.11.569.jar to C:\Users\lukas.godayol-bonay\Desktop\Semestre2\M.Gil\MonPortFolioSIO\Collab\modules\ext\aws-sdk\aws-java-sdk-s3-1.11.569.jar
INFO [org.netbeans.updater]: File installed C:\Users\lukas.godayol-bonay\Desktop\Semestre2\M.Gil\MonPortFolioSIO\Collab\modules\ext\aws-sdk\httpclient-4.5.5.jar@0
INFO [org.netbeans.updater]: Copied file C:\Users\lukas.godayol-bonay\Desktop\Semestre2\M.Gil\MonPortFolioSIO\Collab\update\download\org-netbeans-libs-amazon.nbm:netbeans/modules/ext/aws-sdk/httpclient-4.5.5.jar to C:\Users\lukas.godayol-bonay\Desktop\Semestre2\M.Gil\MonPortFolioSIO\Collab\modules\ext\aws-sdk\httpclient-4.5.5.jar
INFO [org.netbeans.updater]: File installed C:\Users\lukas.godayol-bonay\Desktop\Semestre2\M.Gil\MonPortFolioSIO\Collab\modules\ext\aws-sdk\httpcore-4.4.9.jar@0
INFO [org.netbeans.updater]: Copied file C:\Users\lukas.godayol-bonay\Desktop\Semestre2\M.Gil\MonPortFolioSIO\Collab\update\download\org-netbeans-libs-amazon.nbm:netbeans/modules/ext/aws-sdk/httpcore-4.4.9.jar to C:\Users\lukas.godayol-bonay\Desktop\Semestre2\M.Gil\MonPortFolioSIO\Collab\modules\ext\aws-sdk\httpcore-4.4.9.jar
INFO [org.netbeans.updater]: File installed C:\Users\lukas.godayol-bonay\Desktop\Semestre2\M.Gil\MonPortFolioSIO\Collab\modules\ext\aws-sdk\ion-java-1.0.2.jar@0
INFO [org.netbeans.updater]: Copied file C:\Users\lukas.godayol-bonay\Desktop\Semestre2\M.Gil\MonPortFolioSIO\Collab\update\download\org-netbeans-libs-amazon.nbm:netbeans/modules/ext/aws-sdk/ion-java-1.0.2.jar to C:\Users\lukas.godayol-bonay\Desktop\Semestre2\M.Gil\MonPortFolioSIO\Collab\modules\ext\aws-sdk\ion-java-1.0.2.jar
INFO [org.netbeans.updater]: File installed C:\Users\lukas.godayol-bonay\Desktop\Semestre2\M.Gil\MonPortFolioSIO\Collab\modules\ext\aws-sdk\jmespath-java-1.11.569.jar@0
INFO [org.netbeans.updater]: Copied file C:\Users\lukas.godayol-bonay\Desktop\Semestre2\M.Gil\MonPortFolioSIO\Collab\update\download\org-netbeans-libs-amazon.nbm:netbeans/modules/ext/aws-sdk/jmespath-java-1.11.569.jar to C:\Users\lukas.godayol-bonay\Desktop\Semestre2\M.Gil\MonPortFolioSIO\Collab\modules\ext\aws-sdk\jmespath-java-1.11.569.jar
INFO [org.netbeans.updater]: File installed C:\Users\lukas.godayol-bonay\Desktop\Semestre2\M.Gil\MonPortFolioSIO\Collab\modules\ext\aws-sdk\joda-time-2.8.1.jar@0
INFO [org.netbeans.updater]: Copied file C:\Users\lukas.godayol-bonay\Desktop\Semestre2\M.Gil\MonPortFolioSIO\Collab\update\download\org-netbeans-libs-amazon.nbm:netbeans/modules/ext/aws-sdk/joda-time-2.8.1.jar to C:\Users\lukas.godayol-bonay\Desktop\Semestre2\M.Gil\MonPortFolioSIO\Collab\modules\ext\aws-sdk\joda-time-2.8.1.jar
INFO [org.netbeans.updater]: File installed C:\Users\lukas.godayol-bonay\Desktop\Semestre2\M.Gil\MonPortFolioSIO\Collab\modules\org-netbeans-libs-amazon.jar@0
INFO [org.netbeans.updater]: Copied file C:\Users\lukas.godayol-bonay\Desktop\Semestre2\M.Gil\MonPortFolioSIO\Collab\update\download\org-netbeans-libs-amazon.nbm:netbeans/modules/org-netbeans-libs-amazon.jar to C:\Users\lukas.godayol-bonay\Desktop\Semestre2\M.Gil\MonPortFolioSIO\Collab\modules\org-netbeans-libs-amazon.jar
INFO [org.netbeans.updater]: File C:\Users\lukas.godayol-bonay\Desktop\Semestre2\M.Gil\MonPortFolioSIO\Collab\update\download\org-netbeans-libs-amazon.nbm deleted.
INFO [org.netbeans.updater]: Use XML Transformer: com.sun.org.apache.xalan.internal.xsltc.trax.TransformerImpl@681e895d
INFO [org.netbeans.updater]: File C:\Users\lukas.godayol-bonay\Desktop\Semestre2\M.Gil\MonPortFolioSIO\Collab\update_tracking\org-netbeans-libs-amazon.xml modified.
INFO [org.netbeans.updater]: File installed C:\Users\lukas.godayol-bonay\Desktop\Semestre2\M.Gil\MonPortFolioSIO\Collab\update_tracking\org-netbeans-libs-amazon.xml@0
INFO [org.netbeans.updater]: 780: Unpacking org-netbeans-modules-j2eeserver.nbm
INFO [org.netbeans.modules.progress.spi.InternalHandle]: Cannot process more work than scheduled. Progress handle with name "Installing plugins..." has requested progress to workunit no.42 but the total number of workunits is 1. That means the progress bar UI will not display real progress and will stay at 100%.
java.lang.IllegalArgumentException
[catch] at org.netbeans.modules.progress.spi.InternalHandle.progress(InternalHandle.java:329)
	at org.netbeans.api.progress.ProgressHandle.progress(ProgressHandle.java:264)
	at org.netbeans.modules.autoupdate.services.InstallSupportImpl$RefreshModulesListener.propertyChange(InstallSupportImpl.java:1261)
	at org.netbeans.updater.UpdaterInternal$1Context.firePropertyChange(UpdaterInternal.java:97)
	at org.netbeans.updater.UpdaterInternal$1Context.unpackingIsRunning(UpdaterInternal.java:64)
	at org.netbeans.updater.ModuleUpdater.unpack(ModuleUpdater.java:311)
	at org.netbeans.updater.ModuleUpdater.run(ModuleUpdater.java:118)
INFO [org.netbeans.updater]: File installed C:\Users\lukas.godayol-bonay\Desktop\Semestre2\M.Gil\MonPortFolioSIO\Collab\config\Modules\org-netbeans-modules-j2eeserver.xml@0
INFO [org.netbeans.updater]: Copied file C:\Users\lukas.godayol-bonay\Desktop\Semestre2\M.Gil\MonPortFolioSIO\Collab\update\download\org-netbeans-modules-j2eeserver.nbm:netbeans/config/Modules/org-netbeans-modules-j2eeserver.xml to C:\Users\lukas.godayol-bonay\Desktop\Semestre2\M.Gil\MonPortFolioSIO\Collab\config\Modules\org-netbeans-modules-j2eeserver.xml
INFO [org.netbeans.updater]: File installed C:\Users\lukas.godayol-bonay\Desktop\Semestre2\M.Gil\MonPortFolioSIO\Collab\modules\org-netbeans-modules-j2eeserver.jar@0
INFO [org.netbeans.updater]: Copied file C:\Users\lukas.godayol-bonay\Desktop\Semestre2\M.Gil\MonPortFolioSIO\Collab\update\download\org-netbeans-modules-j2eeserver.nbm:netbeans/modules/org-netbeans-modules-j2eeserver.jar to C:\Users\lukas.godayol-bonay\Desktop\Semestre2\M.Gil\MonPortFolioSIO\Collab\modules\org-netbeans-modules-j2eeserver.jar
INFO [org.netbeans.updater]: File C:\Users\lukas.godayol-bonay\Desktop\Semestre2\M.Gil\MonPortFolioSIO\Collab\update\download\org-netbeans-modules-j2eeserver.nbm deleted.
INFO [org.netbeans.updater]: Use XML Transformer: com.sun.org.apache.xalan.internal.xsltc.trax.TransformerImpl@7c47aa52
INFO [org.netbeans.updater]: File C:\Users\lukas.godayol-bonay\Desktop\Semestre2\M.Gil\MonPortFolioSIO\Collab\update_tracking\org-netbeans-modules-j2eeserver.xml modified.
INFO [org.netbeans.updater]: File installed C:\Users\lukas.godayol-bonay\Desktop\Semestre2\M.Gil\MonPortFolioSIO\Collab\update_tracking\org-netbeans-modules-j2eeserver.xml@0
INFO [org.netbeans.updater]: 780: Unpacking org-netbeans-modules-j2ee-sun-ddui.nbm
INFO [org.netbeans.modules.progress.spi.InternalHandle]: Cannot process more work than scheduled. Progress handle with name "Installing plugins..." has requested progress to workunit no.43 but the total number of workunits is 1. That means the progress bar UI will not display real progress and will stay at 100%.
java.lang.IllegalArgumentException
[catch] at org.netbeans.modules.progress.spi.InternalHandle.progress(InternalHandle.java:329)
	at org.netbeans.api.progress.ProgressHandle.progress(ProgressHandle.java:264)
	at org.netbeans.modules.autoupdate.services.InstallSupportImpl$RefreshModulesListener.propertyChange(InstallSupportImpl.java:1261)
	at org.netbeans.updater.UpdaterInternal$1Context.firePropertyChange(UpdaterInternal.java:97)
	at org.netbeans.updater.UpdaterInternal$1Context.unpackingIsRunning(UpdaterInternal.java:64)
	at org.netbeans.updater.ModuleUpdater.unpack(ModuleUpdater.java:311)
	at org.netbeans.updater.ModuleUpdater.run(ModuleUpdater.java:118)
INFO [org.netbeans.updater]: File installed C:\Users\lukas.godayol-bonay\Desktop\Semestre2\M.Gil\MonPortFolioSIO\Collab\config\Modules\org-netbeans-modules-j2ee-sun-ddui.xml@0
INFO [org.netbeans.updater]: Copied file C:\Users\lukas.godayol-bonay\Desktop\Semestre2\M.Gil\MonPortFolioSIO\Collab\update\download\org-netbeans-modules-j2ee-sun-ddui.nbm:netbeans/config/Modules/org-netbeans-modules-j2ee-sun-ddui.xml to C:\Users\lukas.godayol-bonay\Desktop\Semestre2\M.Gil\MonPortFolioSIO\Collab\config\Modules\org-netbeans-modules-j2ee-sun-ddui.xml
INFO [org.netbeans.updater]: File installed C:\Users\lukas.godayol-bonay\Desktop\Semestre2\M.Gil\MonPortFolioSIO\Collab\modules\org-netbeans-modules-j2ee-sun-ddui.jar@0
INFO [org.netbeans.updater]: Copied file C:\Users\lukas.godayol-bonay\Desktop\Semestre2\M.Gil\MonPortFolioSIO\Collab\update\download\org-netbeans-modules-j2ee-sun-ddui.nbm:netbeans/modules/org-netbeans-modules-j2ee-sun-ddui.jar to C:\Users\lukas.godayol-bonay\Desktop\Semestre2\M.Gil\MonPortFolioSIO\Collab\modules\org-netbeans-modules-j2ee-sun-ddui.jar
INFO [org.netbeans.updater]: File C:\Users\lukas.godayol-bonay\Desktop\Semestre2\M.Gil\MonPortFolioSIO\Collab\update\download\org-netbeans-modules-j2ee-sun-ddui.nbm deleted.
INFO [org.netbeans.updater]: Use XML Transformer: com.sun.org.apache.xalan.internal.xsltc.trax.TransformerImpl@6167fbd6
INFO [org.netbeans.updater]: File C:\Users\lukas.godayol-bonay\Desktop\Semestre2\M.Gil\MonPortFolioSIO\Collab\update_tracking\org-netbeans-modules-j2ee-sun-ddui.xml modified.
INFO [org.netbeans.updater]: File installed C:\Users\lukas.godayol-bonay\Desktop\Semestre2\M.Gil\MonPortFolioSIO\Collab\update_tracking\org-netbeans-modules-j2ee-sun-ddui.xml@0
INFO [org.netbeans.updater]: 780: Unpacking org-netbeans-modules-java-testrunner-ui.nbm
INFO [org.netbeans.modules.progress.spi.InternalHandle]: Cannot process more work than scheduled. Progress handle with name "Installing plugins..." has requested progress to workunit no.44 but the total number of workunits is 1. That means the progress bar UI will not display real progress and will stay at 100%.
java.lang.IllegalArgumentException
[catch] at org.netbeans.modules.progress.spi.InternalHandle.progress(InternalHandle.java:329)
	at org.netbeans.api.progress.ProgressHandle.progress(ProgressHandle.java:264)
	at org.netbeans.modules.autoupdate.services.InstallSupportImpl$RefreshModulesListener.propertyChange(InstallSupportImpl.java:1261)
	at org.netbeans.updater.UpdaterInternal$1Context.firePropertyChange(UpdaterInternal.java:97)
	at org.netbeans.updater.UpdaterInternal$1Context.unpackingIsRunning(UpdaterInternal.java:64)
	at org.netbeans.updater.ModuleUpdater.unpack(ModuleUpdater.java:311)
	at org.netbeans.updater.ModuleUpdater.run(ModuleUpdater.java:118)
INFO [org.netbeans.updater]: File installed C:\Users\lukas.godayol-bonay\Desktop\Semestre2\M.Gil\MonPortFolioSIO\Collab\config\Modules\org-netbeans-modules-java-testrunner-ui.xml@0
INFO [org.netbeans.updater]: Copied file C:\Users\lukas.godayol-bonay\Desktop\Semestre2\M.Gil\MonPortFolioSIO\Collab\update\download\org-netbeans-modules-java-testrunner-ui.nbm:netbeans/config/Modules/org-netbeans-modules-java-testrunner-ui.xml to C:\Users\lukas.godayol-bonay\Desktop\Semestre2\M.Gil\MonPortFolioSIO\Collab\config\Modules\org-netbeans-modules-java-testrunner-ui.xml
INFO [org.netbeans.updater]: File installed C:\Users\lukas.godayol-bonay\Desktop\Semestre2\M.Gil\MonPortFolioSIO\Collab\modules\org-netbeans-modules-java-testrunner-ui.jar@0
INFO [org.netbeans.updater]: Copied file C:\Users\lukas.godayol-bonay\Desktop\Semestre2\M.Gil\MonPortFolioSIO\Collab\update\download\org-netbeans-modules-java-testrunner-ui.nbm:netbeans/modules/org-netbeans-modules-java-testrunner-ui.jar to C:\Users\lukas.godayol-bonay\Desktop\Semestre2\M.Gil\MonPortFolioSIO\Collab\modules\org-netbeans-modules-java-testrunner-ui.jar
INFO [org.netbeans.updater]: File C:\Users\lukas.godayol-bonay\Desktop\Semestre2\M.Gil\MonPortFolioSIO\Collab\update\download\org-netbeans-modules-java-testrunner-ui.nbm deleted.
INFO [org.netbeans.updater]: Use XML Transformer: com.sun.org.apache.xalan.internal.xsltc.trax.TransformerImpl@1687adc0
INFO [org.netbeans.updater]: File C:\Users\lukas.godayol-bonay\Desktop\Semestre2\M.Gil\MonPortFolioSIO\Collab\update_tracking\org-netbeans-modules-java-testrunner-ui.xml modified.
INFO [org.netbeans.updater]: File installed C:\Users\lukas.godayol-bonay\Desktop\Semestre2\M.Gil\MonPortFolioSIO\Collab\update_tracking\org-netbeans-modules-java-testrunner-ui.xml@0
INFO [org.netbeans.updater]: 780: Unpacking org-netbeans-libs-glassfish_logging.nbm
INFO [org.netbeans.modules.progress.spi.InternalHandle]: Cannot process more work than scheduled. Progress handle with name "Installing plugins..." has requested progress to workunit no.45 but the total number of workunits is 1. That means the progress bar UI will not display real progress and will stay at 100%.
java.lang.IllegalArgumentException
[catch] at org.netbeans.modules.progress.spi.InternalHandle.progress(InternalHandle.java:329)
	at org.netbeans.api.progress.ProgressHandle.progress(ProgressHandle.java:264)
	at org.netbeans.modules.autoupdate.services.InstallSupportImpl$RefreshModulesListener.propertyChange(InstallSupportImpl.java:1261)
	at org.netbeans.updater.UpdaterInternal$1Context.firePropertyChange(UpdaterInternal.java:97)
	at org.netbeans.updater.UpdaterInternal$1Context.unpackingIsRunning(UpdaterInternal.java:64)
	at org.netbeans.updater.ModuleUpdater.unpack(ModuleUpdater.java:311)
	at org.netbeans.updater.ModuleUpdater.run(ModuleUpdater.java:118)
INFO [org.netbeans.updater]: File installed C:\Users\lukas.godayol-bonay\Desktop\Semestre2\M.Gil\MonPortFolioSIO\Collab\config\Modules\org-netbeans-libs-glassfish_logging.xml@0
INFO [org.netbeans.updater]: Copied file C:\Users\lukas.godayol-bonay\Desktop\Semestre2\M.Gil\MonPortFolioSIO\Collab\update\download\org-netbeans-libs-glassfish_logging.nbm:netbeans/config/Modules/org-netbeans-libs-glassfish_logging.xml to C:\Users\lukas.godayol-bonay\Desktop\Semestre2\M.Gil\MonPortFolioSIO\Collab\config\Modules\org-netbeans-libs-glassfish_logging.xml
INFO [org.netbeans.updater]: File installed C:\Users\lukas.godayol-bonay\Desktop\Semestre2\M.Gil\MonPortFolioSIO\Collab\modules\ext\logging-api-1.0.4.jar@0
INFO [org.netbeans.updater]: Copied file C:\Users\lukas.godayol-bonay\Desktop\Semestre2\M.Gil\MonPortFolioSIO\Collab\update\download\org-netbeans-libs-glassfish_logging.nbm:netbeans/modules/ext/logging-api-1.0.4.jar to C:\Users\lukas.godayol-bonay\Desktop\Semestre2\M.Gil\MonPortFolioSIO\Collab\modules\ext\logging-api-1.0.4.jar
INFO [org.netbeans.updater]: File installed C:\Users\lukas.godayol-bonay\Desktop\Semestre2\M.Gil\MonPortFolioSIO\Collab\modules\org-netbeans-libs-glassfish_logging.jar@0
INFO [org.netbeans.updater]: Copied file C:\Users\lukas.godayol-bonay\Desktop\Semestre2\M.Gil\MonPortFolioSIO\Collab\update\download\org-netbeans-libs-glassfish_logging.nbm:netbeans/modules/org-netbeans-libs-glassfish_logging.jar to C:\Users\lukas.godayol-bonay\Desktop\Semestre2\M.Gil\MonPortFolioSIO\Collab\modules\org-netbeans-libs-glassfish_logging.jar
INFO [org.netbeans.updater]: File C:\Users\lukas.godayol-bonay\Desktop\Semestre2\M.Gil\MonPortFolioSIO\Collab\update\download\org-netbeans-libs-glassfish_logging.nbm deleted.
INFO [org.netbeans.updater]: Use XML Transformer: com.sun.org.apache.xalan.internal.xsltc.trax.TransformerImpl@6003eb86
INFO [org.netbeans.updater]: File C:\Users\lukas.godayol-bonay\Desktop\Semestre2\M.Gil\MonPortFolioSIO\Collab\update_tracking\org-netbeans-libs-glassfish_logging.xml modified.
INFO [org.netbeans.updater]: File installed C:\Users\lukas.godayol-bonay\Desktop\Semestre2\M.Gil\MonPortFolioSIO\Collab\update_tracking\org-netbeans-libs-glassfish_logging.xml@0
INFO [org.netbeans.updater]: 780: Unpacking org-netbeans-modules-websvc-manager.nbm
INFO [org.netbeans.modules.progress.spi.InternalHandle]: Cannot process more work than scheduled. Progress handle with name "Installing plugins..." has requested progress to workunit no.46 but the total number of workunits is 1. That means the progress bar UI will not display real progress and will stay at 100%.
java.lang.IllegalArgumentException
[catch] at org.netbeans.modules.progress.spi.InternalHandle.progress(InternalHandle.java:329)
	at org.netbeans.api.progress.ProgressHandle.progress(ProgressHandle.java:264)
	at org.netbeans.modules.autoupdate.services.InstallSupportImpl$RefreshModulesListener.propertyChange(InstallSupportImpl.java:1261)
	at org.netbeans.updater.UpdaterInternal$1Context.firePropertyChange(UpdaterInternal.java:97)
	at org.netbeans.updater.UpdaterInternal$1Context.unpackingIsRunning(UpdaterInternal.java:64)
	at org.netbeans.updater.ModuleUpdater.unpack(ModuleUpdater.java:311)
	at org.netbeans.updater.ModuleUpdater.run(ModuleUpdater.java:118)
INFO [org.netbeans.updater]: File installed C:\Users\lukas.godayol-bonay\Desktop\Semestre2\M.Gil\MonPortFolioSIO\Collab\config\Modules\org-netbeans-modules-websvc-manager.xml@0
INFO [org.netbeans.updater]: Copied file C:\Users\lukas.godayol-bonay\Desktop\Semestre2\M.Gil\MonPortFolioSIO\Collab\update\download\org-netbeans-modules-websvc-manager.nbm:netbeans/config/Modules/org-netbeans-modules-websvc-manager.xml to C:\Users\lukas.godayol-bonay\Desktop\Semestre2\M.Gil\MonPortFolioSIO\Collab\config\Modules\org-netbeans-modules-websvc-manager.xml
INFO [org.netbeans.updater]: File installed C:\Users\lukas.godayol-bonay\Desktop\Semestre2\M.Gil\MonPortFolioSIO\Collab\modules\ext\build-ws.xml@0
INFO [org.netbeans.updater]: Copied file C:\Users\lukas.godayol-bonay\Desktop\Semestre2\M.Gil\MonPortFolioSIO\Collab\update\download\org-netbeans-modules-websvc-manager.nbm:netbeans/modules/ext/build-ws.xml to C:\Users\lukas.godayol-bonay\Desktop\Semestre2\M.Gil\MonPortFolioSIO\Collab\modules\ext\build-ws.xml
INFO [org.netbeans.updater]: File installed C:\Users\lukas.godayol-bonay\Desktop\Semestre2\M.Gil\MonPortFolioSIO\Collab\modules\org-netbeans-modules-websvc-manager.jar@0
INFO [org.netbeans.updater]: Copied file C:\Users\lukas.godayol-bonay\Desktop\Semestre2\M.Gil\MonPortFolioSIO\Collab\update\download\org-netbeans-modules-websvc-manager.nbm:netbeans/modules/org-netbeans-modules-websvc-manager.jar to C:\Users\lukas.godayol-bonay\Desktop\Semestre2\M.Gil\MonPortFolioSIO\Collab\modules\org-netbeans-modules-websvc-manager.jar
INFO [org.netbeans.updater]: File C:\Users\lukas.godayol-bonay\Desktop\Semestre2\M.Gil\MonPortFolioSIO\Collab\update\download\org-netbeans-modules-websvc-manager.nbm deleted.
INFO [org.netbeans.updater]: Use XML Transformer: com.sun.org.apache.xalan.internal.xsltc.trax.TransformerImpl@1d29cbcb
INFO [org.netbeans.updater]: File C:\Users\lukas.godayol-bonay\Desktop\Semestre2\M.Gil\MonPortFolioSIO\Collab\update_tracking\org-netbeans-modules-websvc-manager.xml modified.
INFO [org.netbeans.updater]: File installed C:\Users\lukas.godayol-bonay\Desktop\Semestre2\M.Gil\MonPortFolioSIO\Collab\update_tracking\org-netbeans-modules-websvc-manager.xml@0
INFO [org.netbeans.updater]: 780: Unpacking org-netbeans-modules-whitelist.nbm
INFO [org.netbeans.modules.progress.spi.InternalHandle]: Cannot process more work than scheduled. Progress handle with name "Installing plugins..." has requested progress to workunit no.47 but the total number of workunits is 1. That means the progress bar UI will not display real progress and will stay at 100%.
java.lang.IllegalArgumentException
[catch] at org.netbeans.modules.progress.spi.InternalHandle.progress(InternalHandle.java:329)
	at org.netbeans.api.progress.ProgressHandle.progress(ProgressHandle.java:264)
	at org.netbeans.modules.autoupdate.services.InstallSupportImpl$RefreshModulesListener.propertyChange(InstallSupportImpl.java:1261)
	at org.netbeans.updater.UpdaterInternal$1Context.firePropertyChange(UpdaterInternal.java:97)
	at org.netbeans.updater.UpdaterInternal$1Context.unpackingIsRunning(UpdaterInternal.java:64)
	at org.netbeans.updater.ModuleUpdater.unpack(ModuleUpdater.java:311)
	at org.netbeans.updater.ModuleUpdater.run(ModuleUpdater.java:118)
INFO [org.netbeans.updater]: File installed C:\Users\lukas.godayol-bonay\Desktop\Semestre2\M.Gil\MonPortFolioSIO\Collab\config\Modules\org-netbeans-modules-whitelist.xml@0
INFO [org.netbeans.updater]: Copied file C:\Users\lukas.godayol-bonay\Desktop\Semestre2\M.Gil\MonPortFolioSIO\Collab\update\download\org-netbeans-modules-whitelist.nbm:netbeans/config/Modules/org-netbeans-modules-whitelist.xml to C:\Users\lukas.godayol-bonay\Desktop\Semestre2\M.Gil\MonPortFolioSIO\Collab\config\Modules\org-netbeans-modules-whitelist.xml
INFO [org.netbeans.updater]: File installed C:\Users\lukas.godayol-bonay\Desktop\Semestre2\M.Gil\MonPortFolioSIO\Collab\modules\org-netbeans-modules-whitelist.jar@0
INFO [org.netbeans.updater]: Copied file C:\Users\lukas.godayol-bonay\Desktop\Semestre2\M.Gil\MonPortFolioSIO\Collab\update\download\org-netbeans-modules-whitelist.nbm:netbeans/modules/org-netbeans-modules-whitelist.jar to C:\Users\lukas.godayol-bonay\Desktop\Semestre2\M.Gil\MonPortFolioSIO\Collab\modules\org-netbeans-modules-whitelist.jar
INFO [org.netbeans.updater]: File C:\Users\lukas.godayol-bonay\Desktop\Semestre2\M.Gil\MonPortFolioSIO\Collab\update\download\org-netbeans-modules-whitelist.nbm deleted.
INFO [org.netbeans.updater]: Use XML Transformer: com.sun.org.apache.xalan.internal.xsltc.trax.TransformerImpl@16cdbe39
INFO [org.netbeans.updater]: File C:\Users\lukas.godayol-bonay\Desktop\Semestre2\M.Gil\MonPortFolioSIO\Collab\update_tracking\org-netbeans-modules-whitelist.xml modified.
INFO [org.netbeans.updater]: File installed C:\Users\lukas.godayol-bonay\Desktop\Semestre2\M.Gil\MonPortFolioSIO\Collab\update_tracking\org-netbeans-modules-whitelist.xml@0
INFO [org.netbeans.updater]: 780: Unpacking org-netbeans-modules-junit-ui.nbm
INFO [org.netbeans.modules.progress.spi.InternalHandle]: Cannot process more work than scheduled. Progress handle with name "Installing plugins..." has requested progress to workunit no.48 but the total number of workunits is 1. That means the progress bar UI will not display real progress and will stay at 100%.
java.lang.IllegalArgumentException
[catch] at org.netbeans.modules.progress.spi.InternalHandle.progress(InternalHandle.java:329)
	at org.netbeans.api.progress.ProgressHandle.progress(ProgressHandle.java:264)
	at org.netbeans.modules.autoupdate.services.InstallSupportImpl$RefreshModulesListener.propertyChange(InstallSupportImpl.java:1261)
	at org.netbeans.updater.UpdaterInternal$1Context.firePropertyChange(UpdaterInternal.java:97)
	at org.netbeans.updater.UpdaterInternal$1Context.unpackingIsRunning(UpdaterInternal.java:64)
	at org.netbeans.updater.ModuleUpdater.unpack(ModuleUpdater.java:311)
	at org.netbeans.updater.ModuleUpdater.run(ModuleUpdater.java:118)
INFO [org.netbeans.updater]: File installed C:\Users\lukas.godayol-bonay\Desktop\Semestre2\M.Gil\MonPortFolioSIO\Collab\config\Modules\org-netbeans-modules-junit-ui.xml@0
INFO [org.netbeans.updater]: Copied file C:\Users\lukas.godayol-bonay\Desktop\Semestre2\M.Gil\MonPortFolioSIO\Collab\update\download\org-netbeans-modules-junit-ui.nbm:netbeans/config/Modules/org-netbeans-modules-junit-ui.xml to C:\Users\lukas.godayol-bonay\Desktop\Semestre2\M.Gil\MonPortFolioSIO\Collab\config\Modules\org-netbeans-modules-junit-ui.xml
INFO [org.netbeans.updater]: File installed C:\Users\lukas.godayol-bonay\Desktop\Semestre2\M.Gil\MonPortFolioSIO\Collab\modules\org-netbeans-modules-junit-ui.jar@0
INFO [org.netbeans.updater]: Copied file C:\Users\lukas.godayol-bonay\Desktop\Semestre2\M.Gil\MonPortFolioSIO\Collab\update\download\org-netbeans-modules-junit-ui.nbm:netbeans/modules/org-netbeans-modules-junit-ui.jar to C:\Users\lukas.godayol-bonay\Desktop\Semestre2\M.Gil\MonPortFolioSIO\Collab\modules\org-netbeans-modules-junit-ui.jar
INFO [org.netbeans.updater]: File C:\Users\lukas.godayol-bonay\Desktop\Semestre2\M.Gil\MonPortFolioSIO\Collab\update\download\org-netbeans-modules-junit-ui.nbm deleted.
INFO [org.netbeans.updater]: Use XML Transformer: com.sun.org.apache.xalan.internal.xsltc.trax.TransformerImpl@37d1ab29
INFO [org.netbeans.updater]: File C:\Users\lukas.godayol-bonay\Desktop\Semestre2\M.Gil\MonPortFolioSIO\Collab\update_tracking\org-netbeans-modules-junit-ui.xml modified.
INFO [org.netbeans.updater]: File installed C:\Users\lukas.godayol-bonay\Desktop\Semestre2\M.Gil\MonPortFolioSIO\Collab\update_tracking\org-netbeans-modules-junit-ui.xml@0
INFO [org.netbeans.updater]: 780: Unpacking org-netbeans-modules-java-platform.nbm
INFO [org.netbeans.modules.progress.spi.InternalHandle]: Cannot process more work than scheduled. Progress handle with name "Installing plugins..." has requested progress to workunit no.49 but the total number of workunits is 1. That means the progress bar UI will not display real progress and will stay at 100%.
java.lang.IllegalArgumentException
[catch] at org.netbeans.modules.progress.spi.InternalHandle.progress(InternalHandle.java:329)
	at org.netbeans.api.progress.ProgressHandle.progress(ProgressHandle.java:264)
	at org.netbeans.modules.autoupdate.services.InstallSupportImpl$RefreshModulesListener.propertyChange(InstallSupportImpl.java:1261)
	at org.netbeans.updater.UpdaterInternal$1Context.firePropertyChange(UpdaterInternal.java:97)
	at org.netbeans.updater.UpdaterInternal$1Context.unpackingIsRunning(UpdaterInternal.java:64)
	at org.netbeans.updater.ModuleUpdater.unpack(ModuleUpdater.java:311)
	at org.netbeans.updater.ModuleUpdater.run(ModuleUpdater.java:118)
INFO [org.netbeans.updater]: File installed C:\Users\lukas.godayol-bonay\Desktop\Semestre2\M.Gil\MonPortFolioSIO\Collab\config\ModuleAutoDeps\org-netbeans-modules-java-platform.xml@0
INFO [org.netbeans.updater]: Copied file C:\Users\lukas.godayol-bonay\Desktop\Semestre2\M.Gil\MonPortFolioSIO\Collab\update\download\org-netbeans-modules-java-platform.nbm:netbeans/config/ModuleAutoDeps/org-netbeans-modules-java-platform.xml to C:\Users\lukas.godayol-bonay\Desktop\Semestre2\M.Gil\MonPortFolioSIO\Collab\config\ModuleAutoDeps\org-netbeans-modules-java-platform.xml
INFO [org.netbeans.updater]: File installed C:\Users\lukas.godayol-bonay\Desktop\Semestre2\M.Gil\MonPortFolioSIO\Collab\config\Modules\org-netbeans-modules-java-platform.xml@0
INFO [org.netbeans.updater]: Copied file C:\Users\lukas.godayol-bonay\Desktop\Semestre2\M.Gil\MonPortFolioSIO\Collab\update\download\org-netbeans-modules-java-platform.nbm:netbeans/config/Modules/org-netbeans-modules-java-platform.xml to C:\Users\lukas.godayol-bonay\Desktop\Semestre2\M.Gil\MonPortFolioSIO\Collab\config\Modules\org-netbeans-modules-java-platform.xml
INFO [org.netbeans.updater]: File installed C:\Users\lukas.godayol-bonay\Desktop\Semestre2\M.Gil\MonPortFolioSIO\Collab\modules\org-netbeans-modules-java-platform.jar@0
INFO [org.netbeans.updater]: Copied file C:\Users\lukas.godayol-bonay\Desktop\Semestre2\M.Gil\MonPortFolioSIO\Collab\update\download\org-netbeans-modules-java-platform.nbm:netbeans/modules/org-netbeans-modules-java-platform.jar to C:\Users\lukas.godayol-bonay\Desktop\Semestre2\M.Gil\MonPortFolioSIO\Collab\modules\org-netbeans-modules-java-platform.jar
INFO [org.netbeans.updater]: File C:\Users\lukas.godayol-bonay\Desktop\Semestre2\M.Gil\MonPortFolioSIO\Collab\update\download\org-netbeans-modules-java-platform.nbm deleted.
INFO [org.netbeans.updater]: Use XML Transformer: com.sun.org.apache.xalan.internal.xsltc.trax.TransformerImpl@46dfebce
INFO [org.netbeans.updater]: File C:\Users\lukas.godayol-bonay\Desktop\Semestre2\M.Gil\MonPortFolioSIO\Collab\update_tracking\org-netbeans-modules-java-platform.xml modified.
INFO [org.netbeans.updater]: File installed C:\Users\lukas.godayol-bonay\Desktop\Semestre2\M.Gil\MonPortFolioSIO\Collab\update_tracking\org-netbeans-modules-java-platform.xml@0
INFO [org.netbeans.updater]: 780: Unpacking org-netbeans-modules-web-project.nbm
INFO [org.netbeans.modules.progress.spi.InternalHandle]: Cannot process more work than scheduled. Progress handle with name "Installing plugins..." has requested progress to workunit no.50 but the total number of workunits is 1. That means the progress bar UI will not display real progress and will stay at 100%.
java.lang.IllegalArgumentException
[catch] at org.netbeans.modules.progress.spi.InternalHandle.progress(InternalHandle.java:329)
	at org.netbeans.api.progress.ProgressHandle.progress(ProgressHandle.java:264)
	at org.netbeans.modules.autoupdate.services.InstallSupportImpl$RefreshModulesListener.propertyChange(InstallSupportImpl.java:1261)
	at org.netbeans.updater.UpdaterInternal$1Context.firePropertyChange(UpdaterInternal.java:97)
	at org.netbeans.updater.UpdaterInternal$1Context.unpackingIsRunning(UpdaterInternal.java:64)
	at org.netbeans.updater.ModuleUpdater.unpack(ModuleUpdater.java:311)
	at org.netbeans.updater.ModuleUpdater.run(ModuleUpdater.java:118)
INFO [org.netbeans.updater]: File installed C:\Users\lukas.godayol-bonay\Desktop\Semestre2\M.Gil\MonPortFolioSIO\Collab\ant\extra\jspcompile.jar@0
INFO [org.netbeans.updater]: Copied file C:\Users\lukas.godayol-bonay\Desktop\Semestre2\M.Gil\MonPortFolioSIO\Collab\update\download\org-netbeans-modules-web-project.nbm:netbeans/ant/extra/jspcompile.jar to C:\Users\lukas.godayol-bonay\Desktop\Semestre2\M.Gil\MonPortFolioSIO\Collab\ant\extra\jspcompile.jar
INFO [org.netbeans.updater]: File installed C:\Users\lukas.godayol-bonay\Desktop\Semestre2\M.Gil\MonPortFolioSIO\Collab\ant\sources\org\netbeans\modules\web\project\ant\JspC.java@0
INFO [org.netbeans.updater]: Copied file C:\Users\lukas.godayol-bonay\Desktop\Semestre2\M.Gil\MonPortFolioSIO\Collab\update\download\org-netbeans-modules-web-project.nbm:netbeans/ant/sources/org/netbeans/modules/web/project/ant/JspC.java to C:\Users\lukas.godayol-bonay\Desktop\Semestre2\M.Gil\MonPortFolioSIO\Collab\ant\sources\org\netbeans\modules\web\project\ant\JspC.java
INFO [org.netbeans.updater]: File installed C:\Users\lukas.godayol-bonay\Desktop\Semestre2\M.Gil\MonPortFolioSIO\Collab\ant\sources\org\netbeans\modules\web\project\ant\JspCSingle.java@0
INFO [org.netbeans.updater]: Copied file C:\Users\lukas.godayol-bonay\Desktop\Semestre2\M.Gil\MonPortFolioSIO\Collab\update\download\org-netbeans-modules-web-project.nbm:netbeans/ant/sources/org/netbeans/modules/web/project/ant/JspCSingle.java to C:\Users\lukas.godayol-bonay\Desktop\Semestre2\M.Gil\MonPortFolioSIO\Collab\ant\sources\org\netbeans\modules\web\project\ant\JspCSingle.java
INFO [org.netbeans.updater]: File installed C:\Users\lukas.godayol-bonay\Desktop\Semestre2\M.Gil\MonPortFolioSIO\Collab\config\Modules\org-netbeans-modules-web-project.xml@0
INFO [org.netbeans.updater]: Copied file C:\Users\lukas.godayol-bonay\Desktop\Semestre2\M.Gil\MonPortFolioSIO\Collab\update\download\org-netbeans-modules-web-project.nbm:netbeans/config/Modules/org-netbeans-modules-web-project.xml to C:\Users\lukas.godayol-bonay\Desktop\Semestre2\M.Gil\MonPortFolioSIO\Collab\config\Modules\org-netbeans-modules-web-project.xml
INFO [org.netbeans.updater]: File installed C:\Users\lukas.godayol-bonay\Desktop\Semestre2\M.Gil\MonPortFolioSIO\Collab\modules\org-netbeans-modules-web-project.jar@0
INFO [org.netbeans.updater]: Copied file C:\Users\lukas.godayol-bonay\Desktop\Semestre2\M.Gil\MonPortFolioSIO\Collab\update\download\org-netbeans-modules-web-project.nbm:netbeans/modules/org-netbeans-modules-web-project.jar to C:\Users\lukas.godayol-bonay\Desktop\Semestre2\M.Gil\MonPortFolioSIO\Collab\modules\org-netbeans-modules-web-project.jar
INFO [org.netbeans.updater]: File C:\Users\lukas.godayol-bonay\Desktop\Semestre2\M.Gil\MonPortFolioSIO\Collab\update\download\org-netbeans-modules-web-project.nbm deleted.
INFO [org.netbeans.updater]: Use XML Transformer: com.sun.org.apache.xalan.internal.xsltc.trax.TransformerImpl@7274a063
INFO [org.netbeans.updater]: File C:\Users\lukas.godayol-bonay\Desktop\Semestre2\M.Gil\MonPortFolioSIO\Collab\update_tracking\org-netbeans-modules-web-project.xml modified.
INFO [org.netbeans.updater]: File installed C:\Users\lukas.godayol-bonay\Desktop\Semestre2\M.Gil\MonPortFolioSIO\Collab\update_tracking\org-netbeans-modules-web-project.xml@0
INFO [org.netbeans.updater]: 780: Unpacking org-netbeans-modules-java-editor.nbm
INFO [org.netbeans.modules.progress.spi.InternalHandle]: Cannot process more work than scheduled. Progress handle with name "Installing plugins..." has requested progress to workunit no.51 but the total number of workunits is 1. That means the progress bar UI will not display real progress and will stay at 100%.
java.lang.IllegalArgumentException
[catch] at org.netbeans.modules.progress.spi.InternalHandle.progress(InternalHandle.java:329)
	at org.netbeans.api.progress.ProgressHandle.progress(ProgressHandle.java:264)
	at org.netbeans.modules.autoupdate.services.InstallSupportImpl$RefreshModulesListener.propertyChange(InstallSupportImpl.java:1261)
	at org.netbeans.updater.UpdaterInternal$1Context.firePropertyChange(UpdaterInternal.java:97)
	at org.netbeans.updater.UpdaterInternal$1Context.unpackingIsRunning(UpdaterInternal.java:64)
	at org.netbeans.updater.ModuleUpdater.unpack(ModuleUpdater.java:311)
	at org.netbeans.updater.ModuleUpdater.run(ModuleUpdater.java:118)
INFO [org.netbeans.updater]: File installed C:\Users\lukas.godayol-bonay\Desktop\Semestre2\M.Gil\MonPortFolioSIO\Collab\config\ModuleAutoDeps\org-netbeans-modules-java-editor.xml@0
INFO [org.netbeans.updater]: Copied file C:\Users\lukas.godayol-bonay\Desktop\Semestre2\M.Gil\MonPortFolioSIO\Collab\update\download\org-netbeans-modules-java-editor.nbm:netbeans/config/ModuleAutoDeps/org-netbeans-modules-java-editor.xml to C:\Users\lukas.godayol-bonay\Desktop\Semestre2\M.Gil\MonPortFolioSIO\Collab\config\ModuleAutoDeps\org-netbeans-modules-java-editor.xml
INFO [org.netbeans.updater]: File installed C:\Users\lukas.godayol-bonay\Desktop\Semestre2\M.Gil\MonPortFolioSIO\Collab\config\Modules\org-netbeans-modules-java-editor.xml@0
INFO [org.netbeans.updater]: Copied file C:\Users\lukas.godayol-bonay\Desktop\Semestre2\M.Gil\MonPortFolioSIO\Collab\update\download\org-netbeans-modules-java-editor.nbm:netbeans/config/Modules/org-netbeans-modules-java-editor.xml to C:\Users\lukas.godayol-bonay\Desktop\Semestre2\M.Gil\MonPortFolioSIO\Collab\config\Modules\org-netbeans-modules-java-editor.xml
INFO [org.netbeans.updater]: File installed C:\Users\lukas.godayol-bonay\Desktop\Semestre2\M.Gil\MonPortFolioSIO\Collab\modules\org-netbeans-modules-java-editor.jar@0
INFO [org.netbeans.updater]: Copied file C:\Users\lukas.godayol-bonay\Desktop\Semestre2\M.Gil\MonPortFolioSIO\Collab\update\download\org-netbeans-modules-java-editor.nbm:netbeans/modules/org-netbeans-modules-java-editor.jar to C:\Users\lukas.godayol-bonay\Desktop\Semestre2\M.Gil\MonPortFolioSIO\Collab\modules\org-netbeans-modules-java-editor.jar
INFO [org.netbeans.updater]: File C:\Users\lukas.godayol-bonay\Desktop\Semestre2\M.Gil\MonPortFolioSIO\Collab\update\download\org-netbeans-modules-java-editor.nbm deleted.
INFO [org.netbeans.updater]: Use XML Transformer: com.sun.org.apache.xalan.internal.xsltc.trax.TransformerImpl@6d37a321
INFO [org.netbeans.updater]: File C:\Users\lukas.godayol-bonay\Desktop\Semestre2\M.Gil\MonPortFolioSIO\Collab\update_tracking\org-netbeans-modules-java-editor.xml modified.
INFO [org.netbeans.updater]: File installed C:\Users\lukas.godayol-bonay\Desktop\Semestre2\M.Gil\MonPortFolioSIO\Collab\update_tracking\org-netbeans-modules-java-editor.xml@0
INFO [org.netbeans.updater]: 780: Unpacking org-netbeans-modules-java-disco.nbm
INFO [org.netbeans.modules.progress.spi.InternalHandle]: Cannot process more work than scheduled. Progress handle with name "Installing plugins..." has requested progress to workunit no.52 but the total number of workunits is 1. That means the progress bar UI will not display real progress and will stay at 100%.
java.lang.IllegalArgumentException
[catch] at org.netbeans.modules.progress.spi.InternalHandle.progress(InternalHandle.java:329)
	at org.netbeans.api.progress.ProgressHandle.progress(ProgressHandle.java:264)
	at org.netbeans.modules.autoupdate.services.InstallSupportImpl$RefreshModulesListener.propertyChange(InstallSupportImpl.java:1261)
	at org.netbeans.updater.UpdaterInternal$1Context.firePropertyChange(UpdaterInternal.java:97)
	at org.netbeans.updater.UpdaterInternal$1Context.unpackingIsRunning(UpdaterInternal.java:64)
	at org.netbeans.updater.ModuleUpdater.unpack(ModuleUpdater.java:311)
	at org.netbeans.updater.ModuleUpdater.run(ModuleUpdater.java:118)
INFO [org.netbeans.updater]: File installed C:\Users\lukas.godayol-bonay\Desktop\Semestre2\M.Gil\MonPortFolioSIO\Collab\config\Modules\org-netbeans-modules-java-disco.xml@0
INFO [org.netbeans.updater]: Copied file C:\Users\lukas.godayol-bonay\Desktop\Semestre2\M.Gil\MonPortFolioSIO\Collab\update\download\org-netbeans-modules-java-disco.nbm:netbeans/config/Modules/org-netbeans-modules-java-disco.xml to C:\Users\lukas.godayol-bonay\Desktop\Semestre2\M.Gil\MonPortFolioSIO\Collab\config\Modules\org-netbeans-modules-java-disco.xml
INFO [org.netbeans.updater]: File installed C:\Users\lukas.godayol-bonay\Desktop\Semestre2\M.Gil\MonPortFolioSIO\Collab\modules\ext\checker-qual-3.9.1.jar@0
INFO [org.netbeans.updater]: Copied file C:\Users\lukas.godayol-bonay\Desktop\Semestre2\M.Gil\MonPortFolioSIO\Collab\update\download\org-netbeans-modules-java-disco.nbm:netbeans/modules/ext/checker-qual-3.9.1.jar to C:\Users\lukas.godayol-bonay\Desktop\Semestre2\M.Gil\MonPortFolioSIO\Collab\modules\ext\checker-qual-3.9.1.jar
INFO [org.netbeans.updater]: File installed C:\Users\lukas.godayol-bonay\Desktop\Semestre2\M.Gil\MonPortFolioSIO\Collab\modules\ext\discoclient-2.0.24.jar@0
INFO [org.netbeans.updater]: Copied file C:\Users\lukas.godayol-bonay\Desktop\Semestre2\M.Gil\MonPortFolioSIO\Collab\update\download\org-netbeans-modules-java-disco.nbm:netbeans/modules/ext/discoclient-2.0.24.jar to C:\Users\lukas.godayol-bonay\Desktop\Semestre2\M.Gil\MonPortFolioSIO\Collab\modules\ext\discoclient-2.0.24.jar
INFO [org.netbeans.updater]: File installed C:\Users\lukas.godayol-bonay\Desktop\Semestre2\M.Gil\MonPortFolioSIO\Collab\modules\ext\jdktools-11.0.11.jar@0
INFO [org.netbeans.updater]: Copied file C:\Users\lukas.godayol-bonay\Desktop\Semestre2\M.Gil\MonPortFolioSIO\Collab\update\download\org-netbeans-modules-java-disco.nbm:netbeans/modules/ext/jdktools-11.0.11.jar to C:\Users\lukas.godayol-bonay\Desktop\Semestre2\M.Gil\MonPortFolioSIO\Collab\modules\ext\jdktools-11.0.11.jar
INFO [org.netbeans.updater]: File installed C:\Users\lukas.godayol-bonay\Desktop\Semestre2\M.Gil\MonPortFolioSIO\Collab\modules\org-netbeans-modules-java-disco.jar@0
INFO [org.netbeans.updater]: Copied file C:\Users\lukas.godayol-bonay\Desktop\Semestre2\M.Gil\MonPortFolioSIO\Collab\update\download\org-netbeans-modules-java-disco.nbm:netbeans/modules/org-netbeans-modules-java-disco.jar to C:\Users\lukas.godayol-bonay\Desktop\Semestre2\M.Gil\MonPortFolioSIO\Collab\modules\org-netbeans-modules-java-disco.jar
INFO [org.netbeans.updater]: File C:\Users\lukas.godayol-bonay\Desktop\Semestre2\M.Gil\MonPortFolioSIO\Collab\update\download\org-netbeans-modules-java-disco.nbm deleted.
INFO [org.netbeans.updater]: Use XML Transformer: com.sun.org.apache.xalan.internal.xsltc.trax.TransformerImpl@75ef73f7
INFO [org.netbeans.updater]: File C:\Users\lukas.godayol-bonay\Desktop\Semestre2\M.Gil\MonPortFolioSIO\Collab\update_tracking\org-netbeans-modules-java-disco.xml modified.
INFO [org.netbeans.updater]: File installed C:\Users\lukas.godayol-bonay\Desktop\Semestre2\M.Gil\MonPortFolioSIO\Collab\update_tracking\org-netbeans-modules-java-disco.xml@0
INFO [org.netbeans.updater]: 780: Unpacking org-netbeans-modules-junit.nbm
INFO [org.netbeans.modules.progress.spi.InternalHandle]: Cannot process more work than scheduled. Progress handle with name "Installing plugins..." has requested progress to workunit no.53 but the total number of workunits is 1. That means the progress bar UI will not display real progress and will stay at 100%.
java.lang.IllegalArgumentException
[catch] at org.netbeans.modules.progress.spi.InternalHandle.progress(InternalHandle.java:329)
	at org.netbeans.api.progress.ProgressHandle.progress(ProgressHandle.java:264)
	at org.netbeans.modules.autoupdate.services.InstallSupportImpl$RefreshModulesListener.propertyChange(InstallSupportImpl.java:1261)
	at org.netbeans.updater.UpdaterInternal$1Context.firePropertyChange(UpdaterInternal.java:97)
	at org.netbeans.updater.UpdaterInternal$1Context.unpackingIsRunning(UpdaterInternal.java:64)
	at org.netbeans.updater.ModuleUpdater.unpack(ModuleUpdater.java:311)
	at org.netbeans.updater.ModuleUpdater.run(ModuleUpdater.java:118)
INFO [org.netbeans.updater]: File installed C:\Users\lukas.godayol-bonay\Desktop\Semestre2\M.Gil\MonPortFolioSIO\Collab\config\Modules\org-netbeans-modules-junit.xml@0
INFO [org.netbeans.updater]: Copied file C:\Users\lukas.godayol-bonay\Desktop\Semestre2\M.Gil\MonPortFolioSIO\Collab\update\download\org-netbeans-modules-junit.nbm:netbeans/config/Modules/org-netbeans-modules-junit.xml to C:\Users\lukas.godayol-bonay\Desktop\Semestre2\M.Gil\MonPortFolioSIO\Collab\config\Modules\org-netbeans-modules-junit.xml
INFO [org.netbeans.updater]: File installed C:\Users\lukas.godayol-bonay\Desktop\Semestre2\M.Gil\MonPortFolioSIO\Collab\modules\org-netbeans-modules-junit.jar@0
INFO [org.netbeans.updater]: Copied file C:\Users\lukas.godayol-bonay\Desktop\Semestre2\M.Gil\MonPortFolioSIO\Collab\update\download\org-netbeans-modules-junit.nbm:netbeans/modules/org-netbeans-modules-junit.jar to C:\Users\lukas.godayol-bonay\Desktop\Semestre2\M.Gil\MonPortFolioSIO\Collab\modules\org-netbeans-modules-junit.jar
INFO [org.netbeans.updater]: File C:\Users\lukas.godayol-bonay\Desktop\Semestre2\M.Gil\MonPortFolioSIO\Collab\update\download\org-netbeans-modules-junit.nbm deleted.
INFO [org.netbeans.updater]: Use XML Transformer: com.sun.org.apache.xalan.internal.xsltc.trax.TransformerImpl@2bad1d0a
INFO [org.netbeans.updater]: File C:\Users\lukas.godayol-bonay\Desktop\Semestre2\M.Gil\MonPortFolioSIO\Collab\update_tracking\org-netbeans-modules-junit.xml modified.
INFO [org.netbeans.updater]: File installed C:\Users\lukas.godayol-bonay\Desktop\Semestre2\M.Gil\MonPortFolioSIO\Collab\update_tracking\org-netbeans-modules-junit.xml@0
INFO [org.netbeans.updater]: 780: Unpacking org-netbeans-modules-maven-junit.nbm
INFO [org.netbeans.modules.progress.spi.InternalHandle]: Cannot process more work than scheduled. Progress handle with name "Installing plugins..." has requested progress to workunit no.54 but the total number of workunits is 1. That means the progress bar UI will not display real progress and will stay at 100%.
java.lang.IllegalArgumentException
[catch] at org.netbeans.modules.progress.spi.InternalHandle.progress(InternalHandle.java:329)
	at org.netbeans.api.progress.ProgressHandle.progress(ProgressHandle.java:264)
	at org.netbeans.modules.autoupdate.services.InstallSupportImpl$RefreshModulesListener.propertyChange(InstallSupportImpl.java:1261)
	at org.netbeans.updater.UpdaterInternal$1Context.firePropertyChange(UpdaterInternal.java:97)
	at org.netbeans.updater.UpdaterInternal$1Context.unpackingIsRunning(UpdaterInternal.java:64)
	at org.netbeans.updater.ModuleUpdater.unpack(ModuleUpdater.java:311)
	at org.netbeans.updater.ModuleUpdater.run(ModuleUpdater.java:118)
INFO [org.netbeans.updater]: File installed C:\Users\lukas.godayol-bonay\Desktop\Semestre2\M.Gil\MonPortFolioSIO\Collab\config\Modules\org-netbeans-modules-maven-junit.xml@0
INFO [org.netbeans.updater]: Copied file C:\Users\lukas.godayol-bonay\Desktop\Semestre2\M.Gil\MonPortFolioSIO\Collab\update\download\org-netbeans-modules-maven-junit.nbm:netbeans/config/Modules/org-netbeans-modules-maven-junit.xml to C:\Users\lukas.godayol-bonay\Desktop\Semestre2\M.Gil\MonPortFolioSIO\Collab\config\Modules\org-netbeans-modules-maven-junit.xml
INFO [org.netbeans.updater]: File installed C:\Users\lukas.godayol-bonay\Desktop\Semestre2\M.Gil\MonPortFolioSIO\Collab\modules\org-netbeans-modules-maven-junit.jar@0
INFO [org.netbeans.updater]: Copied file C:\Users\lukas.godayol-bonay\Desktop\Semestre2\M.Gil\MonPortFolioSIO\Collab\update\download\org-netbeans-modules-maven-junit.nbm:netbeans/modules/org-netbeans-modules-maven-junit.jar to C:\Users\lukas.godayol-bonay\Desktop\Semestre2\M.Gil\MonPortFolioSIO\Collab\modules\org-netbeans-modules-maven-junit.jar
INFO [org.netbeans.updater]: File C:\Users\lukas.godayol-bonay\Desktop\Semestre2\M.Gil\MonPortFolioSIO\Collab\update\download\org-netbeans-modules-maven-junit.nbm deleted.
INFO [org.netbeans.updater]: Use XML Transformer: com.sun.org.apache.xalan.internal.xsltc.trax.TransformerImpl@76c477ef
INFO [org.netbeans.updater]: File C:\Users\lukas.godayol-bonay\Desktop\Semestre2\M.Gil\MonPortFolioSIO\Collab\update_tracking\org-netbeans-modules-maven-junit.xml modified.
INFO [org.netbeans.updater]: File installed C:\Users\lukas.godayol-bonay\Desktop\Semestre2\M.Gil\MonPortFolioSIO\Collab\update_tracking\org-netbeans-modules-maven-junit.xml@0
INFO [org.netbeans.updater]: 780: Unpacking org-netbeans-modules-javaee-project.nbm
INFO [org.netbeans.modules.progress.spi.InternalHandle]: Cannot process more work than scheduled. Progress handle with name "Installing plugins..." has requested progress to workunit no.55 but the total number of workunits is 1. That means the progress bar UI will not display real progress and will stay at 100%.
java.lang.IllegalArgumentException
[catch] at org.netbeans.modules.progress.spi.InternalHandle.progress(InternalHandle.java:329)
	at org.netbeans.api.progress.ProgressHandle.progress(ProgressHandle.java:264)
	at org.netbeans.modules.autoupdate.services.InstallSupportImpl$RefreshModulesListener.propertyChange(InstallSupportImpl.java:1261)
	at org.netbeans.updater.UpdaterInternal$1Context.firePropertyChange(UpdaterInternal.java:97)
	at org.netbeans.updater.UpdaterInternal$1Context.unpackingIsRunning(UpdaterInternal.java:64)
	at org.netbeans.updater.ModuleUpdater.unpack(ModuleUpdater.java:311)
	at org.netbeans.updater.ModuleUpdater.run(ModuleUpdater.java:118)
INFO [org.netbeans.updater]: File installed C:\Users\lukas.godayol-bonay\Desktop\Semestre2\M.Gil\MonPortFolioSIO\Collab\config\Modules\org-netbeans-modules-javaee-project.xml@0
INFO [org.netbeans.updater]: Copied file C:\Users\lukas.godayol-bonay\Desktop\Semestre2\M.Gil\MonPortFolioSIO\Collab\update\download\org-netbeans-modules-javaee-project.nbm:netbeans/config/Modules/org-netbeans-modules-javaee-project.xml to C:\Users\lukas.godayol-bonay\Desktop\Semestre2\M.Gil\MonPortFolioSIO\Collab\config\Modules\org-netbeans-modules-javaee-project.xml
INFO [org.netbeans.updater]: File installed C:\Users\lukas.godayol-bonay\Desktop\Semestre2\M.Gil\MonPortFolioSIO\Collab\modules\org-netbeans-modules-javaee-project.jar@0
INFO [org.netbeans.updater]: Copied file C:\Users\lukas.godayol-bonay\Desktop\Semestre2\M.Gil\MonPortFolioSIO\Collab\update\download\org-netbeans-modules-javaee-project.nbm:netbeans/modules/org-netbeans-modules-javaee-project.jar to C:\Users\lukas.godayol-bonay\Desktop\Semestre2\M.Gil\MonPortFolioSIO\Collab\modules\org-netbeans-modules-javaee-project.jar
INFO [org.netbeans.updater]: File C:\Users\lukas.godayol-bonay\Desktop\Semestre2\M.Gil\MonPortFolioSIO\Collab\update\download\org-netbeans-modules-javaee-project.nbm deleted.
INFO [org.netbeans.updater]: Use XML Transformer: com.sun.org.apache.xalan.internal.xsltc.trax.TransformerImpl@7361368b
INFO [org.netbeans.updater]: File C:\Users\lukas.godayol-bonay\Desktop\Semestre2\M.Gil\MonPortFolioSIO\Collab\update_tracking\org-netbeans-modules-javaee-project.xml modified.
INFO [org.netbeans.updater]: File installed C:\Users\lukas.godayol-bonay\Desktop\Semestre2\M.Gil\MonPortFolioSIO\Collab\update_tracking\org-netbeans-modules-javaee-project.xml@0
INFO [org.netbeans.updater]: 780: Unpacking org-netbeans-modules-java-source-ant.nbm
INFO [org.netbeans.modules.progress.spi.InternalHandle]: Cannot process more work than scheduled. Progress handle with name "Installing plugins..." has requested progress to workunit no.56 but the total number of workunits is 1. That means the progress bar UI will not display real progress and will stay at 100%.
java.lang.IllegalArgumentException
[catch] at org.netbeans.modules.progress.spi.InternalHandle.progress(InternalHandle.java:329)
	at org.netbeans.api.progress.ProgressHandle.progress(ProgressHandle.java:264)
	at org.netbeans.modules.autoupdate.services.InstallSupportImpl$RefreshModulesListener.propertyChange(InstallSupportImpl.java:1261)
	at org.netbeans.updater.UpdaterInternal$1Context.firePropertyChange(UpdaterInternal.java:97)
	at org.netbeans.updater.UpdaterInternal$1Context.unpackingIsRunning(UpdaterInternal.java:64)
	at org.netbeans.updater.ModuleUpdater.unpack(ModuleUpdater.java:311)
	at org.netbeans.updater.ModuleUpdater.run(ModuleUpdater.java:118)
INFO [org.netbeans.updater]: File installed C:\Users\lukas.godayol-bonay\Desktop\Semestre2\M.Gil\MonPortFolioSIO\Collab\ant\nblib\org-netbeans-modules-java-source-ant.jar@0
INFO [org.netbeans.updater]: Copied file C:\Users\lukas.godayol-bonay\Desktop\Semestre2\M.Gil\MonPortFolioSIO\Collab\update\download\org-netbeans-modules-java-source-ant.nbm:netbeans/ant/nblib/org-netbeans-modules-java-source-ant.jar to C:\Users\lukas.godayol-bonay\Desktop\Semestre2\M.Gil\MonPortFolioSIO\Collab\ant\nblib\org-netbeans-modules-java-source-ant.jar
INFO [org.netbeans.updater]: File installed C:\Users\lukas.godayol-bonay\Desktop\Semestre2\M.Gil\MonPortFolioSIO\Collab\config\Modules\org-netbeans-modules-java-source-ant.xml@0
INFO [org.netbeans.updater]: Copied file C:\Users\lukas.godayol-bonay\Desktop\Semestre2\M.Gil\MonPortFolioSIO\Collab\update\download\org-netbeans-modules-java-source-ant.nbm:netbeans/config/Modules/org-netbeans-modules-java-source-ant.xml to C:\Users\lukas.godayol-bonay\Desktop\Semestre2\M.Gil\MonPortFolioSIO\Collab\config\Modules\org-netbeans-modules-java-source-ant.xml
INFO [org.netbeans.updater]: File installed C:\Users\lukas.godayol-bonay\Desktop\Semestre2\M.Gil\MonPortFolioSIO\Collab\modules\org-netbeans-modules-java-source-ant.jar@0
INFO [org.netbeans.updater]: Copied file C:\Users\lukas.godayol-bonay\Desktop\Semestre2\M.Gil\MonPortFolioSIO\Collab\update\download\org-netbeans-modules-java-source-ant.nbm:netbeans/modules/org-netbeans-modules-java-source-ant.jar to C:\Users\lukas.godayol-bonay\Desktop\Semestre2\M.Gil\MonPortFolioSIO\Collab\modules\org-netbeans-modules-java-source-ant.jar
INFO [org.netbeans.updater]: File C:\Users\lukas.godayol-bonay\Desktop\Semestre2\M.Gil\MonPortFolioSIO\Collab\update\download\org-netbeans-modules-java-source-ant.nbm deleted.
INFO [org.netbeans.updater]: Use XML Transformer: com.sun.org.apache.xalan.internal.xsltc.trax.TransformerImpl@78bddbc3
INFO [org.netbeans.updater]: File C:\Users\lukas.godayol-bonay\Desktop\Semestre2\M.Gil\MonPortFolioSIO\Collab\update_tracking\org-netbeans-modules-java-source-ant.xml modified.
INFO [org.netbeans.updater]: File installed C:\Users\lukas.godayol-bonay\Desktop\Semestre2\M.Gil\MonPortFolioSIO\Collab\update_tracking\org-netbeans-modules-java-source-ant.xml@0
INFO [org.netbeans.updater]: 780: Unpacking com-junichi11-netbeans-github-issues.nbm
INFO [org.netbeans.modules.progress.spi.InternalHandle]: Cannot process more work than scheduled. Progress handle with name "Installing plugins..." has requested progress to workunit no.57 but the total number of workunits is 1. That means the progress bar UI will not display real progress and will stay at 100%.
java.lang.IllegalArgumentException
[catch] at org.netbeans.modules.progress.spi.InternalHandle.progress(InternalHandle.java:329)
	at org.netbeans.api.progress.ProgressHandle.progress(ProgressHandle.java:264)
	at org.netbeans.modules.autoupdate.services.InstallSupportImpl$RefreshModulesListener.propertyChange(InstallSupportImpl.java:1261)
	at org.netbeans.updater.UpdaterInternal$1Context.firePropertyChange(UpdaterInternal.java:97)
	at org.netbeans.updater.UpdaterInternal$1Context.unpackingIsRunning(UpdaterInternal.java:64)
	at org.netbeans.updater.ModuleUpdater.unpack(ModuleUpdater.java:311)
	at org.netbeans.updater.ModuleUpdater.run(ModuleUpdater.java:118)
INFO [org.netbeans.updater]: File installed C:\Users\lukas.godayol-bonay\Desktop\Semestre2\M.Gil\MonPortFolioSIO\Collab\config\Modules\com-junichi11-netbeans-github-issues.xml@0
INFO [org.netbeans.updater]: Copied file C:\Users\lukas.godayol-bonay\Desktop\Semestre2\M.Gil\MonPortFolioSIO\Collab\update\download\com-junichi11-netbeans-github-issues.nbm:netbeans/config/Modules/com-junichi11-netbeans-github-issues.xml to C:\Users\lukas.godayol-bonay\Desktop\Semestre2\M.Gil\MonPortFolioSIO\Collab\config\Modules\com-junichi11-netbeans-github-issues.xml
INFO [org.netbeans.updater]: File installed C:\Users\lukas.godayol-bonay\Desktop\Semestre2\M.Gil\MonPortFolioSIO\Collab\modules\com-junichi11-netbeans-github-issues.jar@0
INFO [org.netbeans.updater]: Copied file C:\Users\lukas.godayol-bonay\Desktop\Semestre2\M.Gil\MonPortFolioSIO\Collab\update\download\com-junichi11-netbeans-github-issues.nbm:netbeans/modules/com-junichi11-netbeans-github-issues.jar to C:\Users\lukas.godayol-bonay\Desktop\Semestre2\M.Gil\MonPortFolioSIO\Collab\modules\com-junichi11-netbeans-github-issues.jar
INFO [org.netbeans.updater]: File installed C:\Users\lukas.godayol-bonay\Desktop\Semestre2\M.Gil\MonPortFolioSIO\Collab\modules\ext\com.junichi11.netbeans.github.issues\com-google-code-gson\gson.jar@0
INFO [org.netbeans.updater]: Copied file C:\Users\lukas.godayol-bonay\Desktop\Semestre2\M.Gil\MonPortFolioSIO\Collab\update\download\com-junichi11-netbeans-github-issues.nbm:netbeans/modules/ext/com.junichi11.netbeans.github.issues/com-google-code-gson/gson.jar to C:\Users\lukas.godayol-bonay\Desktop\Semestre2\M.Gil\MonPortFolioSIO\Collab\modules\ext\com.junichi11.netbeans.github.issues\com-google-code-gson\gson.jar
INFO [org.netbeans.updater]: File installed C:\Users\lukas.godayol-bonay\Desktop\Semestre2\M.Gil\MonPortFolioSIO\Collab\modules\ext\com.junichi11.netbeans.github.issues\com-vladsch-flexmark\flexmark-ext-gfm-strikethrough.jar@0
INFO [org.netbeans.updater]: Copied file C:\Users\lukas.godayol-bonay\Desktop\Semestre2\M.Gil\MonPortFolioSIO\Collab\update\download\com-junichi11-netbeans-github-issues.nbm:netbeans/modules/ext/com.junichi11.netbeans.github.issues/com-vladsch-flexmark/flexmark-ext-gfm-strikethrough.jar to C:\Users\lukas.godayol-bonay\Desktop\Semestre2\M.Gil\MonPortFolioSIO\Collab\modules\ext\com.junichi11.netbeans.github.issues\com-vladsch-flexmark\flexmark-ext-gfm-strikethrough.jar
INFO [org.netbeans.updater]: File installed C:\Users\lukas.godayol-bonay\Desktop\Semestre2\M.Gil\MonPortFolioSIO\Collab\modules\ext\com.junichi11.netbeans.github.issues\com-vladsch-flexmark\flexmark-ext-tables.jar@0
INFO [org.netbeans.updater]: Copied file C:\Users\lukas.godayol-bonay\Desktop\Semestre2\M.Gil\MonPortFolioSIO\Collab\update\download\com-junichi11-netbeans-github-issues.nbm:netbeans/modules/ext/com.junichi11.netbeans.github.issues/com-vladsch-flexmark/flexmark-ext-tables.jar to C:\Users\lukas.godayol-bonay\Desktop\Semestre2\M.Gil\MonPortFolioSIO\Collab\modules\ext\com.junichi11.netbeans.github.issues\com-vladsch-flexmark\flexmark-ext-tables.jar
INFO [org.netbeans.updater]: File installed C:\Users\lukas.godayol-bonay\Desktop\Semestre2\M.Gil\MonPortFolioSIO\Collab\modules\ext\com.junichi11.netbeans.github.issues\com-vladsch-flexmark\flexmark-formatter.jar@0
INFO [org.netbeans.updater]: Copied file C:\Users\lukas.godayol-bonay\Desktop\Semestre2\M.Gil\MonPortFolioSIO\Collab\update\download\com-junichi11-netbeans-github-issues.nbm:netbeans/modules/ext/com.junichi11.netbeans.github.issues/com-vladsch-flexmark/flexmark-formatter.jar to C:\Users\lukas.godayol-bonay\Desktop\Semestre2\M.Gil\MonPortFolioSIO\Collab\modules\ext\com.junichi11.netbeans.github.issues\com-vladsch-flexmark\flexmark-formatter.jar
INFO [org.netbeans.updater]: File installed C:\Users\lukas.godayol-bonay\Desktop\Semestre2\M.Gil\MonPortFolioSIO\Collab\modules\ext\com.junichi11.netbeans.github.issues\com-vladsch-flexmark\flexmark-util.jar@0
INFO [org.netbeans.updater]: Copied file C:\Users\lukas.godayol-bonay\Desktop\Semestre2\M.Gil\MonPortFolioSIO\Collab\update\download\com-junichi11-netbeans-github-issues.nbm:netbeans/modules/ext/com.junichi11.netbeans.github.issues/com-vladsch-flexmark/flexmark-util.jar to C:\Users\lukas.godayol-bonay\Desktop\Semestre2\M.Gil\MonPortFolioSIO\Collab\modules\ext\com.junichi11.netbeans.github.issues\com-vladsch-flexmark\flexmark-util.jar
INFO [org.netbeans.updater]: File installed C:\Users\lukas.godayol-bonay\Desktop\Semestre2\M.Gil\MonPortFolioSIO\Collab\modules\ext\com.junichi11.netbeans.github.issues\com-vladsch-flexmark\flexmark.jar@0
INFO [org.netbeans.updater]: Copied file C:\Users\lukas.godayol-bonay\Desktop\Semestre2\M.Gil\MonPortFolioSIO\Collab\update\download\com-junichi11-netbeans-github-issues.nbm:netbeans/modules/ext/com.junichi11.netbeans.github.issues/com-vladsch-flexmark/flexmark.jar to C:\Users\lukas.godayol-bonay\Desktop\Semestre2\M.Gil\MonPortFolioSIO\Collab\modules\ext\com.junichi11.netbeans.github.issues\com-vladsch-flexmark\flexmark.jar
INFO [org.netbeans.updater]: File installed C:\Users\lukas.godayol-bonay\Desktop\Semestre2\M.Gil\MonPortFolioSIO\Collab\modules\ext\com.junichi11.netbeans.github.issues\org-eclipse-mylyn-github\org.eclipse.egit.github.core.jar@0
INFO [org.netbeans.updater]: Copied file C:\Users\lukas.godayol-bonay\Desktop\Semestre2\M.Gil\MonPortFolioSIO\Collab\update\download\com-junichi11-netbeans-github-issues.nbm:netbeans/modules/ext/com.junichi11.netbeans.github.issues/org-eclipse-mylyn-github/org.eclipse.egit.github.core.jar to C:\Users\lukas.godayol-bonay\Desktop\Semestre2\M.Gil\MonPortFolioSIO\Collab\modules\ext\com.junichi11.netbeans.github.issues\org-eclipse-mylyn-github\org.eclipse.egit.github.core.jar
INFO [org.netbeans.updater]: File installed C:\Users\lukas.godayol-bonay\Desktop\Semestre2\M.Gil\MonPortFolioSIO\Collab\modules\ext\com.junichi11.netbeans.github.issues\org-netbeans-external\swingx-0.9.5.jar@0
INFO [org.netbeans.updater]: Copied file C:\Users\lukas.godayol-bonay\Desktop\Semestre2\M.Gil\MonPortFolioSIO\Collab\update\download\com-junichi11-netbeans-github-issues.nbm:netbeans/modules/ext/com.junichi11.netbeans.github.issues/org-netbeans-external/swingx-0.9.5.jar to C:\Users\lukas.godayol-bonay\Desktop\Semestre2\M.Gil\MonPortFolioSIO\Collab\modules\ext\com.junichi11.netbeans.github.issues\org-netbeans-external\swingx-0.9.5.jar
INFO [org.netbeans.updater]: File installed C:\Users\lukas.godayol-bonay\Desktop\Semestre2\M.Gil\MonPortFolioSIO\Collab\update_tracking\com-junichi11-netbeans-github-issues.xml@0
INFO [org.netbeans.updater]: Copied file C:\Users\lukas.godayol-bonay\Desktop\Semestre2\M.Gil\MonPortFolioSIO\Collab\update\download\com-junichi11-netbeans-github-issues.nbm:netbeans/update_tracking/com-junichi11-netbeans-github-issues.xml to C:\Users\lukas.godayol-bonay\Desktop\Semestre2\M.Gil\MonPortFolioSIO\Collab\update_tracking\com-junichi11-netbeans-github-issues.xml
WARNING [org.netbeans.updater]: Error: Cannot delete C:\Users\lukas.godayol-bonay\Desktop\Semestre2\M.Gil\MonPortFolioSIO\Collab\update\download\com-junichi11-netbeans-github-issues.nbm
INFO [org.netbeans.updater]: Use XML Transformer: com.sun.org.apache.xalan.internal.xsltc.trax.TransformerImpl@5e2d0d04
INFO [org.netbeans.updater]: File C:\Users\lukas.godayol-bonay\Desktop\Semestre2\M.Gil\MonPortFolioSIO\Collab\update_tracking\com-junichi11-netbeans-github-issues.xml modified.
INFO [org.netbeans.updater]: File installed C:\Users\lukas.godayol-bonay\Desktop\Semestre2\M.Gil\MonPortFolioSIO\Collab\update_tracking\com-junichi11-netbeans-github-issues.xml@0
INFO [org.netbeans.updater]: 780: Unpacking org-netbeans-modules-testng.nbm
INFO [org.netbeans.modules.progress.spi.InternalHandle]: Cannot process more work than scheduled. Progress handle with name "Installing plugins..." has requested progress to workunit no.58 but the total number of workunits is 1. That means the progress bar UI will not display real progress and will stay at 100%.
java.lang.IllegalArgumentException
[catch] at org.netbeans.modules.progress.spi.InternalHandle.progress(InternalHandle.java:329)
	at org.netbeans.api.progress.ProgressHandle.progress(ProgressHandle.java:264)
	at org.netbeans.modules.autoupdate.services.InstallSupportImpl$RefreshModulesListener.propertyChange(InstallSupportImpl.java:1261)
	at org.netbeans.updater.UpdaterInternal$1Context.firePropertyChange(UpdaterInternal.java:97)
	at org.netbeans.updater.UpdaterInternal$1Context.unpackingIsRunning(UpdaterInternal.java:64)
	at org.netbeans.updater.ModuleUpdater.unpack(ModuleUpdater.java:311)
	at org.netbeans.updater.ModuleUpdater.run(ModuleUpdater.java:118)
INFO [org.netbeans.updater]: File installed C:\Users\lukas.godayol-bonay\Desktop\Semestre2\M.Gil\MonPortFolioSIO\Collab\config\Modules\org-netbeans-modules-testng.xml@0
INFO [org.netbeans.updater]: Copied file C:\Users\lukas.godayol-bonay\Desktop\Semestre2\M.Gil\MonPortFolioSIO\Collab\update\download\org-netbeans-modules-testng.nbm:netbeans/config/Modules/org-netbeans-modules-testng.xml to C:\Users\lukas.godayol-bonay\Desktop\Semestre2\M.Gil\MonPortFolioSIO\Collab\config\Modules\org-netbeans-modules-testng.xml
INFO [org.netbeans.updater]: File installed C:\Users\lukas.godayol-bonay\Desktop\Semestre2\M.Gil\MonPortFolioSIO\Collab\modules\org-netbeans-modules-testng.jar@0
INFO [org.netbeans.updater]: Copied file C:\Users\lukas.godayol-bonay\Desktop\Semestre2\M.Gil\MonPortFolioSIO\Collab\update\download\org-netbeans-modules-testng.nbm:netbeans/modules/org-netbeans-modules-testng.jar to C:\Users\lukas.godayol-bonay\Desktop\Semestre2\M.Gil\MonPortFolioSIO\Collab\modules\org-netbeans-modules-testng.jar
INFO [org.netbeans.updater]: File C:\Users\lukas.godayol-bonay\Desktop\Semestre2\M.Gil\MonPortFolioSIO\Collab\update\download\org-netbeans-modules-testng.nbm deleted.
INFO [org.netbeans.updater]: Use XML Transformer: com.sun.org.apache.xalan.internal.xsltc.trax.TransformerImpl@14f5b2cc
INFO [org.netbeans.updater]: File C:\Users\lukas.godayol-bonay\Desktop\Semestre2\M.Gil\MonPortFolioSIO\Collab\update_tracking\org-netbeans-modules-testng.xml modified.
INFO [org.netbeans.updater]: File installed C:\Users\lukas.godayol-bonay\Desktop\Semestre2\M.Gil\MonPortFolioSIO\Collab\update_tracking\org-netbeans-modules-testng.xml@0
INFO [org.netbeans.updater]: 780: Unpacking org-netbeans-modules-ko4j-debugging.nbm
INFO [org.netbeans.modules.progress.spi.InternalHandle]: Cannot process more work than scheduled. Progress handle with name "Installing plugins..." has requested progress to workunit no.59 but the total number of workunits is 1. That means the progress bar UI will not display real progress and will stay at 100%.
java.lang.IllegalArgumentException
[catch] at org.netbeans.modules.progress.spi.InternalHandle.progress(InternalHandle.java:329)
	at org.netbeans.api.progress.ProgressHandle.progress(ProgressHandle.java:264)
	at org.netbeans.modules.autoupdate.services.InstallSupportImpl$RefreshModulesListener.propertyChange(InstallSupportImpl.java:1261)
	at org.netbeans.updater.UpdaterInternal$1Context.firePropertyChange(UpdaterInternal.java:97)
	at org.netbeans.updater.UpdaterInternal$1Context.unpackingIsRunning(UpdaterInternal.java:64)
	at org.netbeans.updater.ModuleUpdater.unpack(ModuleUpdater.java:311)
	at org.netbeans.updater.ModuleUpdater.run(ModuleUpdater.java:118)
INFO [org.netbeans.updater]: File installed C:\Users\lukas.godayol-bonay\Desktop\Semestre2\M.Gil\MonPortFolioSIO\Collab\config\Modules\org-netbeans-modules-ko4j-debugging.xml@0
INFO [org.netbeans.updater]: Copied file C:\Users\lukas.godayol-bonay\Desktop\Semestre2\M.Gil\MonPortFolioSIO\Collab\update\download\org-netbeans-modules-ko4j-debugging.nbm:netbeans/config/Modules/org-netbeans-modules-ko4j-debugging.xml to C:\Users\lukas.godayol-bonay\Desktop\Semestre2\M.Gil\MonPortFolioSIO\Collab\config\Modules\org-netbeans-modules-ko4j-debugging.xml
INFO [org.netbeans.updater]: File installed C:\Users\lukas.godayol-bonay\Desktop\Semestre2\M.Gil\MonPortFolioSIO\Collab\modules\org-netbeans-modules-ko4j-debugging.jar@0
INFO [org.netbeans.updater]: Copied file C:\Users\lukas.godayol-bonay\Desktop\Semestre2\M.Gil\MonPortFolioSIO\Collab\update\download\org-netbeans-modules-ko4j-debugging.nbm:netbeans/modules/org-netbeans-modules-ko4j-debugging.jar to C:\Users\lukas.godayol-bonay\Desktop\Semestre2\M.Gil\MonPortFolioSIO\Collab\modules\org-netbeans-modules-ko4j-debugging.jar
INFO [org.netbeans.updater]: File C:\Users\lukas.godayol-bonay\Desktop\Semestre2\M.Gil\MonPortFolioSIO\Collab\update\download\org-netbeans-modules-ko4j-debugging.nbm deleted.
INFO [org.netbeans.updater]: Use XML Transformer: com.sun.org.apache.xalan.internal.xsltc.trax.TransformerImpl@68b7b4c8
INFO [org.netbeans.updater]: File C:\Users\lukas.godayol-bonay\Desktop\Semestre2\M.Gil\MonPortFolioSIO\Collab\update_tracking\org-netbeans-modules-ko4j-debugging.xml modified.
INFO [org.netbeans.updater]: File installed C:\Users\lukas.godayol-bonay\Desktop\Semestre2\M.Gil\MonPortFolioSIO\Collab\update_tracking\org-netbeans-modules-ko4j-debugging.xml@0
INFO [org.netbeans.updater]: 780: Unpacking org-netbeans-modules-java-metrics.nbm
INFO [org.netbeans.modules.progress.spi.InternalHandle]: Cannot process more work than scheduled. Progress handle with name "Installing plugins..." has requested progress to workunit no.60 but the total number of workunits is 1. That means the progress bar UI will not display real progress and will stay at 100%.
java.lang.IllegalArgumentException
[catch] at org.netbeans.modules.progress.spi.InternalHandle.progress(InternalHandle.java:329)
	at org.netbeans.api.progress.ProgressHandle.progress(ProgressHandle.java:264)
	at org.netbeans.modules.autoupdate.services.InstallSupportImpl$RefreshModulesListener.propertyChange(InstallSupportImpl.java:1261)
	at org.netbeans.updater.UpdaterInternal$1Context.firePropertyChange(UpdaterInternal.java:97)
	at org.netbeans.updater.UpdaterInternal$1Context.unpackingIsRunning(UpdaterInternal.java:64)
	at org.netbeans.updater.ModuleUpdater.unpack(ModuleUpdater.java:311)
	at org.netbeans.updater.ModuleUpdater.run(ModuleUpdater.java:118)
INFO [org.netbeans.updater]: File installed C:\Users\lukas.godayol-bonay\Desktop\Semestre2\M.Gil\MonPortFolioSIO\Collab\config\Modules\org-netbeans-modules-java-metrics.xml@0
INFO [org.netbeans.updater]: Copied file C:\Users\lukas.godayol-bonay\Desktop\Semestre2\M.Gil\MonPortFolioSIO\Collab\update\download\org-netbeans-modules-java-metrics.nbm:netbeans/config/Modules/org-netbeans-modules-java-metrics.xml to C:\Users\lukas.godayol-bonay\Desktop\Semestre2\M.Gil\MonPortFolioSIO\Collab\config\Modules\org-netbeans-modules-java-metrics.xml
INFO [org.netbeans.updater]: File installed C:\Users\lukas.godayol-bonay\Desktop\Semestre2\M.Gil\MonPortFolioSIO\Collab\modules\org-netbeans-modules-java-metrics.jar@0
INFO [org.netbeans.updater]: Copied file C:\Users\lukas.godayol-bonay\Desktop\Semestre2\M.Gil\MonPortFolioSIO\Collab\update\download\org-netbeans-modules-java-metrics.nbm:netbeans/modules/org-netbeans-modules-java-metrics.jar to C:\Users\lukas.godayol-bonay\Desktop\Semestre2\M.Gil\MonPortFolioSIO\Collab\modules\org-netbeans-modules-java-metrics.jar
INFO [org.netbeans.updater]: File C:\Users\lukas.godayol-bonay\Desktop\Semestre2\M.Gil\MonPortFolioSIO\Collab\update\download\org-netbeans-modules-java-metrics.nbm deleted.
INFO [org.netbeans.updater]: Use XML Transformer: com.sun.org.apache.xalan.internal.xsltc.trax.TransformerImpl@bb5732c
INFO [org.netbeans.updater]: File C:\Users\lukas.godayol-bonay\Desktop\Semestre2\M.Gil\MonPortFolioSIO\Collab\update_tracking\org-netbeans-modules-java-metrics.xml modified.
INFO [org.netbeans.updater]: File installed C:\Users\lukas.godayol-bonay\Desktop\Semestre2\M.Gil\MonPortFolioSIO\Collab\update_tracking\org-netbeans-modules-java-metrics.xml@0
INFO [org.netbeans.updater]: 780: Unpacking org-netbeans-modules-payara-common.nbm
INFO [org.netbeans.modules.progress.spi.InternalHandle]: Cannot process more work than scheduled. Progress handle with name "Installing plugins..." has requested progress to workunit no.61 but the total number of workunits is 1. That means the progress bar UI will not display real progress and will stay at 100%.
java.lang.IllegalArgumentException
[catch] at org.netbeans.modules.progress.spi.InternalHandle.progress(InternalHandle.java:329)
	at org.netbeans.api.progress.ProgressHandle.progress(ProgressHandle.java:264)
	at org.netbeans.modules.autoupdate.services.InstallSupportImpl$RefreshModulesListener.propertyChange(InstallSupportImpl.java:1261)
	at org.netbeans.updater.UpdaterInternal$1Context.firePropertyChange(UpdaterInternal.java:97)
	at org.netbeans.updater.UpdaterInternal$1Context.unpackingIsRunning(UpdaterInternal.java:64)
	at org.netbeans.updater.ModuleUpdater.unpack(ModuleUpdater.java:311)
	at org.netbeans.updater.ModuleUpdater.run(ModuleUpdater.java:118)
INFO [org.netbeans.updater]: File installed C:\Users\lukas.godayol-bonay\Desktop\Semestre2\M.Gil\MonPortFolioSIO\Collab\config\Modules\org-netbeans-modules-payara-common.xml@0
INFO [org.netbeans.updater]: Copied file C:\Users\lukas.godayol-bonay\Desktop\Semestre2\M.Gil\MonPortFolioSIO\Collab\update\download\org-netbeans-modules-payara-common.nbm:netbeans/config/Modules/org-netbeans-modules-payara-common.xml to C:\Users\lukas.godayol-bonay\Desktop\Semestre2\M.Gil\MonPortFolioSIO\Collab\config\Modules\org-netbeans-modules-payara-common.xml
INFO [org.netbeans.updater]: File installed C:\Users\lukas.godayol-bonay\Desktop\Semestre2\M.Gil\MonPortFolioSIO\Collab\modules\org-netbeans-modules-payara-common.jar@0
INFO [org.netbeans.updater]: Copied file C:\Users\lukas.godayol-bonay\Desktop\Semestre2\M.Gil\MonPortFolioSIO\Collab\update\download\org-netbeans-modules-payara-common.nbm:netbeans/modules/org-netbeans-modules-payara-common.jar to C:\Users\lukas.godayol-bonay\Desktop\Semestre2\M.Gil\MonPortFolioSIO\Collab\modules\org-netbeans-modules-payara-common.jar
INFO [org.netbeans.updater]: File C:\Users\lukas.godayol-bonay\Desktop\Semestre2\M.Gil\MonPortFolioSIO\Collab\update\download\org-netbeans-modules-payara-common.nbm deleted.
INFO [org.netbeans.updater]: Use XML Transformer: com.sun.org.apache.xalan.internal.xsltc.trax.TransformerImpl@69aaad67
INFO [org.netbeans.updater]: File C:\Users\lukas.godayol-bonay\Desktop\Semestre2\M.Gil\MonPortFolioSIO\Collab\update_tracking\org-netbeans-modules-payara-common.xml modified.
INFO [org.netbeans.updater]: File installed C:\Users\lukas.godayol-bonay\Desktop\Semestre2\M.Gil\MonPortFolioSIO\Collab\update_tracking\org-netbeans-modules-payara-common.xml@0
INFO [org.netbeans.updater]: 780: Unpacking org-netbeans-modules-payara-eecommon.nbm
INFO [org.netbeans.modules.progress.spi.InternalHandle]: Cannot process more work than scheduled. Progress handle with name "Installing plugins..." has requested progress to workunit no.62 but the total number of workunits is 1. That means the progress bar UI will not display real progress and will stay at 100%.
java.lang.IllegalArgumentException
[catch] at org.netbeans.modules.progress.spi.InternalHandle.progress(InternalHandle.java:329)
	at org.netbeans.api.progress.ProgressHandle.progress(ProgressHandle.java:264)
	at org.netbeans.modules.autoupdate.services.InstallSupportImpl$RefreshModulesListener.propertyChange(InstallSupportImpl.java:1261)
	at org.netbeans.updater.UpdaterInternal$1Context.firePropertyChange(UpdaterInternal.java:97)
	at org.netbeans.updater.UpdaterInternal$1Context.unpackingIsRunning(UpdaterInternal.java:64)
	at org.netbeans.updater.ModuleUpdater.unpack(ModuleUpdater.java:311)
	at org.netbeans.updater.ModuleUpdater.run(ModuleUpdater.java:118)
INFO [org.netbeans.updater]: File installed C:\Users\lukas.godayol-bonay\Desktop\Semestre2\M.Gil\MonPortFolioSIO\Collab\config\Modules\org-netbeans-modules-payara-eecommon.xml@0
INFO [org.netbeans.updater]: Copied file C:\Users\lukas.godayol-bonay\Desktop\Semestre2\M.Gil\MonPortFolioSIO\Collab\update\download\org-netbeans-modules-payara-eecommon.nbm:netbeans/config/Modules/org-netbeans-modules-payara-eecommon.xml to C:\Users\lukas.godayol-bonay\Desktop\Semestre2\M.Gil\MonPortFolioSIO\Collab\config\Modules\org-netbeans-modules-payara-eecommon.xml
INFO [org.netbeans.updater]: File installed C:\Users\lukas.godayol-bonay\Desktop\Semestre2\M.Gil\MonPortFolioSIO\Collab\modules\org-netbeans-modules-payara-eecommon.jar@0
INFO [org.netbeans.updater]: Copied file C:\Users\lukas.godayol-bonay\Desktop\Semestre2\M.Gil\MonPortFolioSIO\Collab\update\download\org-netbeans-modules-payara-eecommon.nbm:netbeans/modules/org-netbeans-modules-payara-eecommon.jar to C:\Users\lukas.godayol-bonay\Desktop\Semestre2\M.Gil\MonPortFolioSIO\Collab\modules\org-netbeans-modules-payara-eecommon.jar
INFO [org.netbeans.updater]: File C:\Users\lukas.godayol-bonay\Desktop\Semestre2\M.Gil\MonPortFolioSIO\Collab\update\download\org-netbeans-modules-payara-eecommon.nbm deleted.
INFO [org.netbeans.updater]: Use XML Transformer: com.sun.org.apache.xalan.internal.xsltc.trax.TransformerImpl@4099d192
INFO [org.netbeans.updater]: File C:\Users\lukas.godayol-bonay\Desktop\Semestre2\M.Gil\MonPortFolioSIO\Collab\update_tracking\org-netbeans-modules-payara-eecommon.xml modified.
INFO [org.netbeans.updater]: File installed C:\Users\lukas.godayol-bonay\Desktop\Semestre2\M.Gil\MonPortFolioSIO\Collab\update_tracking\org-netbeans-modules-payara-eecommon.xml@0
INFO [org.netbeans.updater]: 780: Unpacking org-netbeans-modules-ant-hints.nbm
INFO [org.netbeans.modules.progress.spi.InternalHandle]: Cannot process more work than scheduled. Progress handle with name "Installing plugins..." has requested progress to workunit no.63 but the total number of workunits is 1. That means the progress bar UI will not display real progress and will stay at 100%.
java.lang.IllegalArgumentException
[catch] at org.netbeans.modules.progress.spi.InternalHandle.progress(InternalHandle.java:329)
	at org.netbeans.api.progress.ProgressHandle.progress(ProgressHandle.java:264)
	at org.netbeans.modules.autoupdate.services.InstallSupportImpl$RefreshModulesListener.propertyChange(InstallSupportImpl.java:1261)
	at org.netbeans.updater.UpdaterInternal$1Context.firePropertyChange(UpdaterInternal.java:97)
	at org.netbeans.updater.UpdaterInternal$1Context.unpackingIsRunning(UpdaterInternal.java:64)
	at org.netbeans.updater.ModuleUpdater.unpack(ModuleUpdater.java:311)
	at org.netbeans.updater.ModuleUpdater.run(ModuleUpdater.java:118)
INFO [org.netbeans.updater]: File installed C:\Users\lukas.godayol-bonay\Desktop\Semestre2\M.Gil\MonPortFolioSIO\Collab\config\Modules\org-netbeans-modules-ant-hints.xml@0
INFO [org.netbeans.updater]: Copied file C:\Users\lukas.godayol-bonay\Desktop\Semestre2\M.Gil\MonPortFolioSIO\Collab\update\download\org-netbeans-modules-ant-hints.nbm:netbeans/config/Modules/org-netbeans-modules-ant-hints.xml to C:\Users\lukas.godayol-bonay\Desktop\Semestre2\M.Gil\MonPortFolioSIO\Collab\config\Modules\org-netbeans-modules-ant-hints.xml
INFO [org.netbeans.updater]: File installed C:\Users\lukas.godayol-bonay\Desktop\Semestre2\M.Gil\MonPortFolioSIO\Collab\modules\org-netbeans-modules-ant-hints.jar@0
INFO [org.netbeans.updater]: Copied file C:\Users\lukas.godayol-bonay\Desktop\Semestre2\M.Gil\MonPortFolioSIO\Collab\update\download\org-netbeans-modules-ant-hints.nbm:netbeans/modules/org-netbeans-modules-ant-hints.jar to C:\Users\lukas.godayol-bonay\Desktop\Semestre2\M.Gil\MonPortFolioSIO\Collab\modules\org-netbeans-modules-ant-hints.jar
INFO [org.netbeans.updater]: File C:\Users\lukas.godayol-bonay\Desktop\Semestre2\M.Gil\MonPortFolioSIO\Collab\update\download\org-netbeans-modules-ant-hints.nbm deleted.
INFO [org.netbeans.updater]: Use XML Transformer: com.sun.org.apache.xalan.internal.xsltc.trax.TransformerImpl@25adbf83
INFO [org.netbeans.updater]: File C:\Users\lukas.godayol-bonay\Desktop\Semestre2\M.Gil\MonPortFolioSIO\Collab\update_tracking\org-netbeans-modules-ant-hints.xml modified.
INFO [org.netbeans.updater]: File installed C:\Users\lukas.godayol-bonay\Desktop\Semestre2\M.Gil\MonPortFolioSIO\Collab\update_tracking\org-netbeans-modules-ant-hints.xml@0
INFO [org.netbeans.updater]: 780: Unpacking org-netbeans-lib-nbjavac.nbm
INFO [org.netbeans.modules.progress.spi.InternalHandle]: Cannot process more work than scheduled. Progress handle with name "Installing plugins..." has requested progress to workunit no.64 but the total number of workunits is 1. That means the progress bar UI will not display real progress and will stay at 100%.
java.lang.IllegalArgumentException
[catch] at org.netbeans.modules.progress.spi.InternalHandle.progress(InternalHandle.java:329)
	at org.netbeans.api.progress.ProgressHandle.progress(ProgressHandle.java:264)
	at org.netbeans.modules.autoupdate.services.InstallSupportImpl$RefreshModulesListener.propertyChange(InstallSupportImpl.java:1261)
	at org.netbeans.updater.UpdaterInternal$1Context.firePropertyChange(UpdaterInternal.java:97)
	at org.netbeans.updater.UpdaterInternal$1Context.unpackingIsRunning(UpdaterInternal.java:64)
	at org.netbeans.updater.ModuleUpdater.unpack(ModuleUpdater.java:311)
	at org.netbeans.updater.ModuleUpdater.run(ModuleUpdater.java:118)
INFO [org.netbeans.updater]: File installed C:\Users\lukas.godayol-bonay\Desktop\Semestre2\M.Gil\MonPortFolioSIO\Collab\config\Modules\org-netbeans-lib-nbjavac.xml@0
INFO [org.netbeans.updater]: Copied file C:\Users\lukas.godayol-bonay\Desktop\Semestre2\M.Gil\MonPortFolioSIO\Collab\update\download\org-netbeans-lib-nbjavac.nbm:netbeans/config/Modules/org-netbeans-lib-nbjavac.xml to C:\Users\lukas.godayol-bonay\Desktop\Semestre2\M.Gil\MonPortFolioSIO\Collab\config\Modules\org-netbeans-lib-nbjavac.xml
INFO [org.netbeans.updater]: File installed C:\Users\lukas.godayol-bonay\Desktop\Semestre2\M.Gil\MonPortFolioSIO\Collab\modules\org-netbeans-lib-nbjavac.jar@0
INFO [org.netbeans.updater]: Copied file C:\Users\lukas.godayol-bonay\Desktop\Semestre2\M.Gil\MonPortFolioSIO\Collab\update\download\org-netbeans-lib-nbjavac.nbm:netbeans/modules/org-netbeans-lib-nbjavac.jar to C:\Users\lukas.godayol-bonay\Desktop\Semestre2\M.Gil\MonPortFolioSIO\Collab\modules\org-netbeans-lib-nbjavac.jar
INFO [org.netbeans.updater]: File C:\Users\lukas.godayol-bonay\Desktop\Semestre2\M.Gil\MonPortFolioSIO\Collab\update\download\org-netbeans-lib-nbjavac.nbm deleted.
INFO [org.netbeans.updater]: Use XML Transformer: com.sun.org.apache.xalan.internal.xsltc.trax.TransformerImpl@186a171c
INFO [org.netbeans.updater]: File C:\Users\lukas.godayol-bonay\Desktop\Semestre2\M.Gil\MonPortFolioSIO\Collab\update_tracking\org-netbeans-lib-nbjavac.xml modified.
INFO [org.netbeans.updater]: File installed C:\Users\lukas.godayol-bonay\Desktop\Semestre2\M.Gil\MonPortFolioSIO\Collab\update_tracking\org-netbeans-lib-nbjavac.xml@0
INFO [org.netbeans.updater]: 780: Unpacking org-netbeans-modules-java-lexer.nbm
INFO [org.netbeans.modules.progress.spi.InternalHandle]: Cannot process more work than scheduled. Progress handle with name "Installing plugins..." has requested progress to workunit no.65 but the total number of workunits is 1. That means the progress bar UI will not display real progress and will stay at 100%.
java.lang.IllegalArgumentException
[catch] at org.netbeans.modules.progress.spi.InternalHandle.progress(InternalHandle.java:329)
	at org.netbeans.api.progress.ProgressHandle.progress(ProgressHandle.java:264)
	at org.netbeans.modules.autoupdate.services.InstallSupportImpl$RefreshModulesListener.propertyChange(InstallSupportImpl.java:1261)
	at org.netbeans.updater.UpdaterInternal$1Context.firePropertyChange(UpdaterInternal.java:97)
	at org.netbeans.updater.UpdaterInternal$1Context.unpackingIsRunning(UpdaterInternal.java:64)
	at org.netbeans.updater.ModuleUpdater.unpack(ModuleUpdater.java:311)
	at org.netbeans.updater.ModuleUpdater.run(ModuleUpdater.java:118)
INFO [org.netbeans.updater]: File installed C:\Users\lukas.godayol-bonay\Desktop\Semestre2\M.Gil\MonPortFolioSIO\Collab\config\Modules\org-netbeans-modules-java-lexer.xml@0
INFO [org.netbeans.updater]: Copied file C:\Users\lukas.godayol-bonay\Desktop\Semestre2\M.Gil\MonPortFolioSIO\Collab\update\download\org-netbeans-modules-java-lexer.nbm:netbeans/config/Modules/org-netbeans-modules-java-lexer.xml to C:\Users\lukas.godayol-bonay\Desktop\Semestre2\M.Gil\MonPortFolioSIO\Collab\config\Modules\org-netbeans-modules-java-lexer.xml
INFO [org.netbeans.updater]: File installed C:\Users\lukas.godayol-bonay\Desktop\Semestre2\M.Gil\MonPortFolioSIO\Collab\modules\org-netbeans-modules-java-lexer.jar@0
INFO [org.netbeans.updater]: Copied file C:\Users\lukas.godayol-bonay\Desktop\Semestre2\M.Gil\MonPortFolioSIO\Collab\update\download\org-netbeans-modules-java-lexer.nbm:netbeans/modules/org-netbeans-modules-java-lexer.jar to C:\Users\lukas.godayol-bonay\Desktop\Semestre2\M.Gil\MonPortFolioSIO\Collab\modules\org-netbeans-modules-java-lexer.jar
INFO [org.netbeans.updater]: File C:\Users\lukas.godayol-bonay\Desktop\Semestre2\M.Gil\MonPortFolioSIO\Collab\update\download\org-netbeans-modules-java-lexer.nbm deleted.
INFO [org.netbeans.updater]: Use XML Transformer: com.sun.org.apache.xalan.internal.xsltc.trax.TransformerImpl@a8a2976
INFO [org.netbeans.updater]: File C:\Users\lukas.godayol-bonay\Desktop\Semestre2\M.Gil\MonPortFolioSIO\Collab\update_tracking\org-netbeans-modules-java-lexer.xml modified.
INFO [org.netbeans.updater]: File installed C:\Users\lukas.godayol-bonay\Desktop\Semestre2\M.Gil\MonPortFolioSIO\Collab\update_tracking\org-netbeans-modules-java-lexer.xml@0
INFO [org.netbeans.updater]: 780: Unpacking org-netbeans-modules-maven-persistence.nbm
INFO [org.netbeans.modules.progress.spi.InternalHandle]: Cannot process more work than scheduled. Progress handle with name "Installing plugins..." has requested progress to workunit no.66 but the total number of workunits is 1. That means the progress bar UI will not display real progress and will stay at 100%.
java.lang.IllegalArgumentException
[catch] at org.netbeans.modules.progress.spi.InternalHandle.progress(InternalHandle.java:329)
	at org.netbeans.api.progress.ProgressHandle.progress(ProgressHandle.java:264)
	at org.netbeans.modules.autoupdate.services.InstallSupportImpl$RefreshModulesListener.propertyChange(InstallSupportImpl.java:1261)
	at org.netbeans.updater.UpdaterInternal$1Context.firePropertyChange(UpdaterInternal.java:97)
	at org.netbeans.updater.UpdaterInternal$1Context.unpackingIsRunning(UpdaterInternal.java:64)
	at org.netbeans.updater.ModuleUpdater.unpack(ModuleUpdater.java:311)
	at org.netbeans.updater.ModuleUpdater.run(ModuleUpdater.java:118)
INFO [org.netbeans.updater]: File installed C:\Users\lukas.godayol-bonay\Desktop\Semestre2\M.Gil\MonPortFolioSIO\Collab\config\Modules\org-netbeans-modules-maven-persistence.xml@0
INFO [org.netbeans.updater]: Copied file C:\Users\lukas.godayol-bonay\Desktop\Semestre2\M.Gil\MonPortFolioSIO\Collab\update\download\org-netbeans-modules-maven-persistence.nbm:netbeans/config/Modules/org-netbeans-modules-maven-persistence.xml to C:\Users\lukas.godayol-bonay\Desktop\Semestre2\M.Gil\MonPortFolioSIO\Collab\config\Modules\org-netbeans-modules-maven-persistence.xml
INFO [org.netbeans.updater]: File installed C:\Users\lukas.godayol-bonay\Desktop\Semestre2\M.Gil\MonPortFolioSIO\Collab\modules\org-netbeans-modules-maven-persistence.jar@0
INFO [org.netbeans.updater]: Copied file C:\Users\lukas.godayol-bonay\Desktop\Semestre2\M.Gil\MonPortFolioSIO\Collab\update\download\org-netbeans-modules-maven-persistence.nbm:netbeans/modules/org-netbeans-modules-maven-persistence.jar to C:\Users\lukas.godayol-bonay\Desktop\Semestre2\M.Gil\MonPortFolioSIO\Collab\modules\org-netbeans-modules-maven-persistence.jar
INFO [org.netbeans.updater]: File C:\Users\lukas.godayol-bonay\Desktop\Semestre2\M.Gil\MonPortFolioSIO\Collab\update\download\org-netbeans-modules-maven-persistence.nbm deleted.
INFO [org.netbeans.updater]: Use XML Transformer: com.sun.org.apache.xalan.internal.xsltc.trax.TransformerImpl@4ec797ac
INFO [org.netbeans.updater]: File C:\Users\lukas.godayol-bonay\Desktop\Semestre2\M.Gil\MonPortFolioSIO\Collab\update_tracking\org-netbeans-modules-maven-persistence.xml modified.
INFO [org.netbeans.updater]: File installed C:\Users\lukas.godayol-bonay\Desktop\Semestre2\M.Gil\MonPortFolioSIO\Collab\update_tracking\org-netbeans-modules-maven-persistence.xml@0
INFO [org.netbeans.updater]: 780: Unpacking org-netbeans-modules-dbschema.nbm
INFO [org.netbeans.modules.progress.spi.InternalHandle]: Cannot process more work than scheduled. Progress handle with name "Installing plugins..." has requested progress to workunit no.67 but the total number of workunits is 1. That means the progress bar UI will not display real progress and will stay at 100%.
java.lang.IllegalArgumentException
[catch] at org.netbeans.modules.progress.spi.InternalHandle.progress(InternalHandle.java:329)
	at org.netbeans.api.progress.ProgressHandle.progress(ProgressHandle.java:264)
	at org.netbeans.modules.autoupdate.services.InstallSupportImpl$RefreshModulesListener.propertyChange(InstallSupportImpl.java:1261)
	at org.netbeans.updater.UpdaterInternal$1Context.firePropertyChange(UpdaterInternal.java:97)
	at org.netbeans.updater.UpdaterInternal$1Context.unpackingIsRunning(UpdaterInternal.java:64)
	at org.netbeans.updater.ModuleUpdater.unpack(ModuleUpdater.java:311)
	at org.netbeans.updater.ModuleUpdater.run(ModuleUpdater.java:118)
INFO [org.netbeans.updater]: File installed C:\Users\lukas.godayol-bonay\Desktop\Semestre2\M.Gil\MonPortFolioSIO\Collab\config\Modules\org-netbeans-modules-dbschema.xml@0
INFO [org.netbeans.updater]: Copied file C:\Users\lukas.godayol-bonay\Desktop\Semestre2\M.Gil\MonPortFolioSIO\Collab\update\download\org-netbeans-modules-dbschema.nbm:netbeans/config/Modules/org-netbeans-modules-dbschema.xml to C:\Users\lukas.godayol-bonay\Desktop\Semestre2\M.Gil\MonPortFolioSIO\Collab\config\Modules\org-netbeans-modules-dbschema.xml
INFO [org.netbeans.updater]: File installed C:\Users\lukas.godayol-bonay\Desktop\Semestre2\M.Gil\MonPortFolioSIO\Collab\modules\org-netbeans-modules-dbschema.jar@0
INFO [org.netbeans.updater]: Copied file C:\Users\lukas.godayol-bonay\Desktop\Semestre2\M.Gil\MonPortFolioSIO\Collab\update\download\org-netbeans-modules-dbschema.nbm:netbeans/modules/org-netbeans-modules-dbschema.jar to C:\Users\lukas.godayol-bonay\Desktop\Semestre2\M.Gil\MonPortFolioSIO\Collab\modules\org-netbeans-modules-dbschema.jar
INFO [org.netbeans.updater]: File C:\Users\lukas.godayol-bonay\Desktop\Semestre2\M.Gil\MonPortFolioSIO\Collab\update\download\org-netbeans-modules-dbschema.nbm deleted.
INFO [org.netbeans.updater]: Use XML Transformer: com.sun.org.apache.xalan.internal.xsltc.trax.TransformerImpl@46e2fecf
INFO [org.netbeans.updater]: File C:\Users\lukas.godayol-bonay\Desktop\Semestre2\M.Gil\MonPortFolioSIO\Collab\update_tracking\org-netbeans-modules-dbschema.xml modified.
INFO [org.netbeans.updater]: File installed C:\Users\lukas.godayol-bonay\Desktop\Semestre2\M.Gil\MonPortFolioSIO\Collab\update_tracking\org-netbeans-modules-dbschema.xml@0
INFO [org.netbeans.updater]: 780: Unpacking org-netbeans-modules-java-api-common.nbm
INFO [org.netbeans.modules.progress.spi.InternalHandle]: Cannot process more work than scheduled. Progress handle with name "Installing plugins..." has requested progress to workunit no.68 but the total number of workunits is 1. That means the progress bar UI will not display real progress and will stay at 100%.
java.lang.IllegalArgumentException
[catch] at org.netbeans.modules.progress.spi.InternalHandle.progress(InternalHandle.java:329)
	at org.netbeans.api.progress.ProgressHandle.progress(ProgressHandle.java:264)
	at org.netbeans.modules.autoupdate.services.InstallSupportImpl$RefreshModulesListener.propertyChange(InstallSupportImpl.java:1261)
	at org.netbeans.updater.UpdaterInternal$1Context.firePropertyChange(UpdaterInternal.java:97)
	at org.netbeans.updater.UpdaterInternal$1Context.unpackingIsRunning(UpdaterInternal.java:64)
	at org.netbeans.updater.ModuleUpdater.unpack(ModuleUpdater.java:311)
	at org.netbeans.updater.ModuleUpdater.run(ModuleUpdater.java:118)
INFO [org.netbeans.updater]: File installed C:\Users\lukas.godayol-bonay\Desktop\Semestre2\M.Gil\MonPortFolioSIO\Collab\config\Modules\org-netbeans-modules-java-api-common.xml@0
INFO [org.netbeans.updater]: Copied file C:\Users\lukas.godayol-bonay\Desktop\Semestre2\M.Gil\MonPortFolioSIO\Collab\update\download\org-netbeans-modules-java-api-common.nbm:netbeans/config/Modules/org-netbeans-modules-java-api-common.xml to C:\Users\lukas.godayol-bonay\Desktop\Semestre2\M.Gil\MonPortFolioSIO\Collab\config\Modules\org-netbeans-modules-java-api-common.xml
INFO [org.netbeans.updater]: File installed C:\Users\lukas.godayol-bonay\Desktop\Semestre2\M.Gil\MonPortFolioSIO\Collab\modules\org-netbeans-modules-java-api-common.jar@0
INFO [org.netbeans.updater]: Copied file C:\Users\lukas.godayol-bonay\Desktop\Semestre2\M.Gil\MonPortFolioSIO\Collab\update\download\org-netbeans-modules-java-api-common.nbm:netbeans/modules/org-netbeans-modules-java-api-common.jar to C:\Users\lukas.godayol-bonay\Desktop\Semestre2\M.Gil\MonPortFolioSIO\Collab\modules\org-netbeans-modules-java-api-common.jar
INFO [org.netbeans.updater]: File C:\Users\lukas.godayol-bonay\Desktop\Semestre2\M.Gil\MonPortFolioSIO\Collab\update\download\org-netbeans-modules-java-api-common.nbm deleted.
INFO [org.netbeans.updater]: Use XML Transformer: com.sun.org.apache.xalan.internal.xsltc.trax.TransformerImpl@3a5dc548
INFO [org.netbeans.updater]: File C:\Users\lukas.godayol-bonay\Desktop\Semestre2\M.Gil\MonPortFolioSIO\Collab\update_tracking\org-netbeans-modules-java-api-common.xml modified.
INFO [org.netbeans.updater]: File installed C:\Users\lukas.godayol-bonay\Desktop\Semestre2\M.Gil\MonPortFolioSIO\Collab\update_tracking\org-netbeans-modules-java-api-common.xml@0
INFO [org.netbeans.updater]: 780: Unpacking org-netbeans-modules-java-preprocessorbridge.nbm
INFO [org.netbeans.modules.progress.spi.InternalHandle]: Cannot process more work than scheduled. Progress handle with name "Installing plugins..." has requested progress to workunit no.69 but the total number of workunits is 1. That means the progress bar UI will not display real progress and will stay at 100%.
java.lang.IllegalArgumentException
[catch] at org.netbeans.modules.progress.spi.InternalHandle.progress(InternalHandle.java:329)
	at org.netbeans.api.progress.ProgressHandle.progress(ProgressHandle.java:264)
	at org.netbeans.modules.autoupdate.services.InstallSupportImpl$RefreshModulesListener.propertyChange(InstallSupportImpl.java:1261)
	at org.netbeans.updater.UpdaterInternal$1Context.firePropertyChange(UpdaterInternal.java:97)
	at org.netbeans.updater.UpdaterInternal$1Context.unpackingIsRunning(UpdaterInternal.java:64)
	at org.netbeans.updater.ModuleUpdater.unpack(ModuleUpdater.java:311)
	at org.netbeans.updater.ModuleUpdater.run(ModuleUpdater.java:118)
INFO [org.netbeans.updater]: File installed C:\Users\lukas.godayol-bonay\Desktop\Semestre2\M.Gil\MonPortFolioSIO\Collab\config\Modules\org-netbeans-modules-java-preprocessorbridge.xml@0
INFO [org.netbeans.updater]: Copied file C:\Users\lukas.godayol-bonay\Desktop\Semestre2\M.Gil\MonPortFolioSIO\Collab\update\download\org-netbeans-modules-java-preprocessorbridge.nbm:netbeans/config/Modules/org-netbeans-modules-java-preprocessorbridge.xml to C:\Users\lukas.godayol-bonay\Desktop\Semestre2\M.Gil\MonPortFolioSIO\Collab\config\Modules\org-netbeans-modules-java-preprocessorbridge.xml
INFO [org.netbeans.updater]: File installed C:\Users\lukas.godayol-bonay\Desktop\Semestre2\M.Gil\MonPortFolioSIO\Collab\modules\org-netbeans-modules-java-preprocessorbridge.jar@0
INFO [org.netbeans.updater]: Copied file C:\Users\lukas.godayol-bonay\Desktop\Semestre2\M.Gil\MonPortFolioSIO\Collab\update\download\org-netbeans-modules-java-preprocessorbridge.nbm:netbeans/modules/org-netbeans-modules-java-preprocessorbridge.jar to C:\Users\lukas.godayol-bonay\Desktop\Semestre2\M.Gil\MonPortFolioSIO\Collab\modules\org-netbeans-modules-java-preprocessorbridge.jar
INFO [org.netbeans.updater]: File C:\Users\lukas.godayol-bonay\Desktop\Semestre2\M.Gil\MonPortFolioSIO\Collab\update\download\org-netbeans-modules-java-preprocessorbridge.nbm deleted.
INFO [org.netbeans.updater]: Use XML Transformer: com.sun.org.apache.xalan.internal.xsltc.trax.TransformerImpl@7ce0336e
INFO [org.netbeans.updater]: File C:\Users\lukas.godayol-bonay\Desktop\Semestre2\M.Gil\MonPortFolioSIO\Collab\update_tracking\org-netbeans-modules-java-preprocessorbridge.xml modified.
INFO [org.netbeans.updater]: File installed C:\Users\lukas.godayol-bonay\Desktop\Semestre2\M.Gil\MonPortFolioSIO\Collab\update_tracking\org-netbeans-modules-java-preprocessorbridge.xml@0
INFO [org.netbeans.updater]: 780: Unpacking org-netbeans-modules-j2ee-api-ejbmodule.nbm
INFO [org.netbeans.modules.progress.spi.InternalHandle]: Cannot process more work than scheduled. Progress handle with name "Installing plugins..." has requested progress to workunit no.70 but the total number of workunits is 1. That means the progress bar UI will not display real progress and will stay at 100%.
java.lang.IllegalArgumentException
[catch] at org.netbeans.modules.progress.spi.InternalHandle.progress(InternalHandle.java:329)
	at org.netbeans.api.progress.ProgressHandle.progress(ProgressHandle.java:264)
	at org.netbeans.modules.autoupdate.services.InstallSupportImpl$RefreshModulesListener.propertyChange(InstallSupportImpl.java:1261)
	at org.netbeans.updater.UpdaterInternal$1Context.firePropertyChange(UpdaterInternal.java:97)
	at org.netbeans.updater.UpdaterInternal$1Context.unpackingIsRunning(UpdaterInternal.java:64)
	at org.netbeans.updater.ModuleUpdater.unpack(ModuleUpdater.java:311)
	at org.netbeans.updater.ModuleUpdater.run(ModuleUpdater.java:118)
INFO [org.netbeans.updater]: File installed C:\Users\lukas.godayol-bonay\Desktop\Semestre2\M.Gil\MonPortFolioSIO\Collab\config\Modules\org-netbeans-modules-j2ee-api-ejbmodule.xml@0
INFO [org.netbeans.updater]: Copied file C:\Users\lukas.godayol-bonay\Desktop\Semestre2\M.Gil\MonPortFolioSIO\Collab\update\download\org-netbeans-modules-j2ee-api-ejbmodule.nbm:netbeans/config/Modules/org-netbeans-modules-j2ee-api-ejbmodule.xml to C:\Users\lukas.godayol-bonay\Desktop\Semestre2\M.Gil\MonPortFolioSIO\Collab\config\Modules\org-netbeans-modules-j2ee-api-ejbmodule.xml
INFO [org.netbeans.updater]: File installed C:\Users\lukas.godayol-bonay\Desktop\Semestre2\M.Gil\MonPortFolioSIO\Collab\modules\org-netbeans-modules-j2ee-api-ejbmodule.jar@0
INFO [org.netbeans.updater]: Copied file C:\Users\lukas.godayol-bonay\Desktop\Semestre2\M.Gil\MonPortFolioSIO\Collab\update\download\org-netbeans-modules-j2ee-api-ejbmodule.nbm:netbeans/modules/org-netbeans-modules-j2ee-api-ejbmodule.jar to C:\Users\lukas.godayol-bonay\Desktop\Semestre2\M.Gil\MonPortFolioSIO\Collab\modules\org-netbeans-modules-j2ee-api-ejbmodule.jar
INFO [org.netbeans.updater]: File C:\Users\lukas.godayol-bonay\Desktop\Semestre2\M.Gil\MonPortFolioSIO\Collab\update\download\org-netbeans-modules-j2ee-api-ejbmodule.nbm deleted.
INFO [org.netbeans.updater]: Use XML Transformer: com.sun.org.apache.xalan.internal.xsltc.trax.TransformerImpl@242fa3a1
INFO [org.netbeans.updater]: File C:\Users\lukas.godayol-bonay\Desktop\Semestre2\M.Gil\MonPortFolioSIO\Collab\update_tracking\org-netbeans-modules-j2ee-api-ejbmodule.xml modified.
INFO [org.netbeans.updater]: File installed C:\Users\lukas.godayol-bonay\Desktop\Semestre2\M.Gil\MonPortFolioSIO\Collab\update_tracking\org-netbeans-modules-j2ee-api-ejbmodule.xml@0
INFO [org.netbeans.updater]: 780: Unpacking org-netbeans-modules-websvc-utilities.nbm
INFO [org.netbeans.modules.progress.spi.InternalHandle]: Cannot process more work than scheduled. Progress handle with name "Installing plugins..." has requested progress to workunit no.71 but the total number of workunits is 1. That means the progress bar UI will not display real progress and will stay at 100%.
java.lang.IllegalArgumentException
[catch] at org.netbeans.modules.progress.spi.InternalHandle.progress(InternalHandle.java:329)
	at org.netbeans.api.progress.ProgressHandle.progress(ProgressHandle.java:264)
	at org.netbeans.modules.autoupdate.services.InstallSupportImpl$RefreshModulesListener.propertyChange(InstallSupportImpl.java:1261)
	at org.netbeans.updater.UpdaterInternal$1Context.firePropertyChange(UpdaterInternal.java:97)
	at org.netbeans.updater.UpdaterInternal$1Context.unpackingIsRunning(UpdaterInternal.java:64)
	at org.netbeans.updater.ModuleUpdater.unpack(ModuleUpdater.java:311)
	at org.netbeans.updater.ModuleUpdater.run(ModuleUpdater.java:118)
INFO [org.netbeans.updater]: File installed C:\Users\lukas.godayol-bonay\Desktop\Semestre2\M.Gil\MonPortFolioSIO\Collab\config\Modules\org-netbeans-modules-websvc-utilities.xml@0
INFO [org.netbeans.updater]: Copied file C:\Users\lukas.godayol-bonay\Desktop\Semestre2\M.Gil\MonPortFolioSIO\Collab\update\download\org-netbeans-modules-websvc-utilities.nbm:netbeans/config/Modules/org-netbeans-modules-websvc-utilities.xml to C:\Users\lukas.godayol-bonay\Desktop\Semestre2\M.Gil\MonPortFolioSIO\Collab\config\Modules\org-netbeans-modules-websvc-utilities.xml
INFO [org.netbeans.updater]: File installed C:\Users\lukas.godayol-bonay\Desktop\Semestre2\M.Gil\MonPortFolioSIO\Collab\modules\org-netbeans-modules-websvc-utilities.jar@0
INFO [org.netbeans.updater]: Copied file C:\Users\lukas.godayol-bonay\Desktop\Semestre2\M.Gil\MonPortFolioSIO\Collab\update\download\org-netbeans-modules-websvc-utilities.nbm:netbeans/modules/org-netbeans-modules-websvc-utilities.jar to C:\Users\lukas.godayol-bonay\Desktop\Semestre2\M.Gil\MonPortFolioSIO\Collab\modules\org-netbeans-modules-websvc-utilities.jar
INFO [org.netbeans.updater]: File C:\Users\lukas.godayol-bonay\Desktop\Semestre2\M.Gil\MonPortFolioSIO\Collab\update\download\org-netbeans-modules-websvc-utilities.nbm deleted.
INFO [org.netbeans.updater]: Use XML Transformer: com.sun.org.apache.xalan.internal.xsltc.trax.TransformerImpl@6c4f19bd
INFO [org.netbeans.updater]: File C:\Users\lukas.godayol-bonay\Desktop\Semestre2\M.Gil\MonPortFolioSIO\Collab\update_tracking\org-netbeans-modules-websvc-utilities.xml modified.
INFO [org.netbeans.updater]: File installed C:\Users\lukas.godayol-bonay\Desktop\Semestre2\M.Gil\MonPortFolioSIO\Collab\update_tracking\org-netbeans-modules-websvc-utilities.xml@0
INFO [org.netbeans.updater]: 780: Unpacking org-netbeans-modules-java-sourceui.nbm
INFO [org.netbeans.modules.progress.spi.InternalHandle]: Cannot process more work than scheduled. Progress handle with name "Installing plugins..." has requested progress to workunit no.72 but the total number of workunits is 1. That means the progress bar UI will not display real progress and will stay at 100%.
java.lang.IllegalArgumentException
[catch] at org.netbeans.modules.progress.spi.InternalHandle.progress(InternalHandle.java:329)
	at org.netbeans.api.progress.ProgressHandle.progress(ProgressHandle.java:264)
	at org.netbeans.modules.autoupdate.services.InstallSupportImpl$RefreshModulesListener.propertyChange(InstallSupportImpl.java:1261)
	at org.netbeans.updater.UpdaterInternal$1Context.firePropertyChange(UpdaterInternal.java:97)
	at org.netbeans.updater.UpdaterInternal$1Context.unpackingIsRunning(UpdaterInternal.java:64)
	at org.netbeans.updater.ModuleUpdater.unpack(ModuleUpdater.java:311)
	at org.netbeans.updater.ModuleUpdater.run(ModuleUpdater.java:118)
INFO [org.netbeans.updater]: File installed C:\Users\lukas.godayol-bonay\Desktop\Semestre2\M.Gil\MonPortFolioSIO\Collab\config\Modules\org-netbeans-modules-java-sourceui.xml@0
INFO [org.netbeans.updater]: Copied file C:\Users\lukas.godayol-bonay\Desktop\Semestre2\M.Gil\MonPortFolioSIO\Collab\update\download\org-netbeans-modules-java-sourceui.nbm:netbeans/config/Modules/org-netbeans-modules-java-sourceui.xml to C:\Users\lukas.godayol-bonay\Desktop\Semestre2\M.Gil\MonPortFolioSIO\Collab\config\Modules\org-netbeans-modules-java-sourceui.xml
INFO [org.netbeans.updater]: File installed C:\Users\lukas.godayol-bonay\Desktop\Semestre2\M.Gil\MonPortFolioSIO\Collab\modules\org-netbeans-modules-java-sourceui.jar@0
INFO [org.netbeans.updater]: Copied file C:\Users\lukas.godayol-bonay\Desktop\Semestre2\M.Gil\MonPortFolioSIO\Collab\update\download\org-netbeans-modules-java-sourceui.nbm:netbeans/modules/org-netbeans-modules-java-sourceui.jar to C:\Users\lukas.godayol-bonay\Desktop\Semestre2\M.Gil\MonPortFolioSIO\Collab\modules\org-netbeans-modules-java-sourceui.jar
INFO [org.netbeans.updater]: File C:\Users\lukas.godayol-bonay\Desktop\Semestre2\M.Gil\MonPortFolioSIO\Collab\update\download\org-netbeans-modules-java-sourceui.nbm deleted.
INFO [org.netbeans.updater]: Use XML Transformer: com.sun.org.apache.xalan.internal.xsltc.trax.TransformerImpl@638effbd
INFO [org.netbeans.updater]: File C:\Users\lukas.godayol-bonay\Desktop\Semestre2\M.Gil\MonPortFolioSIO\Collab\update_tracking\org-netbeans-modules-java-sourceui.xml modified.
INFO [org.netbeans.updater]: File installed C:\Users\lukas.godayol-bonay\Desktop\Semestre2\M.Gil\MonPortFolioSIO\Collab\update_tracking\org-netbeans-modules-java-sourceui.xml@0
INFO [org.netbeans.updater]: 780: Unpacking org-netbeans-api-java.nbm
INFO [org.netbeans.modules.progress.spi.InternalHandle]: Cannot process more work than scheduled. Progress handle with name "Installing plugins..." has requested progress to workunit no.73 but the total number of workunits is 1. That means the progress bar UI will not display real progress and will stay at 100%.
java.lang.IllegalArgumentException
[catch] at org.netbeans.modules.progress.spi.InternalHandle.progress(InternalHandle.java:329)
	at org.netbeans.api.progress.ProgressHandle.progress(ProgressHandle.java:264)
	at org.netbeans.modules.autoupdate.services.InstallSupportImpl$RefreshModulesListener.propertyChange(InstallSupportImpl.java:1261)
	at org.netbeans.updater.UpdaterInternal$1Context.firePropertyChange(UpdaterInternal.java:97)
	at org.netbeans.updater.UpdaterInternal$1Context.unpackingIsRunning(UpdaterInternal.java:64)
	at org.netbeans.updater.ModuleUpdater.unpack(ModuleUpdater.java:311)
	at org.netbeans.updater.ModuleUpdater.run(ModuleUpdater.java:118)
INFO [org.netbeans.updater]: File installed C:\Users\lukas.godayol-bonay\Desktop\Semestre2\M.Gil\MonPortFolioSIO\Collab\config\ModuleAutoDeps\org-netbeans-api-java.xml@0
INFO [org.netbeans.updater]: Copied file C:\Users\lukas.godayol-bonay\Desktop\Semestre2\M.Gil\MonPortFolioSIO\Collab\update\download\org-netbeans-api-java.nbm:netbeans/config/ModuleAutoDeps/org-netbeans-api-java.xml to C:\Users\lukas.godayol-bonay\Desktop\Semestre2\M.Gil\MonPortFolioSIO\Collab\config\ModuleAutoDeps\org-netbeans-api-java.xml
INFO [org.netbeans.updater]: File installed C:\Users\lukas.godayol-bonay\Desktop\Semestre2\M.Gil\MonPortFolioSIO\Collab\config\Modules\org-netbeans-api-java.xml@0
INFO [org.netbeans.updater]: Copied file C:\Users\lukas.godayol-bonay\Desktop\Semestre2\M.Gil\MonPortFolioSIO\Collab\update\download\org-netbeans-api-java.nbm:netbeans/config/Modules/org-netbeans-api-java.xml to C:\Users\lukas.godayol-bonay\Desktop\Semestre2\M.Gil\MonPortFolioSIO\Collab\config\Modules\org-netbeans-api-java.xml
INFO [org.netbeans.updater]: File installed C:\Users\lukas.godayol-bonay\Desktop\Semestre2\M.Gil\MonPortFolioSIO\Collab\modules\org-netbeans-api-java.jar@0
INFO [org.netbeans.updater]: Copied file C:\Users\lukas.godayol-bonay\Desktop\Semestre2\M.Gil\MonPortFolioSIO\Collab\update\download\org-netbeans-api-java.nbm:netbeans/modules/org-netbeans-api-java.jar to C:\Users\lukas.godayol-bonay\Desktop\Semestre2\M.Gil\MonPortFolioSIO\Collab\modules\org-netbeans-api-java.jar
INFO [org.netbeans.updater]: File C:\Users\lukas.godayol-bonay\Desktop\Semestre2\M.Gil\MonPortFolioSIO\Collab\update\download\org-netbeans-api-java.nbm deleted.
INFO [org.netbeans.updater]: Use XML Transformer: com.sun.org.apache.xalan.internal.xsltc.trax.TransformerImpl@60a2e5cc
INFO [org.netbeans.updater]: File C:\Users\lukas.godayol-bonay\Desktop\Semestre2\M.Gil\MonPortFolioSIO\Collab\update_tracking\org-netbeans-api-java.xml modified.
INFO [org.netbeans.updater]: File installed C:\Users\lukas.godayol-bonay\Desktop\Semestre2\M.Gil\MonPortFolioSIO\Collab\update_tracking\org-netbeans-api-java.xml@0
INFO [org.netbeans.updater]: 780: Unpacking org-netbeans-modules-j2ee-core.nbm
INFO [org.netbeans.modules.progress.spi.InternalHandle]: Cannot process more work than scheduled. Progress handle with name "Installing plugins..." has requested progress to workunit no.74 but the total number of workunits is 1. That means the progress bar UI will not display real progress and will stay at 100%.
java.lang.IllegalArgumentException
[catch] at org.netbeans.modules.progress.spi.InternalHandle.progress(InternalHandle.java:329)
	at org.netbeans.api.progress.ProgressHandle.progress(ProgressHandle.java:264)
	at org.netbeans.modules.autoupdate.services.InstallSupportImpl$RefreshModulesListener.propertyChange(InstallSupportImpl.java:1261)
	at org.netbeans.updater.UpdaterInternal$1Context.firePropertyChange(UpdaterInternal.java:97)
	at org.netbeans.updater.UpdaterInternal$1Context.unpackingIsRunning(UpdaterInternal.java:64)
	at org.netbeans.updater.ModuleUpdater.unpack(ModuleUpdater.java:311)
	at org.netbeans.updater.ModuleUpdater.run(ModuleUpdater.java:118)
INFO [org.netbeans.updater]: File installed C:\Users\lukas.godayol-bonay\Desktop\Semestre2\M.Gil\MonPortFolioSIO\Collab\config\Modules\org-netbeans-modules-j2ee-core.xml@0
INFO [org.netbeans.updater]: Copied file C:\Users\lukas.godayol-bonay\Desktop\Semestre2\M.Gil\MonPortFolioSIO\Collab\update\download\org-netbeans-modules-j2ee-core.nbm:netbeans/config/Modules/org-netbeans-modules-j2ee-core.xml to C:\Users\lukas.godayol-bonay\Desktop\Semestre2\M.Gil\MonPortFolioSIO\Collab\config\Modules\org-netbeans-modules-j2ee-core.xml
INFO [org.netbeans.updater]: File installed C:\Users\lukas.godayol-bonay\Desktop\Semestre2\M.Gil\MonPortFolioSIO\Collab\modules\org-netbeans-modules-j2ee-core.jar@0
INFO [org.netbeans.updater]: Copied file C:\Users\lukas.godayol-bonay\Desktop\Semestre2\M.Gil\MonPortFolioSIO\Collab\update\download\org-netbeans-modules-j2ee-core.nbm:netbeans/modules/org-netbeans-modules-j2ee-core.jar to C:\Users\lukas.godayol-bonay\Desktop\Semestre2\M.Gil\MonPortFolioSIO\Collab\modules\org-netbeans-modules-j2ee-core.jar
INFO [org.netbeans.updater]: File C:\Users\lukas.godayol-bonay\Desktop\Semestre2\M.Gil\MonPortFolioSIO\Collab\update\download\org-netbeans-modules-j2ee-core.nbm deleted.
INFO [org.netbeans.updater]: Use XML Transformer: com.sun.org.apache.xalan.internal.xsltc.trax.TransformerImpl@4cc49e5f
INFO [org.netbeans.updater]: File C:\Users\lukas.godayol-bonay\Desktop\Semestre2\M.Gil\MonPortFolioSIO\Collab\update_tracking\org-netbeans-modules-j2ee-core.xml modified.
INFO [org.netbeans.updater]: File installed C:\Users\lukas.godayol-bonay\Desktop\Semestre2\M.Gil\MonPortFolioSIO\Collab\update_tracking\org-netbeans-modules-j2ee-core.xml@0
INFO [org.netbeans.updater]: 780: Unpacking org-netbeans-modules-testng-ui.nbm
INFO [org.netbeans.modules.progress.spi.InternalHandle]: Cannot process more work than scheduled. Progress handle with name "Installing plugins..." has requested progress to workunit no.75 but the total number of workunits is 1. That means the progress bar UI will not display real progress and will stay at 100%.
java.lang.IllegalArgumentException
[catch] at org.netbeans.modules.progress.spi.InternalHandle.progress(InternalHandle.java:329)
	at org.netbeans.api.progress.ProgressHandle.progress(ProgressHandle.java:264)
	at org.netbeans.modules.autoupdate.services.InstallSupportImpl$RefreshModulesListener.propertyChange(InstallSupportImpl.java:1261)
	at org.netbeans.updater.UpdaterInternal$1Context.firePropertyChange(UpdaterInternal.java:97)
	at org.netbeans.updater.UpdaterInternal$1Context.unpackingIsRunning(UpdaterInternal.java:64)
	at org.netbeans.updater.ModuleUpdater.unpack(ModuleUpdater.java:311)
	at org.netbeans.updater.ModuleUpdater.run(ModuleUpdater.java:118)
INFO [org.netbeans.updater]: File installed C:\Users\lukas.godayol-bonay\Desktop\Semestre2\M.Gil\MonPortFolioSIO\Collab\config\Modules\org-netbeans-modules-testng-ui.xml@0
INFO [org.netbeans.updater]: Copied file C:\Users\lukas.godayol-bonay\Desktop\Semestre2\M.Gil\MonPortFolioSIO\Collab\update\download\org-netbeans-modules-testng-ui.nbm:netbeans/config/Modules/org-netbeans-modules-testng-ui.xml to C:\Users\lukas.godayol-bonay\Desktop\Semestre2\M.Gil\MonPortFolioSIO\Collab\config\Modules\org-netbeans-modules-testng-ui.xml
INFO [org.netbeans.updater]: File installed C:\Users\lukas.godayol-bonay\Desktop\Semestre2\M.Gil\MonPortFolioSIO\Collab\modules\org-netbeans-modules-testng-ui.jar@0
INFO [org.netbeans.updater]: Copied file C:\Users\lukas.godayol-bonay\Desktop\Semestre2\M.Gil\MonPortFolioSIO\Collab\update\download\org-netbeans-modules-testng-ui.nbm:netbeans/modules/org-netbeans-modules-testng-ui.jar to C:\Users\lukas.godayol-bonay\Desktop\Semestre2\M.Gil\MonPortFolioSIO\Collab\modules\org-netbeans-modules-testng-ui.jar
INFO [org.netbeans.updater]: File C:\Users\lukas.godayol-bonay\Desktop\Semestre2\M.Gil\MonPortFolioSIO\Collab\update\download\org-netbeans-modules-testng-ui.nbm deleted.
INFO [org.netbeans.updater]: Use XML Transformer: com.sun.org.apache.xalan.internal.xsltc.trax.TransformerImpl@7f71a6d1
INFO [org.netbeans.updater]: File C:\Users\lukas.godayol-bonay\Desktop\Semestre2\M.Gil\MonPortFolioSIO\Collab\update_tracking\org-netbeans-modules-testng-ui.xml modified.
INFO [org.netbeans.updater]: File installed C:\Users\lukas.godayol-bonay\Desktop\Semestre2\M.Gil\MonPortFolioSIO\Collab\update_tracking\org-netbeans-modules-testng-ui.xml@0
INFO [org.netbeans.updater]: 780: Unpacking org-netbeans-modules-maven-indexer.nbm
INFO [org.netbeans.modules.progress.spi.InternalHandle]: Cannot process more work than scheduled. Progress handle with name "Installing plugins..." has requested progress to workunit no.76 but the total number of workunits is 1. That means the progress bar UI will not display real progress and will stay at 100%.
java.lang.IllegalArgumentException
[catch] at org.netbeans.modules.progress.spi.InternalHandle.progress(InternalHandle.java:329)
	at org.netbeans.api.progress.ProgressHandle.progress(ProgressHandle.java:264)
	at org.netbeans.modules.autoupdate.services.InstallSupportImpl$RefreshModulesListener.propertyChange(InstallSupportImpl.java:1261)
	at org.netbeans.updater.UpdaterInternal$1Context.firePropertyChange(UpdaterInternal.java:97)
	at org.netbeans.updater.UpdaterInternal$1Context.unpackingIsRunning(UpdaterInternal.java:64)
	at org.netbeans.updater.ModuleUpdater.unpack(ModuleUpdater.java:311)
	at org.netbeans.updater.ModuleUpdater.run(ModuleUpdater.java:118)
INFO [org.netbeans.updater]: File installed C:\Users\lukas.godayol-bonay\Desktop\Semestre2\M.Gil\MonPortFolioSIO\Collab\config\Modules\org-netbeans-modules-maven-indexer.xml@0
INFO [org.netbeans.updater]: Copied file C:\Users\lukas.godayol-bonay\Desktop\Semestre2\M.Gil\MonPortFolioSIO\Collab\update\download\org-netbeans-modules-maven-indexer.nbm:netbeans/config/Modules/org-netbeans-modules-maven-indexer.xml to C:\Users\lukas.godayol-bonay\Desktop\Semestre2\M.Gil\MonPortFolioSIO\Collab\config\Modules\org-netbeans-modules-maven-indexer.xml
INFO [org.netbeans.updater]: File installed C:\Users\lukas.godayol-bonay\Desktop\Semestre2\M.Gil\MonPortFolioSIO\Collab\modules\ext\maven\gson-2.10.1.jar@0
INFO [org.netbeans.updater]: Copied file C:\Users\lukas.godayol-bonay\Desktop\Semestre2\M.Gil\MonPortFolioSIO\Collab\update\download\org-netbeans-modules-maven-indexer.nbm:netbeans/modules/ext/maven/gson-2.10.1.jar to C:\Users\lukas.godayol-bonay\Desktop\Semestre2\M.Gil\MonPortFolioSIO\Collab\modules\ext\maven\gson-2.10.1.jar
INFO [org.netbeans.updater]: File installed C:\Users\lukas.godayol-bonay\Desktop\Semestre2\M.Gil\MonPortFolioSIO\Collab\modules\ext\maven\indexer-core-7.0.3.jar@0
INFO [org.netbeans.updater]: Copied file C:\Users\lukas.godayol-bonay\Desktop\Semestre2\M.Gil\MonPortFolioSIO\Collab\update\download\org-netbeans-modules-maven-indexer.nbm:netbeans/modules/ext/maven/indexer-core-7.0.3.jar to C:\Users\lukas.godayol-bonay\Desktop\Semestre2\M.Gil\MonPortFolioSIO\Collab\modules\ext\maven\indexer-core-7.0.3.jar
INFO [org.netbeans.updater]: File installed C:\Users\lukas.godayol-bonay\Desktop\Semestre2\M.Gil\MonPortFolioSIO\Collab\modules\ext\maven\javax.annotation-api-1.2.jar@0
INFO [org.netbeans.updater]: Copied file C:\Users\lukas.godayol-bonay\Desktop\Semestre2\M.Gil\MonPortFolioSIO\Collab\update\download\org-netbeans-modules-maven-indexer.nbm:netbeans/modules/ext/maven/javax.annotation-api-1.2.jar to C:\Users\lukas.godayol-bonay\Desktop\Semestre2\M.Gil\MonPortFolioSIO\Collab\modules\ext\maven\javax.annotation-api-1.2.jar
INFO [org.netbeans.updater]: File installed C:\Users\lukas.godayol-bonay\Desktop\Semestre2\M.Gil\MonPortFolioSIO\Collab\modules\ext\maven\lucene-analysis-common-9.6.0.jar@0
INFO [org.netbeans.updater]: Copied file C:\Users\lukas.godayol-bonay\Desktop\Semestre2\M.Gil\MonPortFolioSIO\Collab\update\download\org-netbeans-modules-maven-indexer.nbm:netbeans/modules/ext/maven/lucene-analysis-common-9.6.0.jar to C:\Users\lukas.godayol-bonay\Desktop\Semestre2\M.Gil\MonPortFolioSIO\Collab\modules\ext\maven\lucene-analysis-common-9.6.0.jar
INFO [org.netbeans.updater]: File installed C:\Users\lukas.godayol-bonay\Desktop\Semestre2\M.Gil\MonPortFolioSIO\Collab\modules\ext\maven\lucene-backward-codecs-9.6.0.jar@0
INFO [org.netbeans.updater]: Copied file C:\Users\lukas.godayol-bonay\Desktop\Semestre2\M.Gil\MonPortFolioSIO\Collab\update\download\org-netbeans-modules-maven-indexer.nbm:netbeans/modules/ext/maven/lucene-backward-codecs-9.6.0.jar to C:\Users\lukas.godayol-bonay\Desktop\Semestre2\M.Gil\MonPortFolioSIO\Collab\modules\ext\maven\lucene-backward-codecs-9.6.0.jar
INFO [org.netbeans.updater]: File installed C:\Users\lukas.godayol-bonay\Desktop\Semestre2\M.Gil\MonPortFolioSIO\Collab\modules\ext\maven\lucene-core-9.6.0.jar@0
INFO [org.netbeans.updater]: Copied file C:\Users\lukas.godayol-bonay\Desktop\Semestre2\M.Gil\MonPortFolioSIO\Collab\update\download\org-netbeans-modules-maven-indexer.nbm:netbeans/modules/ext/maven/lucene-core-9.6.0.jar to C:\Users\lukas.godayol-bonay\Desktop\Semestre2\M.Gil\MonPortFolioSIO\Collab\modules\ext\maven\lucene-core-9.6.0.jar
INFO [org.netbeans.updater]: File installed C:\Users\lukas.godayol-bonay\Desktop\Semestre2\M.Gil\MonPortFolioSIO\Collab\modules\ext\maven\lucene-highlighter-9.6.0.jar@0
INFO [org.netbeans.updater]: Copied file C:\Users\lukas.godayol-bonay\Desktop\Semestre2\M.Gil\MonPortFolioSIO\Collab\update\download\org-netbeans-modules-maven-indexer.nbm:netbeans/modules/ext/maven/lucene-highlighter-9.6.0.jar to C:\Users\lukas.godayol-bonay\Desktop\Semestre2\M.Gil\MonPortFolioSIO\Collab\modules\ext\maven\lucene-highlighter-9.6.0.jar
INFO [org.netbeans.updater]: File installed C:\Users\lukas.godayol-bonay\Desktop\Semestre2\M.Gil\MonPortFolioSIO\Collab\modules\ext\maven\lucene-queryparser-9.6.0.jar@0
INFO [org.netbeans.updater]: Copied file C:\Users\lukas.godayol-bonay\Desktop\Semestre2\M.Gil\MonPortFolioSIO\Collab\update\download\org-netbeans-modules-maven-indexer.nbm:netbeans/modules/ext/maven/lucene-queryparser-9.6.0.jar to C:\Users\lukas.godayol-bonay\Desktop\Semestre2\M.Gil\MonPortFolioSIO\Collab\modules\ext\maven\lucene-queryparser-9.6.0.jar
INFO [org.netbeans.updater]: File installed C:\Users\lukas.godayol-bonay\Desktop\Semestre2\M.Gil\MonPortFolioSIO\Collab\modules\ext\maven\search-api-7.0.3.jar@0
INFO [org.netbeans.updater]: Copied file C:\Users\lukas.godayol-bonay\Desktop\Semestre2\M.Gil\MonPortFolioSIO\Collab\update\download\org-netbeans-modules-maven-indexer.nbm:netbeans/modules/ext/maven/search-api-7.0.3.jar to C:\Users\lukas.godayol-bonay\Desktop\Semestre2\M.Gil\MonPortFolioSIO\Collab\modules\ext\maven\search-api-7.0.3.jar
INFO [org.netbeans.updater]: File installed C:\Users\lukas.godayol-bonay\Desktop\Semestre2\M.Gil\MonPortFolioSIO\Collab\modules\ext\maven\search-backend-smo-7.0.3.jar@0
INFO [org.netbeans.updater]: Copied file C:\Users\lukas.godayol-bonay\Desktop\Semestre2\M.Gil\MonPortFolioSIO\Collab\update\download\org-netbeans-modules-maven-indexer.nbm:netbeans/modules/ext/maven/search-backend-smo-7.0.3.jar to C:\Users\lukas.godayol-bonay\Desktop\Semestre2\M.Gil\MonPortFolioSIO\Collab\modules\ext\maven\search-backend-smo-7.0.3.jar
INFO [org.netbeans.updater]: File installed C:\Users\lukas.godayol-bonay\Desktop\Semestre2\M.Gil\MonPortFolioSIO\Collab\modules\org-netbeans-modules-maven-indexer.jar@0
INFO [org.netbeans.updater]: Copied file C:\Users\lukas.godayol-bonay\Desktop\Semestre2\M.Gil\MonPortFolioSIO\Collab\update\download\org-netbeans-modules-maven-indexer.nbm:netbeans/modules/org-netbeans-modules-maven-indexer.jar to C:\Users\lukas.godayol-bonay\Desktop\Semestre2\M.Gil\MonPortFolioSIO\Collab\modules\org-netbeans-modules-maven-indexer.jar
INFO [org.netbeans.updater]: File C:\Users\lukas.godayol-bonay\Desktop\Semestre2\M.Gil\MonPortFolioSIO\Collab\update\download\org-netbeans-modules-maven-indexer.nbm deleted.
INFO [org.netbeans.updater]: Use XML Transformer: com.sun.org.apache.xalan.internal.xsltc.trax.TransformerImpl@5ab51042
INFO [org.netbeans.updater]: File C:\Users\lukas.godayol-bonay\Desktop\Semestre2\M.Gil\MonPortFolioSIO\Collab\update_tracking\org-netbeans-modules-maven-indexer.xml modified.
INFO [org.netbeans.updater]: File installed C:\Users\lukas.godayol-bonay\Desktop\Semestre2\M.Gil\MonPortFolioSIO\Collab\update_tracking\org-netbeans-modules-maven-indexer.xml@0
INFO [org.netbeans.updater]: 780: Unpacking org-netbeans-modules-spellchecker-bindings-java.nbm
INFO [org.netbeans.modules.progress.spi.InternalHandle]: Cannot process more work than scheduled. Progress handle with name "Installing plugins..." has requested progress to workunit no.77 but the total number of workunits is 1. That means the progress bar UI will not display real progress and will stay at 100%.
java.lang.IllegalArgumentException
[catch] at org.netbeans.modules.progress.spi.InternalHandle.progress(InternalHandle.java:329)
	at org.netbeans.api.progress.ProgressHandle.progress(ProgressHandle.java:264)
	at org.netbeans.modules.autoupdate.services.InstallSupportImpl$RefreshModulesListener.propertyChange(InstallSupportImpl.java:1261)
	at org.netbeans.updater.UpdaterInternal$1Context.firePropertyChange(UpdaterInternal.java:97)
	at org.netbeans.updater.UpdaterInternal$1Context.unpackingIsRunning(UpdaterInternal.java:64)
	at org.netbeans.updater.ModuleUpdater.unpack(ModuleUpdater.java:311)
	at org.netbeans.updater.ModuleUpdater.run(ModuleUpdater.java:118)
INFO [org.netbeans.updater]: File installed C:\Users\lukas.godayol-bonay\Desktop\Semestre2\M.Gil\MonPortFolioSIO\Collab\config\Modules\org-netbeans-modules-spellchecker-bindings-java.xml@0
INFO [org.netbeans.updater]: Copied file C:\Users\lukas.godayol-bonay\Desktop\Semestre2\M.Gil\MonPortFolioSIO\Collab\update\download\org-netbeans-modules-spellchecker-bindings-java.nbm:netbeans/config/Modules/org-netbeans-modules-spellchecker-bindings-java.xml to C:\Users\lukas.godayol-bonay\Desktop\Semestre2\M.Gil\MonPortFolioSIO\Collab\config\Modules\org-netbeans-modules-spellchecker-bindings-java.xml
INFO [org.netbeans.updater]: File installed C:\Users\lukas.godayol-bonay\Desktop\Semestre2\M.Gil\MonPortFolioSIO\Collab\modules\org-netbeans-modules-spellchecker-bindings-java.jar@0
INFO [org.netbeans.updater]: Copied file C:\Users\lukas.godayol-bonay\Desktop\Semestre2\M.Gil\MonPortFolioSIO\Collab\update\download\org-netbeans-modules-spellchecker-bindings-java.nbm:netbeans/modules/org-netbeans-modules-spellchecker-bindings-java.jar to C:\Users\lukas.godayol-bonay\Desktop\Semestre2\M.Gil\MonPortFolioSIO\Collab\modules\org-netbeans-modules-spellchecker-bindings-java.jar
INFO [org.netbeans.updater]: File C:\Users\lukas.godayol-bonay\Desktop\Semestre2\M.Gil\MonPortFolioSIO\Collab\update\download\org-netbeans-modules-spellchecker-bindings-java.nbm deleted.
INFO [org.netbeans.updater]: Use XML Transformer: com.sun.org.apache.xalan.internal.xsltc.trax.TransformerImpl@46db6404
INFO [org.netbeans.updater]: File C:\Users\lukas.godayol-bonay\Desktop\Semestre2\M.Gil\MonPortFolioSIO\Collab\update_tracking\org-netbeans-modules-spellchecker-bindings-java.xml modified.
INFO [org.netbeans.updater]: File installed C:\Users\lukas.godayol-bonay\Desktop\Semestre2\M.Gil\MonPortFolioSIO\Collab\update_tracking\org-netbeans-modules-spellchecker-bindings-java.xml@0
INFO [org.netbeans.updater]: 780: Unpacking org-netbeans-modules-websvc-websvcapi.nbm
INFO [org.netbeans.modules.progress.spi.InternalHandle]: Cannot process more work than scheduled. Progress handle with name "Installing plugins..." has requested progress to workunit no.78 but the total number of workunits is 1. That means the progress bar UI will not display real progress and will stay at 100%.
java.lang.IllegalArgumentException
[catch] at org.netbeans.modules.progress.spi.InternalHandle.progress(InternalHandle.java:329)
	at org.netbeans.api.progress.ProgressHandle.progress(ProgressHandle.java:264)
	at org.netbeans.modules.autoupdate.services.InstallSupportImpl$RefreshModulesListener.propertyChange(InstallSupportImpl.java:1261)
	at org.netbeans.updater.UpdaterInternal$1Context.firePropertyChange(UpdaterInternal.java:97)
	at org.netbeans.updater.UpdaterInternal$1Context.unpackingIsRunning(UpdaterInternal.java:64)
	at org.netbeans.updater.ModuleUpdater.unpack(ModuleUpdater.java:311)
	at org.netbeans.updater.ModuleUpdater.run(ModuleUpdater.java:118)
INFO [org.netbeans.updater]: File installed C:\Users\lukas.godayol-bonay\Desktop\Semestre2\M.Gil\MonPortFolioSIO\Collab\config\Modules\org-netbeans-modules-websvc-websvcapi.xml@0
INFO [org.netbeans.updater]: Copied file C:\Users\lukas.godayol-bonay\Desktop\Semestre2\M.Gil\MonPortFolioSIO\Collab\update\download\org-netbeans-modules-websvc-websvcapi.nbm:netbeans/config/Modules/org-netbeans-modules-websvc-websvcapi.xml to C:\Users\lukas.godayol-bonay\Desktop\Semestre2\M.Gil\MonPortFolioSIO\Collab\config\Modules\org-netbeans-modules-websvc-websvcapi.xml
INFO [org.netbeans.updater]: File installed C:\Users\lukas.godayol-bonay\Desktop\Semestre2\M.Gil\MonPortFolioSIO\Collab\modules\org-netbeans-modules-websvc-websvcapi.jar@0
INFO [org.netbeans.updater]: Copied file C:\Users\lukas.godayol-bonay\Desktop\Semestre2\M.Gil\MonPortFolioSIO\Collab\update\download\org-netbeans-modules-websvc-websvcapi.nbm:netbeans/modules/org-netbeans-modules-websvc-websvcapi.jar to C:\Users\lukas.godayol-bonay\Desktop\Semestre2\M.Gil\MonPortFolioSIO\Collab\modules\org-netbeans-modules-websvc-websvcapi.jar
INFO [org.netbeans.updater]: File C:\Users\lukas.godayol-bonay\Desktop\Semestre2\M.Gil\MonPortFolioSIO\Collab\update\download\org-netbeans-modules-websvc-websvcapi.nbm deleted.
INFO [org.netbeans.updater]: Use XML Transformer: com.sun.org.apache.xalan.internal.xsltc.trax.TransformerImpl@2512ae8c
INFO [org.netbeans.updater]: File C:\Users\lukas.godayol-bonay\Desktop\Semestre2\M.Gil\MonPortFolioSIO\Collab\update_tracking\org-netbeans-modules-websvc-websvcapi.xml modified.
INFO [org.netbeans.updater]: File installed C:\Users\lukas.godayol-bonay\Desktop\Semestre2\M.Gil\MonPortFolioSIO\Collab\update_tracking\org-netbeans-modules-websvc-websvcapi.xml@0
INFO [org.netbeans.updater]: 780: Unpacking org-netbeans-libs-javacapi.nbm
INFO [org.netbeans.modules.progress.spi.InternalHandle]: Cannot process more work than scheduled. Progress handle with name "Installing plugins..." has requested progress to workunit no.79 but the total number of workunits is 1. That means the progress bar UI will not display real progress and will stay at 100%.
java.lang.IllegalArgumentException
[catch] at org.netbeans.modules.progress.spi.InternalHandle.progress(InternalHandle.java:329)
	at org.netbeans.api.progress.ProgressHandle.progress(ProgressHandle.java:264)
	at org.netbeans.modules.autoupdate.services.InstallSupportImpl$RefreshModulesListener.propertyChange(InstallSupportImpl.java:1261)
	at org.netbeans.updater.UpdaterInternal$1Context.firePropertyChange(UpdaterInternal.java:97)
	at org.netbeans.updater.UpdaterInternal$1Context.unpackingIsRunning(UpdaterInternal.java:64)
	at org.netbeans.updater.ModuleUpdater.unpack(ModuleUpdater.java:311)
	at org.netbeans.updater.ModuleUpdater.run(ModuleUpdater.java:118)
INFO [org.netbeans.updater]: File installed C:\Users\lukas.godayol-bonay\Desktop\Semestre2\M.Gil\MonPortFolioSIO\Collab\config\Modules\org-netbeans-libs-javacapi.xml@0
INFO [org.netbeans.updater]: Copied file C:\Users\lukas.godayol-bonay\Desktop\Semestre2\M.Gil\MonPortFolioSIO\Collab\update\download\org-netbeans-libs-javacapi.nbm:netbeans/config/Modules/org-netbeans-libs-javacapi.xml to C:\Users\lukas.godayol-bonay\Desktop\Semestre2\M.Gil\MonPortFolioSIO\Collab\config\Modules\org-netbeans-libs-javacapi.xml
INFO [org.netbeans.updater]: File installed C:\Users\lukas.godayol-bonay\Desktop\Semestre2\M.Gil\MonPortFolioSIO\Collab\modules\org-netbeans-libs-javacapi.jar@0
INFO [org.netbeans.updater]: Copied file C:\Users\lukas.godayol-bonay\Desktop\Semestre2\M.Gil\MonPortFolioSIO\Collab\update\download\org-netbeans-libs-javacapi.nbm:netbeans/modules/org-netbeans-libs-javacapi.jar to C:\Users\lukas.godayol-bonay\Desktop\Semestre2\M.Gil\MonPortFolioSIO\Collab\modules\org-netbeans-libs-javacapi.jar
INFO [org.netbeans.updater]: File C:\Users\lukas.godayol-bonay\Desktop\Semestre2\M.Gil\MonPortFolioSIO\Collab\update\download\org-netbeans-libs-javacapi.nbm deleted.
INFO [org.netbeans.updater]: Use XML Transformer: com.sun.org.apache.xalan.internal.xsltc.trax.TransformerImpl@7044cbbf
INFO [org.netbeans.updater]: File C:\Users\lukas.godayol-bonay\Desktop\Semestre2\M.Gil\MonPortFolioSIO\Collab\update_tracking\org-netbeans-libs-javacapi.xml modified.
INFO [org.netbeans.updater]: File installed C:\Users\lukas.godayol-bonay\Desktop\Semestre2\M.Gil\MonPortFolioSIO\Collab\update_tracking\org-netbeans-libs-javacapi.xml@0
INFO [org.netbeans.updater]: 780: Unpacking org-netbeans-modules-j2ee-metadata.nbm
INFO [org.netbeans.modules.progress.spi.InternalHandle]: Cannot process more work than scheduled. Progress handle with name "Installing plugins..." has requested progress to workunit no.80 but the total number of workunits is 1. That means the progress bar UI will not display real progress and will stay at 100%.
java.lang.IllegalArgumentException
[catch] at org.netbeans.modules.progress.spi.InternalHandle.progress(InternalHandle.java:329)
	at org.netbeans.api.progress.ProgressHandle.progress(ProgressHandle.java:264)
	at org.netbeans.modules.autoupdate.services.InstallSupportImpl$RefreshModulesListener.propertyChange(InstallSupportImpl.java:1261)
	at org.netbeans.updater.UpdaterInternal$1Context.firePropertyChange(UpdaterInternal.java:97)
	at org.netbeans.updater.UpdaterInternal$1Context.unpackingIsRunning(UpdaterInternal.java:64)
	at org.netbeans.updater.ModuleUpdater.unpack(ModuleUpdater.java:311)
	at org.netbeans.updater.ModuleUpdater.run(ModuleUpdater.java:118)
INFO [org.netbeans.updater]: File installed C:\Users\lukas.godayol-bonay\Desktop\Semestre2\M.Gil\MonPortFolioSIO\Collab\config\Modules\org-netbeans-modules-j2ee-metadata.xml@0
INFO [org.netbeans.updater]: Copied file C:\Users\lukas.godayol-bonay\Desktop\Semestre2\M.Gil\MonPortFolioSIO\Collab\update\download\org-netbeans-modules-j2ee-metadata.nbm:netbeans/config/Modules/org-netbeans-modules-j2ee-metadata.xml to C:\Users\lukas.godayol-bonay\Desktop\Semestre2\M.Gil\MonPortFolioSIO\Collab\config\Modules\org-netbeans-modules-j2ee-metadata.xml
INFO [org.netbeans.updater]: File installed C:\Users\lukas.godayol-bonay\Desktop\Semestre2\M.Gil\MonPortFolioSIO\Collab\modules\org-netbeans-modules-j2ee-metadata.jar@0
INFO [org.netbeans.updater]: Copied file C:\Users\lukas.godayol-bonay\Desktop\Semestre2\M.Gil\MonPortFolioSIO\Collab\update\download\org-netbeans-modules-j2ee-metadata.nbm:netbeans/modules/org-netbeans-modules-j2ee-metadata.jar to C:\Users\lukas.godayol-bonay\Desktop\Semestre2\M.Gil\MonPortFolioSIO\Collab\modules\org-netbeans-modules-j2ee-metadata.jar
INFO [org.netbeans.updater]: File C:\Users\lukas.godayol-bonay\Desktop\Semestre2\M.Gil\MonPortFolioSIO\Collab\update\download\org-netbeans-modules-j2ee-metadata.nbm deleted.
INFO [org.netbeans.updater]: Use XML Transformer: com.sun.org.apache.xalan.internal.xsltc.trax.TransformerImpl@191e2762
INFO [org.netbeans.updater]: File C:\Users\lukas.godayol-bonay\Desktop\Semestre2\M.Gil\MonPortFolioSIO\Collab\update_tracking\org-netbeans-modules-j2ee-metadata.xml modified.
INFO [org.netbeans.updater]: File installed C:\Users\lukas.godayol-bonay\Desktop\Semestre2\M.Gil\MonPortFolioSIO\Collab\update_tracking\org-netbeans-modules-j2ee-metadata.xml@0
INFO [org.netbeans.updater]: 780: Unpacking org-netbeans-modules-websvc-jaxwsmodel.nbm
INFO [org.netbeans.modules.progress.spi.InternalHandle]: Cannot process more work than scheduled. Progress handle with name "Installing plugins..." has requested progress to workunit no.81 but the total number of workunits is 1. That means the progress bar UI will not display real progress and will stay at 100%.
java.lang.IllegalArgumentException
[catch] at org.netbeans.modules.progress.spi.InternalHandle.progress(InternalHandle.java:329)
	at org.netbeans.api.progress.ProgressHandle.progress(ProgressHandle.java:264)
	at org.netbeans.modules.autoupdate.services.InstallSupportImpl$RefreshModulesListener.propertyChange(InstallSupportImpl.java:1261)
	at org.netbeans.updater.UpdaterInternal$1Context.firePropertyChange(UpdaterInternal.java:97)
	at org.netbeans.updater.UpdaterInternal$1Context.unpackingIsRunning(UpdaterInternal.java:64)
	at org.netbeans.updater.ModuleUpdater.unpack(ModuleUpdater.java:311)
	at org.netbeans.updater.ModuleUpdater.run(ModuleUpdater.java:118)
INFO [org.netbeans.updater]: File installed C:\Users\lukas.godayol-bonay\Desktop\Semestre2\M.Gil\MonPortFolioSIO\Collab\config\Modules\org-netbeans-modules-websvc-jaxwsmodel.xml@0
INFO [org.netbeans.updater]: Copied file C:\Users\lukas.godayol-bonay\Desktop\Semestre2\M.Gil\MonPortFolioSIO\Collab\update\download\org-netbeans-modules-websvc-jaxwsmodel.nbm:netbeans/config/Modules/org-netbeans-modules-websvc-jaxwsmodel.xml to C:\Users\lukas.godayol-bonay\Desktop\Semestre2\M.Gil\MonPortFolioSIO\Collab\config\Modules\org-netbeans-modules-websvc-jaxwsmodel.xml
INFO [org.netbeans.updater]: File installed C:\Users\lukas.godayol-bonay\Desktop\Semestre2\M.Gil\MonPortFolioSIO\Collab\modules\org-netbeans-modules-websvc-jaxwsmodel.jar@0
INFO [org.netbeans.updater]: Copied file C:\Users\lukas.godayol-bonay\Desktop\Semestre2\M.Gil\MonPortFolioSIO\Collab\update\download\org-netbeans-modules-websvc-jaxwsmodel.nbm:netbeans/modules/org-netbeans-modules-websvc-jaxwsmodel.jar to C:\Users\lukas.godayol-bonay\Desktop\Semestre2\M.Gil\MonPortFolioSIO\Collab\modules\org-netbeans-modules-websvc-jaxwsmodel.jar
INFO [org.netbeans.updater]: File C:\Users\lukas.godayol-bonay\Desktop\Semestre2\M.Gil\MonPortFolioSIO\Collab\update\download\org-netbeans-modules-websvc-jaxwsmodel.nbm deleted.
INFO [org.netbeans.updater]: Use XML Transformer: com.sun.org.apache.xalan.internal.xsltc.trax.TransformerImpl@4dffdd73
INFO [org.netbeans.updater]: File C:\Users\lukas.godayol-bonay\Desktop\Semestre2\M.Gil\MonPortFolioSIO\Collab\update_tracking\org-netbeans-modules-websvc-jaxwsmodel.xml modified.
INFO [org.netbeans.updater]: File installed C:\Users\lukas.godayol-bonay\Desktop\Semestre2\M.Gil\MonPortFolioSIO\Collab\update_tracking\org-netbeans-modules-websvc-jaxwsmodel.xml@0
INFO [org.netbeans.updater]: 780: Unpacking org-netbeans-modules-java-editor-base.nbm
INFO [org.netbeans.modules.progress.spi.InternalHandle]: Cannot process more work than scheduled. Progress handle with name "Installing plugins..." has requested progress to workunit no.82 but the total number of workunits is 1. That means the progress bar UI will not display real progress and will stay at 100%.
java.lang.IllegalArgumentException
[catch] at org.netbeans.modules.progress.spi.InternalHandle.progress(InternalHandle.java:329)
	at org.netbeans.api.progress.ProgressHandle.progress(ProgressHandle.java:264)
	at org.netbeans.modules.autoupdate.services.InstallSupportImpl$RefreshModulesListener.propertyChange(InstallSupportImpl.java:1261)
	at org.netbeans.updater.UpdaterInternal$1Context.firePropertyChange(UpdaterInternal.java:97)
	at org.netbeans.updater.UpdaterInternal$1Context.unpackingIsRunning(UpdaterInternal.java:64)
	at org.netbeans.updater.ModuleUpdater.unpack(ModuleUpdater.java:311)
	at org.netbeans.updater.ModuleUpdater.run(ModuleUpdater.java:118)
INFO [org.netbeans.updater]: File installed C:\Users\lukas.godayol-bonay\Desktop\Semestre2\M.Gil\MonPortFolioSIO\Collab\config\Modules\org-netbeans-modules-java-editor-base.xml@0
INFO [org.netbeans.updater]: Copied file C:\Users\lukas.godayol-bonay\Desktop\Semestre2\M.Gil\MonPortFolioSIO\Collab\update\download\org-netbeans-modules-java-editor-base.nbm:netbeans/config/Modules/org-netbeans-modules-java-editor-base.xml to C:\Users\lukas.godayol-bonay\Desktop\Semestre2\M.Gil\MonPortFolioSIO\Collab\config\Modules\org-netbeans-modules-java-editor-base.xml
INFO [org.netbeans.updater]: File installed C:\Users\lukas.godayol-bonay\Desktop\Semestre2\M.Gil\MonPortFolioSIO\Collab\modules\org-netbeans-modules-java-editor-base.jar@0
INFO [org.netbeans.updater]: Copied file C:\Users\lukas.godayol-bonay\Desktop\Semestre2\M.Gil\MonPortFolioSIO\Collab\update\download\org-netbeans-modules-java-editor-base.nbm:netbeans/modules/org-netbeans-modules-java-editor-base.jar to C:\Users\lukas.godayol-bonay\Desktop\Semestre2\M.Gil\MonPortFolioSIO\Collab\modules\org-netbeans-modules-java-editor-base.jar
INFO [org.netbeans.updater]: File C:\Users\lukas.godayol-bonay\Desktop\Semestre2\M.Gil\MonPortFolioSIO\Collab\update\download\org-netbeans-modules-java-editor-base.nbm deleted.
INFO [org.netbeans.updater]: Use XML Transformer: com.sun.org.apache.xalan.internal.xsltc.trax.TransformerImpl@23d6235e
INFO [org.netbeans.updater]: File C:\Users\lukas.godayol-bonay\Desktop\Semestre2\M.Gil\MonPortFolioSIO\Collab\update_tracking\org-netbeans-modules-java-editor-base.xml modified.
INFO [org.netbeans.updater]: File installed C:\Users\lukas.godayol-bonay\Desktop\Semestre2\M.Gil\MonPortFolioSIO\Collab\update_tracking\org-netbeans-modules-java-editor-base.xml@0
INFO [org.netbeans.updater]: 780: Unpacking org-netbeans-modules-libs-corba-omgapi.nbm
INFO [org.netbeans.modules.progress.spi.InternalHandle]: Cannot process more work than scheduled. Progress handle with name "Installing plugins..." has requested progress to workunit no.83 but the total number of workunits is 1. That means the progress bar UI will not display real progress and will stay at 100%.
java.lang.IllegalArgumentException
[catch] at org.netbeans.modules.progress.spi.InternalHandle.progress(InternalHandle.java:329)
	at org.netbeans.api.progress.ProgressHandle.progress(ProgressHandle.java:264)
	at org.netbeans.modules.autoupdate.services.InstallSupportImpl$RefreshModulesListener.propertyChange(InstallSupportImpl.java:1261)
	at org.netbeans.updater.UpdaterInternal$1Context.firePropertyChange(UpdaterInternal.java:97)
	at org.netbeans.updater.UpdaterInternal$1Context.unpackingIsRunning(UpdaterInternal.java:64)
	at org.netbeans.updater.ModuleUpdater.unpack(ModuleUpdater.java:311)
	at org.netbeans.updater.ModuleUpdater.run(ModuleUpdater.java:118)
INFO [org.netbeans.updater]: File installed C:\Users\lukas.godayol-bonay\Desktop\Semestre2\M.Gil\MonPortFolioSIO\Collab\config\Modules\org-netbeans-modules-libs-corba-omgapi.xml@0
INFO [org.netbeans.updater]: Copied file C:\Users\lukas.godayol-bonay\Desktop\Semestre2\M.Gil\MonPortFolioSIO\Collab\update\download\org-netbeans-modules-libs-corba-omgapi.nbm:netbeans/config/Modules/org-netbeans-modules-libs-corba-omgapi.xml to C:\Users\lukas.godayol-bonay\Desktop\Semestre2\M.Gil\MonPortFolioSIO\Collab\config\Modules\org-netbeans-modules-libs-corba-omgapi.xml
INFO [org.netbeans.updater]: File installed C:\Users\lukas.godayol-bonay\Desktop\Semestre2\M.Gil\MonPortFolioSIO\Collab\modules\ext\corba\omgapi\glassfish-corba-omgapi.jar@0
INFO [org.netbeans.updater]: Copied file C:\Users\lukas.godayol-bonay\Desktop\Semestre2\M.Gil\MonPortFolioSIO\Collab\update\download\org-netbeans-modules-libs-corba-omgapi.nbm:netbeans/modules/ext/corba/omgapi/glassfish-corba-omgapi.jar to C:\Users\lukas.godayol-bonay\Desktop\Semestre2\M.Gil\MonPortFolioSIO\Collab\modules\ext\corba\omgapi\glassfish-corba-omgapi.jar
INFO [org.netbeans.updater]: File installed C:\Users\lukas.godayol-bonay\Desktop\Semestre2\M.Gil\MonPortFolioSIO\Collab\modules\org-netbeans-modules-libs-corba-omgapi.jar@0
INFO [org.netbeans.updater]: Copied file C:\Users\lukas.godayol-bonay\Desktop\Semestre2\M.Gil\MonPortFolioSIO\Collab\update\download\org-netbeans-modules-libs-corba-omgapi.nbm:netbeans/modules/org-netbeans-modules-libs-corba-omgapi.jar to C:\Users\lukas.godayol-bonay\Desktop\Semestre2\M.Gil\MonPortFolioSIO\Collab\modules\org-netbeans-modules-libs-corba-omgapi.jar
INFO [org.netbeans.updater]: File C:\Users\lukas.godayol-bonay\Desktop\Semestre2\M.Gil\MonPortFolioSIO\Collab\update\download\org-netbeans-modules-libs-corba-omgapi.nbm deleted.
INFO [org.netbeans.updater]: Use XML Transformer: com.sun.org.apache.xalan.internal.xsltc.trax.TransformerImpl@95e5b18
INFO [org.netbeans.updater]: File C:\Users\lukas.godayol-bonay\Desktop\Semestre2\M.Gil\MonPortFolioSIO\Collab\update_tracking\org-netbeans-modules-libs-corba-omgapi.xml modified.
INFO [org.netbeans.updater]: File installed C:\Users\lukas.godayol-bonay\Desktop\Semestre2\M.Gil\MonPortFolioSIO\Collab\update_tracking\org-netbeans-modules-libs-corba-omgapi.xml@0
INFO [org.netbeans.updater]: 780: Unpacking org-netbeans-modules-maven-indexer-ui.nbm
INFO [org.netbeans.modules.progress.spi.InternalHandle]: Cannot process more work than scheduled. Progress handle with name "Installing plugins..." has requested progress to workunit no.84 but the total number of workunits is 1. That means the progress bar UI will not display real progress and will stay at 100%.
java.lang.IllegalArgumentException
[catch] at org.netbeans.modules.progress.spi.InternalHandle.progress(InternalHandle.java:329)
	at org.netbeans.api.progress.ProgressHandle.progress(ProgressHandle.java:264)
	at org.netbeans.modules.autoupdate.services.InstallSupportImpl$RefreshModulesListener.propertyChange(InstallSupportImpl.java:1261)
	at org.netbeans.updater.UpdaterInternal$1Context.firePropertyChange(UpdaterInternal.java:97)
	at org.netbeans.updater.UpdaterInternal$1Context.unpackingIsRunning(UpdaterInternal.java:64)
	at org.netbeans.updater.ModuleUpdater.unpack(ModuleUpdater.java:311)
	at org.netbeans.updater.ModuleUpdater.run(ModuleUpdater.java:118)
INFO [org.netbeans.updater]: File installed C:\Users\lukas.godayol-bonay\Desktop\Semestre2\M.Gil\MonPortFolioSIO\Collab\config\Modules\org-netbeans-modules-maven-indexer-ui.xml@0
INFO [org.netbeans.updater]: Copied file C:\Users\lukas.godayol-bonay\Desktop\Semestre2\M.Gil\MonPortFolioSIO\Collab\update\download\org-netbeans-modules-maven-indexer-ui.nbm:netbeans/config/Modules/org-netbeans-modules-maven-indexer-ui.xml to C:\Users\lukas.godayol-bonay\Desktop\Semestre2\M.Gil\MonPortFolioSIO\Collab\config\Modules\org-netbeans-modules-maven-indexer-ui.xml
INFO [org.netbeans.updater]: File installed C:\Users\lukas.godayol-bonay\Desktop\Semestre2\M.Gil\MonPortFolioSIO\Collab\modules\org-netbeans-modules-maven-indexer-ui.jar@0
INFO [org.netbeans.updater]: Copied file C:\Users\lukas.godayol-bonay\Desktop\Semestre2\M.Gil\MonPortFolioSIO\Collab\update\download\org-netbeans-modules-maven-indexer-ui.nbm:netbeans/modules/org-netbeans-modules-maven-indexer-ui.jar to C:\Users\lukas.godayol-bonay\Desktop\Semestre2\M.Gil\MonPortFolioSIO\Collab\modules\org-netbeans-modules-maven-indexer-ui.jar
INFO [org.netbeans.updater]: File C:\Users\lukas.godayol-bonay\Desktop\Semestre2\M.Gil\MonPortFolioSIO\Collab\update\download\org-netbeans-modules-maven-indexer-ui.nbm deleted.
INFO [org.netbeans.updater]: Use XML Transformer: com.sun.org.apache.xalan.internal.xsltc.trax.TransformerImpl@5fa18075
INFO [org.netbeans.updater]: File C:\Users\lukas.godayol-bonay\Desktop\Semestre2\M.Gil\MonPortFolioSIO\Collab\update_tracking\org-netbeans-modules-maven-indexer-ui.xml modified.
INFO [org.netbeans.updater]: File installed C:\Users\lukas.godayol-bonay\Desktop\Semestre2\M.Gil\MonPortFolioSIO\Collab\update_tracking\org-netbeans-modules-maven-indexer-ui.xml@0
INFO [org.netbeans.updater]: 780: Unpacking org-netbeans-modules-glassfish-eecommon.nbm
INFO [org.netbeans.modules.progress.spi.InternalHandle]: Cannot process more work than scheduled. Progress handle with name "Installing plugins..." has requested progress to workunit no.85 but the total number of workunits is 1. That means the progress bar UI will not display real progress and will stay at 100%.
java.lang.IllegalArgumentException
[catch] at org.netbeans.modules.progress.spi.InternalHandle.progress(InternalHandle.java:329)
	at org.netbeans.api.progress.ProgressHandle.progress(ProgressHandle.java:264)
	at org.netbeans.modules.autoupdate.services.InstallSupportImpl$RefreshModulesListener.propertyChange(InstallSupportImpl.java:1261)
	at org.netbeans.updater.UpdaterInternal$1Context.firePropertyChange(UpdaterInternal.java:97)
	at org.netbeans.updater.UpdaterInternal$1Context.unpackingIsRunning(UpdaterInternal.java:64)
	at org.netbeans.updater.ModuleUpdater.unpack(ModuleUpdater.java:311)
	at org.netbeans.updater.ModuleUpdater.run(ModuleUpdater.java:118)
INFO [org.netbeans.updater]: File installed C:\Users\lukas.godayol-bonay\Desktop\Semestre2\M.Gil\MonPortFolioSIO\Collab\config\Modules\org-netbeans-modules-glassfish-eecommon.xml@0
INFO [org.netbeans.updater]: Copied file C:\Users\lukas.godayol-bonay\Desktop\Semestre2\M.Gil\MonPortFolioSIO\Collab\update\download\org-netbeans-modules-glassfish-eecommon.nbm:netbeans/config/Modules/org-netbeans-modules-glassfish-eecommon.xml to C:\Users\lukas.godayol-bonay\Desktop\Semestre2\M.Gil\MonPortFolioSIO\Collab\config\Modules\org-netbeans-modules-glassfish-eecommon.xml
INFO [org.netbeans.updater]: File installed C:\Users\lukas.godayol-bonay\Desktop\Semestre2\M.Gil\MonPortFolioSIO\Collab\modules\org-netbeans-modules-glassfish-eecommon.jar@0
INFO [org.netbeans.updater]: Copied file C:\Users\lukas.godayol-bonay\Desktop\Semestre2\M.Gil\MonPortFolioSIO\Collab\update\download\org-netbeans-modules-glassfish-eecommon.nbm:netbeans/modules/org-netbeans-modules-glassfish-eecommon.jar to C:\Users\lukas.godayol-bonay\Desktop\Semestre2\M.Gil\MonPortFolioSIO\Collab\modules\org-netbeans-modules-glassfish-eecommon.jar
INFO [org.netbeans.updater]: File C:\Users\lukas.godayol-bonay\Desktop\Semestre2\M.Gil\MonPortFolioSIO\Collab\update\download\org-netbeans-modules-glassfish-eecommon.nbm deleted.
INFO [org.netbeans.updater]: Use XML Transformer: com.sun.org.apache.xalan.internal.xsltc.trax.TransformerImpl@716eefb2
INFO [org.netbeans.updater]: File C:\Users\lukas.godayol-bonay\Desktop\Semestre2\M.Gil\MonPortFolioSIO\Collab\update_tracking\org-netbeans-modules-glassfish-eecommon.xml modified.
INFO [org.netbeans.updater]: File installed C:\Users\lukas.godayol-bonay\Desktop\Semestre2\M.Gil\MonPortFolioSIO\Collab\update_tracking\org-netbeans-modules-glassfish-eecommon.xml@0
INFO [org.netbeans.updater]: 780: Unpacking org-netbeans-modules-cloud-oracle.nbm
INFO [org.netbeans.modules.progress.spi.InternalHandle]: Cannot process more work than scheduled. Progress handle with name "Installing plugins..." has requested progress to workunit no.86 but the total number of workunits is 1. That means the progress bar UI will not display real progress and will stay at 100%.
java.lang.IllegalArgumentException
[catch] at org.netbeans.modules.progress.spi.InternalHandle.progress(InternalHandle.java:329)
	at org.netbeans.api.progress.ProgressHandle.progress(ProgressHandle.java:264)
	at org.netbeans.modules.autoupdate.services.InstallSupportImpl$RefreshModulesListener.propertyChange(InstallSupportImpl.java:1261)
	at org.netbeans.updater.UpdaterInternal$1Context.firePropertyChange(UpdaterInternal.java:97)
	at org.netbeans.updater.UpdaterInternal$1Context.unpackingIsRunning(UpdaterInternal.java:64)
	at org.netbeans.updater.ModuleUpdater.unpack(ModuleUpdater.java:311)
	at org.netbeans.updater.ModuleUpdater.run(ModuleUpdater.java:118)
INFO [org.netbeans.updater]: File installed C:\Users\lukas.godayol-bonay\Desktop\Semestre2\M.Gil\MonPortFolioSIO\Collab\config\Modules\org-netbeans-modules-cloud-oracle.xml@0
INFO [org.netbeans.updater]: Copied file C:\Users\lukas.godayol-bonay\Desktop\Semestre2\M.Gil\MonPortFolioSIO\Collab\update\download\org-netbeans-modules-cloud-oracle.nbm:netbeans/config/Modules/org-netbeans-modules-cloud-oracle.xml to C:\Users\lukas.godayol-bonay\Desktop\Semestre2\M.Gil\MonPortFolioSIO\Collab\config\Modules\org-netbeans-modules-cloud-oracle.xml
INFO [org.netbeans.updater]: File installed C:\Users\lukas.godayol-bonay\Desktop\Semestre2\M.Gil\MonPortFolioSIO\Collab\modules\ext\httpclient-4.5.13.jar@0
INFO [org.netbeans.updater]: Copied file C:\Users\lukas.godayol-bonay\Desktop\Semestre2\M.Gil\MonPortFolioSIO\Collab\update\download\org-netbeans-modules-cloud-oracle.nbm:netbeans/modules/ext/httpclient-4.5.13.jar to C:\Users\lukas.godayol-bonay\Desktop\Semestre2\M.Gil\MonPortFolioSIO\Collab\modules\ext\httpclient-4.5.13.jar
INFO [org.netbeans.updater]: File installed C:\Users\lukas.godayol-bonay\Desktop\Semestre2\M.Gil\MonPortFolioSIO\Collab\modules\ext\httpcore-4.4.13.jar@0
INFO [org.netbeans.updater]: Copied file C:\Users\lukas.godayol-bonay\Desktop\Semestre2\M.Gil\MonPortFolioSIO\Collab\update\download\org-netbeans-modules-cloud-oracle.nbm:netbeans/modules/ext/httpcore-4.4.13.jar to C:\Users\lukas.godayol-bonay\Desktop\Semestre2\M.Gil\MonPortFolioSIO\Collab\modules\ext\httpcore-4.4.13.jar
INFO [org.netbeans.updater]: File installed C:\Users\lukas.godayol-bonay\Desktop\Semestre2\M.Gil\MonPortFolioSIO\Collab\modules\ext\javassist-3.25.0-GA.jar@0
INFO [org.netbeans.updater]: Copied file C:\Users\lukas.godayol-bonay\Desktop\Semestre2\M.Gil\MonPortFolioSIO\Collab\update\download\org-netbeans-modules-cloud-oracle.nbm:netbeans/modules/ext/javassist-3.25.0-GA.jar to C:\Users\lukas.godayol-bonay\Desktop\Semestre2\M.Gil\MonPortFolioSIO\Collab\modules\ext\javassist-3.25.0-GA.jar
INFO [org.netbeans.updater]: File installed C:\Users\lukas.godayol-bonay\Desktop\Semestre2\M.Gil\MonPortFolioSIO\Collab\modules\ext\oci-java-sdk-addons-apache-configurator-jersey-3.9.0.jar@0
INFO [org.netbeans.updater]: Copied file C:\Users\lukas.godayol-bonay\Desktop\Semestre2\M.Gil\MonPortFolioSIO\Collab\update\download\org-netbeans-modules-cloud-oracle.nbm:netbeans/modules/ext/oci-java-sdk-addons-apache-configurator-jersey-3.9.0.jar to C:\Users\lukas.godayol-bonay\Desktop\Semestre2\M.Gil\MonPortFolioSIO\Collab\modules\ext\oci-java-sdk-addons-apache-configurator-jersey-3.9.0.jar
INFO [org.netbeans.updater]: File installed C:\Users\lukas.godayol-bonay\Desktop\Semestre2\M.Gil\MonPortFolioSIO\Collab\modules\ext\oci-java-sdk-adm-3.9.0.jar@0
INFO [org.netbeans.updater]: Copied file C:\Users\lukas.godayol-bonay\Desktop\Semestre2\M.Gil\MonPortFolioSIO\Collab\update\download\org-netbeans-modules-cloud-oracle.nbm:netbeans/modules/ext/oci-java-sdk-adm-3.9.0.jar to C:\Users\lukas.godayol-bonay\Desktop\Semestre2\M.Gil\MonPortFolioSIO\Collab\modules\ext\oci-java-sdk-adm-3.9.0.jar
INFO [org.netbeans.updater]: File installed C:\Users\lukas.godayol-bonay\Desktop\Semestre2\M.Gil\MonPortFolioSIO\Collab\modules\ext\oci-java-sdk-circuitbreaker-3.9.0.jar@0
INFO [org.netbeans.updater]: Copied file C:\Users\lukas.godayol-bonay\Desktop\Semestre2\M.Gil\MonPortFolioSIO\Collab\update\download\org-netbeans-modules-cloud-oracle.nbm:netbeans/modules/ext/oci-java-sdk-circuitbreaker-3.9.0.jar to C:\Users\lukas.godayol-bonay\Desktop\Semestre2\M.Gil\MonPortFolioSIO\Collab\modules\ext\oci-java-sdk-circuitbreaker-3.9.0.jar
INFO [org.netbeans.updater]: File installed C:\Users\lukas.godayol-bonay\Desktop\Semestre2\M.Gil\MonPortFolioSIO\Collab\modules\ext\oci-java-sdk-common-3.9.0.jar@0
INFO [org.netbeans.updater]: Copied file C:\Users\lukas.godayol-bonay\Desktop\Semestre2\M.Gil\MonPortFolioSIO\Collab\update\download\org-netbeans-modules-cloud-oracle.nbm:netbeans/modules/ext/oci-java-sdk-common-3.9.0.jar to C:\Users\lukas.godayol-bonay\Desktop\Semestre2\M.Gil\MonPortFolioSIO\Collab\modules\ext\oci-java-sdk-common-3.9.0.jar
INFO [org.netbeans.updater]: File installed C:\Users\lukas.godayol-bonay\Desktop\Semestre2\M.Gil\MonPortFolioSIO\Collab\modules\ext\oci-java-sdk-common-httpclient-3.9.0.jar@0
INFO [org.netbeans.updater]: Copied file C:\Users\lukas.godayol-bonay\Desktop\Semestre2\M.Gil\MonPortFolioSIO\Collab\update\download\org-netbeans-modules-cloud-oracle.nbm:netbeans/modules/ext/oci-java-sdk-common-httpclient-3.9.0.jar to C:\Users\lukas.godayol-bonay\Desktop\Semestre2\M.Gil\MonPortFolioSIO\Collab\modules\ext\oci-java-sdk-common-httpclient-3.9.0.jar
INFO [org.netbeans.updater]: File installed C:\Users\lukas.godayol-bonay\Desktop\Semestre2\M.Gil\MonPortFolioSIO\Collab\modules\ext\oci-java-sdk-common-httpclient-jersey-3.9.0.jar@0
INFO [org.netbeans.updater]: Copied file C:\Users\lukas.godayol-bonay\Desktop\Semestre2\M.Gil\MonPortFolioSIO\Collab\update\download\org-netbeans-modules-cloud-oracle.nbm:netbeans/modules/ext/oci-java-sdk-common-httpclient-jersey-3.9.0.jar to C:\Users\lukas.godayol-bonay\Desktop\Semestre2\M.Gil\MonPortFolioSIO\Collab\modules\ext\oci-java-sdk-common-httpclient-jersey-3.9.0.jar
INFO [org.netbeans.updater]: File installed C:\Users\lukas.godayol-bonay\Desktop\Semestre2\M.Gil\MonPortFolioSIO\Collab\modules\ext\oci-java-sdk-database-3.9.0.jar@0
INFO [org.netbeans.updater]: Copied file C:\Users\lukas.godayol-bonay\Desktop\Semestre2\M.Gil\MonPortFolioSIO\Collab\update\download\org-netbeans-modules-cloud-oracle.nbm:netbeans/modules/ext/oci-java-sdk-database-3.9.0.jar to C:\Users\lukas.godayol-bonay\Desktop\Semestre2\M.Gil\MonPortFolioSIO\Collab\modules\ext\oci-java-sdk-database-3.9.0.jar
INFO [org.netbeans.updater]: File installed C:\Users\lukas.godayol-bonay\Desktop\Semestre2\M.Gil\MonPortFolioSIO\Collab\modules\ext\oci-java-sdk-devops-3.9.0.jar@0
INFO [org.netbeans.updater]: Copied file C:\Users\lukas.godayol-bonay\Desktop\Semestre2\M.Gil\MonPortFolioSIO\Collab\update\download\org-netbeans-modules-cloud-oracle.nbm:netbeans/modules/ext/oci-java-sdk-devops-3.9.0.jar to C:\Users\lukas.godayol-bonay\Desktop\Semestre2\M.Gil\MonPortFolioSIO\Collab\modules\ext\oci-java-sdk-devops-3.9.0.jar
INFO [org.netbeans.updater]: File installed C:\Users\lukas.godayol-bonay\Desktop\Semestre2\M.Gil\MonPortFolioSIO\Collab\modules\ext\oci-java-sdk-identity-3.9.0.jar@0
INFO [org.netbeans.updater]: Copied file C:\Users\lukas.godayol-bonay\Desktop\Semestre2\M.Gil\MonPortFolioSIO\Collab\update\download\org-netbeans-modules-cloud-oracle.nbm:netbeans/modules/ext/oci-java-sdk-identity-3.9.0.jar to C:\Users\lukas.godayol-bonay\Desktop\Semestre2\M.Gil\MonPortFolioSIO\Collab\modules\ext\oci-java-sdk-identity-3.9.0.jar
INFO [org.netbeans.updater]: File installed C:\Users\lukas.godayol-bonay\Desktop\Semestre2\M.Gil\MonPortFolioSIO\Collab\modules\ext\oci-java-sdk-workrequests-3.9.0.jar@0
INFO [org.netbeans.updater]: Copied file C:\Users\lukas.godayol-bonay\Desktop\Semestre2\M.Gil\MonPortFolioSIO\Collab\update\download\org-netbeans-modules-cloud-oracle.nbm:netbeans/modules/ext/oci-java-sdk-workrequests-3.9.0.jar to C:\Users\lukas.godayol-bonay\Desktop\Semestre2\M.Gil\MonPortFolioSIO\Collab\modules\ext\oci-java-sdk-workrequests-3.9.0.jar
INFO [org.netbeans.updater]: File installed C:\Users\lukas.godayol-bonay\Desktop\Semestre2\M.Gil\MonPortFolioSIO\Collab\modules\ext\resilience4j-circuitbreaker-1.7.1.jar@0
INFO [org.netbeans.updater]: Copied file C:\Users\lukas.godayol-bonay\Desktop\Semestre2\M.Gil\MonPortFolioSIO\Collab\update\download\org-netbeans-modules-cloud-oracle.nbm:netbeans/modules/ext/resilience4j-circuitbreaker-1.7.1.jar to C:\Users\lukas.godayol-bonay\Desktop\Semestre2\M.Gil\MonPortFolioSIO\Collab\modules\ext\resilience4j-circuitbreaker-1.7.1.jar
INFO [org.netbeans.updater]: File installed C:\Users\lukas.godayol-bonay\Desktop\Semestre2\M.Gil\MonPortFolioSIO\Collab\modules\ext\resilience4j-core-1.7.1.jar@0
INFO [org.netbeans.updater]: Copied file C:\Users\lukas.godayol-bonay\Desktop\Semestre2\M.Gil\MonPortFolioSIO\Collab\update\download\org-netbeans-modules-cloud-oracle.nbm:netbeans/modules/ext/resilience4j-core-1.7.1.jar to C:\Users\lukas.godayol-bonay\Desktop\Semestre2\M.Gil\MonPortFolioSIO\Collab\modules\ext\resilience4j-core-1.7.1.jar
INFO [org.netbeans.updater]: File installed C:\Users\lukas.godayol-bonay\Desktop\Semestre2\M.Gil\MonPortFolioSIO\Collab\modules\ext\vavr-0.10.2.jar@0
INFO [org.netbeans.updater]: Copied file C:\Users\lukas.godayol-bonay\Desktop\Semestre2\M.Gil\MonPortFolioSIO\Collab\update\download\org-netbeans-modules-cloud-oracle.nbm:netbeans/modules/ext/vavr-0.10.2.jar to C:\Users\lukas.godayol-bonay\Desktop\Semestre2\M.Gil\MonPortFolioSIO\Collab\modules\ext\vavr-0.10.2.jar
INFO [org.netbeans.updater]: File installed C:\Users\lukas.godayol-bonay\Desktop\Semestre2\M.Gil\MonPortFolioSIO\Collab\modules\ext\vavr-match-0.10.2.jar@0
INFO [org.netbeans.updater]: Copied file C:\Users\lukas.godayol-bonay\Desktop\Semestre2\M.Gil\MonPortFolioSIO\Collab\update\download\org-netbeans-modules-cloud-oracle.nbm:netbeans/modules/ext/vavr-match-0.10.2.jar to C:\Users\lukas.godayol-bonay\Desktop\Semestre2\M.Gil\MonPortFolioSIO\Collab\modules\ext\vavr-match-0.10.2.jar
INFO [org.netbeans.updater]: File installed C:\Users\lukas.godayol-bonay\Desktop\Semestre2\M.Gil\MonPortFolioSIO\Collab\modules\org-netbeans-modules-cloud-oracle.jar@0
INFO [org.netbeans.updater]: Copied file C:\Users\lukas.godayol-bonay\Desktop\Semestre2\M.Gil\MonPortFolioSIO\Collab\update\download\org-netbeans-modules-cloud-oracle.nbm:netbeans/modules/org-netbeans-modules-cloud-oracle.jar to C:\Users\lukas.godayol-bonay\Desktop\Semestre2\M.Gil\MonPortFolioSIO\Collab\modules\org-netbeans-modules-cloud-oracle.jar
INFO [org.netbeans.updater]: File C:\Users\lukas.godayol-bonay\Desktop\Semestre2\M.Gil\MonPortFolioSIO\Collab\update\download\org-netbeans-modules-cloud-oracle.nbm deleted.
INFO [org.netbeans.updater]: Use XML Transformer: com.sun.org.apache.xalan.internal.xsltc.trax.TransformerImpl@78eb5172
INFO [org.netbeans.updater]: File C:\Users\lukas.godayol-bonay\Desktop\Semestre2\M.Gil\MonPortFolioSIO\Collab\update_tracking\org-netbeans-modules-cloud-oracle.xml modified.
INFO [org.netbeans.updater]: File installed C:\Users\lukas.godayol-bonay\Desktop\Semestre2\M.Gil\MonPortFolioSIO\Collab\update_tracking\org-netbeans-modules-cloud-oracle.xml@0
INFO [org.netbeans.updater]: 780: Unpacking org-netbeans-spi-java-hints.nbm
INFO [org.netbeans.modules.progress.spi.InternalHandle]: Cannot process more work than scheduled. Progress handle with name "Installing plugins..." has requested progress to workunit no.87 but the total number of workunits is 1. That means the progress bar UI will not display real progress and will stay at 100%.
java.lang.IllegalArgumentException
[catch] at org.netbeans.modules.progress.spi.InternalHandle.progress(InternalHandle.java:329)
	at org.netbeans.api.progress.ProgressHandle.progress(ProgressHandle.java:264)
	at org.netbeans.modules.autoupdate.services.InstallSupportImpl$RefreshModulesListener.propertyChange(InstallSupportImpl.java:1261)
	at org.netbeans.updater.UpdaterInternal$1Context.firePropertyChange(UpdaterInternal.java:97)
	at org.netbeans.updater.UpdaterInternal$1Context.unpackingIsRunning(UpdaterInternal.java:64)
	at org.netbeans.updater.ModuleUpdater.unpack(ModuleUpdater.java:311)
	at org.netbeans.updater.ModuleUpdater.run(ModuleUpdater.java:118)
INFO [org.netbeans.updater]: File installed C:\Users\lukas.godayol-bonay\Desktop\Semestre2\M.Gil\MonPortFolioSIO\Collab\config\Modules\org-netbeans-spi-java-hints.xml@0
INFO [org.netbeans.updater]: Copied file C:\Users\lukas.godayol-bonay\Desktop\Semestre2\M.Gil\MonPortFolioSIO\Collab\update\download\org-netbeans-spi-java-hints.nbm:netbeans/config/Modules/org-netbeans-spi-java-hints.xml to C:\Users\lukas.godayol-bonay\Desktop\Semestre2\M.Gil\MonPortFolioSIO\Collab\config\Modules\org-netbeans-spi-java-hints.xml
INFO [org.netbeans.updater]: File installed C:\Users\lukas.godayol-bonay\Desktop\Semestre2\M.Gil\MonPortFolioSIO\Collab\modules\org-netbeans-spi-java-hints.jar@0
INFO [org.netbeans.updater]: Copied file C:\Users\lukas.godayol-bonay\Desktop\Semestre2\M.Gil\MonPortFolioSIO\Collab\update\download\org-netbeans-spi-java-hints.nbm:netbeans/modules/org-netbeans-spi-java-hints.jar to C:\Users\lukas.godayol-bonay\Desktop\Semestre2\M.Gil\MonPortFolioSIO\Collab\modules\org-netbeans-spi-java-hints.jar
INFO [org.netbeans.updater]: File C:\Users\lukas.godayol-bonay\Desktop\Semestre2\M.Gil\MonPortFolioSIO\Collab\update\download\org-netbeans-spi-java-hints.nbm deleted.
INFO [org.netbeans.updater]: Use XML Transformer: com.sun.org.apache.xalan.internal.xsltc.trax.TransformerImpl@2e6b5966
INFO [org.netbeans.updater]: File C:\Users\lukas.godayol-bonay\Desktop\Semestre2\M.Gil\MonPortFolioSIO\Collab\update_tracking\org-netbeans-spi-java-hints.xml modified.
INFO [org.netbeans.updater]: File installed C:\Users\lukas.godayol-bonay\Desktop\Semestre2\M.Gil\MonPortFolioSIO\Collab\update_tracking\org-netbeans-spi-java-hints.xml@0
INFO [org.netbeans.updater]: 780: Unpacking org-netbeans-modules-javaee-injection.nbm
INFO [org.netbeans.modules.progress.spi.InternalHandle]: Cannot process more work than scheduled. Progress handle with name "Installing plugins..." has requested progress to workunit no.88 but the total number of workunits is 1. That means the progress bar UI will not display real progress and will stay at 100%.
java.lang.IllegalArgumentException
[catch] at org.netbeans.modules.progress.spi.InternalHandle.progress(InternalHandle.java:329)
	at org.netbeans.api.progress.ProgressHandle.progress(ProgressHandle.java:264)
	at org.netbeans.modules.autoupdate.services.InstallSupportImpl$RefreshModulesListener.propertyChange(InstallSupportImpl.java:1261)
	at org.netbeans.updater.UpdaterInternal$1Context.firePropertyChange(UpdaterInternal.java:97)
	at org.netbeans.updater.UpdaterInternal$1Context.unpackingIsRunning(UpdaterInternal.java:64)
	at org.netbeans.updater.ModuleUpdater.unpack(ModuleUpdater.java:311)
	at org.netbeans.updater.ModuleUpdater.run(ModuleUpdater.java:118)
INFO [org.netbeans.updater]: File installed C:\Users\lukas.godayol-bonay\Desktop\Semestre2\M.Gil\MonPortFolioSIO\Collab\config\Modules\org-netbeans-modules-javaee-injection.xml@0
INFO [org.netbeans.updater]: Copied file C:\Users\lukas.godayol-bonay\Desktop\Semestre2\M.Gil\MonPortFolioSIO\Collab\update\download\org-netbeans-modules-javaee-injection.nbm:netbeans/config/Modules/org-netbeans-modules-javaee-injection.xml to C:\Users\lukas.godayol-bonay\Desktop\Semestre2\M.Gil\MonPortFolioSIO\Collab\config\Modules\org-netbeans-modules-javaee-injection.xml
INFO [org.netbeans.updater]: File installed C:\Users\lukas.godayol-bonay\Desktop\Semestre2\M.Gil\MonPortFolioSIO\Collab\modules\org-netbeans-modules-javaee-injection.jar@0
INFO [org.netbeans.updater]: Copied file C:\Users\lukas.godayol-bonay\Desktop\Semestre2\M.Gil\MonPortFolioSIO\Collab\update\download\org-netbeans-modules-javaee-injection.nbm:netbeans/modules/org-netbeans-modules-javaee-injection.jar to C:\Users\lukas.godayol-bonay\Desktop\Semestre2\M.Gil\MonPortFolioSIO\Collab\modules\org-netbeans-modules-javaee-injection.jar
INFO [org.netbeans.updater]: File C:\Users\lukas.godayol-bonay\Desktop\Semestre2\M.Gil\MonPortFolioSIO\Collab\update\download\org-netbeans-modules-javaee-injection.nbm deleted.
INFO [org.netbeans.updater]: Use XML Transformer: com.sun.org.apache.xalan.internal.xsltc.trax.TransformerImpl@6bed6db3
INFO [org.netbeans.updater]: File C:\Users\lukas.godayol-bonay\Desktop\Semestre2\M.Gil\MonPortFolioSIO\Collab\update_tracking\org-netbeans-modules-javaee-injection.xml modified.
INFO [org.netbeans.updater]: File installed C:\Users\lukas.godayol-bonay\Desktop\Semestre2\M.Gil\MonPortFolioSIO\Collab\update_tracking\org-netbeans-modules-javaee-injection.xml@0
INFO [org.netbeans.updater]: 780: Unpacking org-netbeans-modules-maven-embedder.nbm
INFO [org.netbeans.modules.progress.spi.InternalHandle]: Cannot process more work than scheduled. Progress handle with name "Installing plugins..." has requested progress to workunit no.89 but the total number of workunits is 1. That means the progress bar UI will not display real progress and will stay at 100%.
java.lang.IllegalArgumentException
[catch] at org.netbeans.modules.progress.spi.InternalHandle.progress(InternalHandle.java:329)
	at org.netbeans.api.progress.ProgressHandle.progress(ProgressHandle.java:264)
	at org.netbeans.modules.autoupdate.services.InstallSupportImpl$RefreshModulesListener.propertyChange(InstallSupportImpl.java:1261)
	at org.netbeans.updater.UpdaterInternal$1Context.firePropertyChange(UpdaterInternal.java:97)
	at org.netbeans.updater.UpdaterInternal$1Context.unpackingIsRunning(UpdaterInternal.java:64)
	at org.netbeans.updater.ModuleUpdater.unpack(ModuleUpdater.java:311)
	at org.netbeans.updater.ModuleUpdater.run(ModuleUpdater.java:118)
INFO [org.netbeans.updater]: File installed C:\Users\lukas.godayol-bonay\Desktop\Semestre2\M.Gil\MonPortFolioSIO\Collab\config\Modules\org-netbeans-modules-maven-embedder.xml@0
INFO [org.netbeans.updater]: Copied file C:\Users\lukas.godayol-bonay\Desktop\Semestre2\M.Gil\MonPortFolioSIO\Collab\update\download\org-netbeans-modules-maven-embedder.nbm:netbeans/config/Modules/org-netbeans-modules-maven-embedder.xml to C:\Users\lukas.godayol-bonay\Desktop\Semestre2\M.Gil\MonPortFolioSIO\Collab\config\Modules\org-netbeans-modules-maven-embedder.xml
INFO [org.netbeans.updater]: File installed C:\Users\lukas.godayol-bonay\Desktop\Semestre2\M.Gil\MonPortFolioSIO\Collab\maven\LICENSE@0
INFO [org.netbeans.updater]: Copied file C:\Users\lukas.godayol-bonay\Desktop\Semestre2\M.Gil\MonPortFolioSIO\Collab\update\download\org-netbeans-modules-maven-embedder.nbm:netbeans/maven/LICENSE to C:\Users\lukas.godayol-bonay\Desktop\Semestre2\M.Gil\MonPortFolioSIO\Collab\maven\LICENSE
INFO [org.netbeans.updater]: File installed C:\Users\lukas.godayol-bonay\Desktop\Semestre2\M.Gil\MonPortFolioSIO\Collab\maven\NOTICE@0
INFO [org.netbeans.updater]: Copied file C:\Users\lukas.godayol-bonay\Desktop\Semestre2\M.Gil\MonPortFolioSIO\Collab\update\download\org-netbeans-modules-maven-embedder.nbm:netbeans/maven/NOTICE to C:\Users\lukas.godayol-bonay\Desktop\Semestre2\M.Gil\MonPortFolioSIO\Collab\maven\NOTICE
INFO [org.netbeans.updater]: File installed C:\Users\lukas.godayol-bonay\Desktop\Semestre2\M.Gil\MonPortFolioSIO\Collab\maven\README.txt@0
INFO [org.netbeans.updater]: Copied file C:\Users\lukas.godayol-bonay\Desktop\Semestre2\M.Gil\MonPortFolioSIO\Collab\update\download\org-netbeans-modules-maven-embedder.nbm:netbeans/maven/README.txt to C:\Users\lukas.godayol-bonay\Desktop\Semestre2\M.Gil\MonPortFolioSIO\Collab\maven\README.txt
INFO [org.netbeans.updater]: File installed C:\Users\lukas.godayol-bonay\Desktop\Semestre2\M.Gil\MonPortFolioSIO\Collab\maven\bin\m2.conf@0
INFO [org.netbeans.updater]: Copied file C:\Users\lukas.godayol-bonay\Desktop\Semestre2\M.Gil\MonPortFolioSIO\Collab\update\download\org-netbeans-modules-maven-embedder.nbm:netbeans/maven/bin/m2.conf to C:\Users\lukas.godayol-bonay\Desktop\Semestre2\M.Gil\MonPortFolioSIO\Collab\maven\bin\m2.conf
INFO [org.netbeans.updater]: File installed C:\Users\lukas.godayol-bonay\Desktop\Semestre2\M.Gil\MonPortFolioSIO\Collab\maven\bin\mvn@0
INFO [org.netbeans.updater]: Copied file C:\Users\lukas.godayol-bonay\Desktop\Semestre2\M.Gil\MonPortFolioSIO\Collab\update\download\org-netbeans-modules-maven-embedder.nbm:netbeans/maven/bin/mvn to C:\Users\lukas.godayol-bonay\Desktop\Semestre2\M.Gil\MonPortFolioSIO\Collab\maven\bin\mvn
INFO [org.netbeans.updater]: File installed C:\Users\lukas.godayol-bonay\Desktop\Semestre2\M.Gil\MonPortFolioSIO\Collab\maven\bin\mvn.cmd@0
INFO [org.netbeans.updater]: Copied file C:\Users\lukas.godayol-bonay\Desktop\Semestre2\M.Gil\MonPortFolioSIO\Collab\update\download\org-netbeans-modules-maven-embedder.nbm:netbeans/maven/bin/mvn.cmd to C:\Users\lukas.godayol-bonay\Desktop\Semestre2\M.Gil\MonPortFolioSIO\Collab\maven\bin\mvn.cmd
INFO [org.netbeans.updater]: File installed C:\Users\lukas.godayol-bonay\Desktop\Semestre2\M.Gil\MonPortFolioSIO\Collab\maven\bin\mvnDebug@0
INFO [org.netbeans.updater]: Copied file C:\Users\lukas.godayol-bonay\Desktop\Semestre2\M.Gil\MonPortFolioSIO\Collab\update\download\org-netbeans-modules-maven-embedder.nbm:netbeans/maven/bin/mvnDebug to C:\Users\lukas.godayol-bonay\Desktop\Semestre2\M.Gil\MonPortFolioSIO\Collab\maven\bin\mvnDebug
INFO [org.netbeans.updater]: File installed C:\Users\lukas.godayol-bonay\Desktop\Semestre2\M.Gil\MonPortFolioSIO\Collab\maven\bin\mvnDebug.cmd@0
INFO [org.netbeans.updater]: Copied file C:\Users\lukas.godayol-bonay\Desktop\Semestre2\M.Gil\MonPortFolioSIO\Collab\update\download\org-netbeans-modules-maven-embedder.nbm:netbeans/maven/bin/mvnDebug.cmd to C:\Users\lukas.godayol-bonay\Desktop\Semestre2\M.Gil\MonPortFolioSIO\Collab\maven\bin\mvnDebug.cmd
INFO [org.netbeans.updater]: File installed C:\Users\lukas.godayol-bonay\Desktop\Semestre2\M.Gil\MonPortFolioSIO\Collab\maven\bin\mvnyjp@0
INFO [org.netbeans.updater]: Copied file C:\Users\lukas.godayol-bonay\Desktop\Semestre2\M.Gil\MonPortFolioSIO\Collab\update\download\org-netbeans-modules-maven-embedder.nbm:netbeans/maven/bin/mvnyjp to C:\Users\lukas.godayol-bonay\Desktop\Semestre2\M.Gil\MonPortFolioSIO\Collab\maven\bin\mvnyjp
INFO [org.netbeans.updater]: File installed C:\Users\lukas.godayol-bonay\Desktop\Semestre2\M.Gil\MonPortFolioSIO\Collab\maven\boot\plexus-classworlds-2.7.0.jar@0
INFO [org.netbeans.updater]: Copied file C:\Users\lukas.godayol-bonay\Desktop\Semestre2\M.Gil\MonPortFolioSIO\Collab\update\download\org-netbeans-modules-maven-embedder.nbm:netbeans/maven/boot/plexus-classworlds-2.7.0.jar to C:\Users\lukas.godayol-bonay\Desktop\Semestre2\M.Gil\MonPortFolioSIO\Collab\maven\boot\plexus-classworlds-2.7.0.jar
INFO [org.netbeans.updater]: File installed C:\Users\lukas.godayol-bonay\Desktop\Semestre2\M.Gil\MonPortFolioSIO\Collab\maven\boot\plexus-classworlds.license@0
INFO [org.netbeans.updater]: Copied file C:\Users\lukas.godayol-bonay\Desktop\Semestre2\M.Gil\MonPortFolioSIO\Collab\update\download\org-netbeans-modules-maven-embedder.nbm:netbeans/maven/boot/plexus-classworlds.license to C:\Users\lukas.godayol-bonay\Desktop\Semestre2\M.Gil\MonPortFolioSIO\Collab\maven\boot\plexus-classworlds.license
INFO [org.netbeans.updater]: File installed C:\Users\lukas.godayol-bonay\Desktop\Semestre2\M.Gil\MonPortFolioSIO\Collab\maven\conf\logging\simplelogger.properties@0
INFO [org.netbeans.updater]: Copied file C:\Users\lukas.godayol-bonay\Desktop\Semestre2\M.Gil\MonPortFolioSIO\Collab\update\download\org-netbeans-modules-maven-embedder.nbm:netbeans/maven/conf/logging/simplelogger.properties to C:\Users\lukas.godayol-bonay\Desktop\Semestre2\M.Gil\MonPortFolioSIO\Collab\maven\conf\logging\simplelogger.properties
INFO [org.netbeans.updater]: File installed C:\Users\lukas.godayol-bonay\Desktop\Semestre2\M.Gil\MonPortFolioSIO\Collab\maven\conf\settings.xml@0
INFO [org.netbeans.updater]: Copied file C:\Users\lukas.godayol-bonay\Desktop\Semestre2\M.Gil\MonPortFolioSIO\Collab\update\download\org-netbeans-modules-maven-embedder.nbm:netbeans/maven/conf/settings.xml to C:\Users\lukas.godayol-bonay\Desktop\Semestre2\M.Gil\MonPortFolioSIO\Collab\maven\conf\settings.xml
INFO [org.netbeans.updater]: File installed C:\Users\lukas.godayol-bonay\Desktop\Semestre2\M.Gil\MonPortFolioSIO\Collab\maven\conf\toolchains.xml@0
INFO [org.netbeans.updater]: Copied file C:\Users\lukas.godayol-bonay\Desktop\Semestre2\M.Gil\MonPortFolioSIO\Collab\update\download\org-netbeans-modules-maven-embedder.nbm:netbeans/maven/conf/toolchains.xml to C:\Users\lukas.godayol-bonay\Desktop\Semestre2\M.Gil\MonPortFolioSIO\Collab\maven\conf\toolchains.xml
INFO [org.netbeans.updater]: File installed C:\Users\lukas.godayol-bonay\Desktop\Semestre2\M.Gil\MonPortFolioSIO\Collab\maven\lib\aopalliance-1.0.jar@0
INFO [org.netbeans.updater]: Copied file C:\Users\lukas.godayol-bonay\Desktop\Semestre2\M.Gil\MonPortFolioSIO\Collab\update\download\org-netbeans-modules-maven-embedder.nbm:netbeans/maven/lib/aopalliance-1.0.jar to C:\Users\lukas.godayol-bonay\Desktop\Semestre2\M.Gil\MonPortFolioSIO\Collab\maven\lib\aopalliance-1.0.jar
INFO [org.netbeans.updater]: File installed C:\Users\lukas.godayol-bonay\Desktop\Semestre2\M.Gil\MonPortFolioSIO\Collab\maven\lib\aopalliance.license@0
INFO [org.netbeans.updater]: Copied file C:\Users\lukas.godayol-bonay\Desktop\Semestre2\M.Gil\MonPortFolioSIO\Collab\update\download\org-netbeans-modules-maven-embedder.nbm:netbeans/maven/lib/aopalliance.license to C:\Users\lukas.godayol-bonay\Desktop\Semestre2\M.Gil\MonPortFolioSIO\Collab\maven\lib\aopalliance.license
INFO [org.netbeans.updater]: File installed C:\Users\lukas.godayol-bonay\Desktop\Semestre2\M.Gil\MonPortFolioSIO\Collab\maven\lib\commons-cli-1.5.0.jar@0
INFO [org.netbeans.updater]: Copied file C:\Users\lukas.godayol-bonay\Desktop\Semestre2\M.Gil\MonPortFolioSIO\Collab\update\download\org-netbeans-modules-maven-embedder.nbm:netbeans/maven/lib/commons-cli-1.5.0.jar to C:\Users\lukas.godayol-bonay\Desktop\Semestre2\M.Gil\MonPortFolioSIO\Collab\maven\lib\commons-cli-1.5.0.jar
INFO [org.netbeans.updater]: File installed C:\Users\lukas.godayol-bonay\Desktop\Semestre2\M.Gil\MonPortFolioSIO\Collab\maven\lib\commons-cli.license@0
INFO [org.netbeans.updater]: Copied file C:\Users\lukas.godayol-bonay\Desktop\Semestre2\M.Gil\MonPortFolioSIO\Collab\update\download\org-netbeans-modules-maven-embedder.nbm:netbeans/maven/lib/commons-cli.license to C:\Users\lukas.godayol-bonay\Desktop\Semestre2\M.Gil\MonPortFolioSIO\Collab\maven\lib\commons-cli.license
INFO [org.netbeans.updater]: File installed C:\Users\lukas.godayol-bonay\Desktop\Semestre2\M.Gil\MonPortFolioSIO\Collab\maven\lib\commons-codec-1.11.jar@0
INFO [org.netbeans.updater]: Copied file C:\Users\lukas.godayol-bonay\Desktop\Semestre2\M.Gil\MonPortFolioSIO\Collab\update\download\org-netbeans-modules-maven-embedder.nbm:netbeans/maven/lib/commons-codec-1.11.jar to C:\Users\lukas.godayol-bonay\Desktop\Semestre2\M.Gil\MonPortFolioSIO\Collab\maven\lib\commons-codec-1.11.jar
INFO [org.netbeans.updater]: File installed C:\Users\lukas.godayol-bonay\Desktop\Semestre2\M.Gil\MonPortFolioSIO\Collab\maven\lib\commons-codec.license@0
INFO [org.netbeans.updater]: Copied file C:\Users\lukas.godayol-bonay\Desktop\Semestre2\M.Gil\MonPortFolioSIO\Collab\update\download\org-netbeans-modules-maven-embedder.nbm:netbeans/maven/lib/commons-codec.license to C:\Users\lukas.godayol-bonay\Desktop\Semestre2\M.Gil\MonPortFolioSIO\Collab\maven\lib\commons-codec.license
INFO [org.netbeans.updater]: File installed C:\Users\lukas.godayol-bonay\Desktop\Semestre2\M.Gil\MonPortFolioSIO\Collab\maven\lib\commons-lang3-3.12.0.jar@0
INFO [org.netbeans.updater]: Copied file C:\Users\lukas.godayol-bonay\Desktop\Semestre2\M.Gil\MonPortFolioSIO\Collab\update\download\org-netbeans-modules-maven-embedder.nbm:netbeans/maven/lib/commons-lang3-3.12.0.jar to C:\Users\lukas.godayol-bonay\Desktop\Semestre2\M.Gil\MonPortFolioSIO\Collab\maven\lib\commons-lang3-3.12.0.jar
INFO [org.netbeans.updater]: File installed C:\Users\lukas.godayol-bonay\Desktop\Semestre2\M.Gil\MonPortFolioSIO\Collab\maven\lib\commons-lang3.license@0
INFO [org.netbeans.updater]: Copied file C:\Users\lukas.godayol-bonay\Desktop\Semestre2\M.Gil\MonPortFolioSIO\Collab\update\download\org-netbeans-modules-maven-embedder.nbm:netbeans/maven/lib/commons-lang3.license to C:\Users\lukas.godayol-bonay\Desktop\Semestre2\M.Gil\MonPortFolioSIO\Collab\maven\lib\commons-lang3.license
INFO [org.netbeans.updater]: File installed C:\Users\lukas.godayol-bonay\Desktop\Semestre2\M.Gil\MonPortFolioSIO\Collab\maven\lib\ext\README.txt@0
INFO [org.netbeans.updater]: Copied file C:\Users\lukas.godayol-bonay\Desktop\Semestre2\M.Gil\MonPortFolioSIO\Collab\update\download\org-netbeans-modules-maven-embedder.nbm:netbeans/maven/lib/ext/README.txt to C:\Users\lukas.godayol-bonay\Desktop\Semestre2\M.Gil\MonPortFolioSIO\Collab\maven\lib\ext\README.txt
INFO [org.netbeans.updater]: File installed C:\Users\lukas.godayol-bonay\Desktop\Semestre2\M.Gil\MonPortFolioSIO\Collab\maven\lib\ext\hazelcast\README.txt@0
INFO [org.netbeans.updater]: Copied file C:\Users\lukas.godayol-bonay\Desktop\Semestre2\M.Gil\MonPortFolioSIO\Collab\update\download\org-netbeans-modules-maven-embedder.nbm:netbeans/maven/lib/ext/hazelcast/README.txt to C:\Users\lukas.godayol-bonay\Desktop\Semestre2\M.Gil\MonPortFolioSIO\Collab\maven\lib\ext\hazelcast\README.txt
INFO [org.netbeans.updater]: File installed C:\Users\lukas.godayol-bonay\Desktop\Semestre2\M.Gil\MonPortFolioSIO\Collab\maven\lib\ext\redisson\README.txt@0
INFO [org.netbeans.updater]: Copied file C:\Users\lukas.godayol-bonay\Desktop\Semestre2\M.Gil\MonPortFolioSIO\Collab\update\download\org-netbeans-modules-maven-embedder.nbm:netbeans/maven/lib/ext/redisson/README.txt to C:\Users\lukas.godayol-bonay\Desktop\Semestre2\M.Gil\MonPortFolioSIO\Collab\maven\lib\ext\redisson\README.txt
INFO [org.netbeans.updater]: File installed C:\Users\lukas.godayol-bonay\Desktop\Semestre2\M.Gil\MonPortFolioSIO\Collab\maven\lib\failureaccess-1.0.1.jar@0
INFO [org.netbeans.updater]: Copied file C:\Users\lukas.godayol-bonay\Desktop\Semestre2\M.Gil\MonPortFolioSIO\Collab\update\download\org-netbeans-modules-maven-embedder.nbm:netbeans/maven/lib/failureaccess-1.0.1.jar to C:\Users\lukas.godayol-bonay\Desktop\Semestre2\M.Gil\MonPortFolioSIO\Collab\maven\lib\failureaccess-1.0.1.jar
INFO [org.netbeans.updater]: File installed C:\Users\lukas.godayol-bonay\Desktop\Semestre2\M.Gil\MonPortFolioSIO\Collab\maven\lib\failureaccess.license@0
INFO [org.netbeans.updater]: Copied file C:\Users\lukas.godayol-bonay\Desktop\Semestre2\M.Gil\MonPortFolioSIO\Collab\update\download\org-netbeans-modules-maven-embedder.nbm:netbeans/maven/lib/failureaccess.license to C:\Users\lukas.godayol-bonay\Desktop\Semestre2\M.Gil\MonPortFolioSIO\Collab\maven\lib\failureaccess.license
INFO [org.netbeans.updater]: File installed C:\Users\lukas.godayol-bonay\Desktop\Semestre2\M.Gil\MonPortFolioSIO\Collab\maven\lib\guava-31.1-jre.jar@0
INFO [org.netbeans.updater]: Copied file C:\Users\lukas.godayol-bonay\Desktop\Semestre2\M.Gil\MonPortFolioSIO\Collab\update\download\org-netbeans-modules-maven-embedder.nbm:netbeans/maven/lib/guava-31.1-jre.jar to C:\Users\lukas.godayol-bonay\Desktop\Semestre2\M.Gil\MonPortFolioSIO\Collab\maven\lib\guava-31.1-jre.jar
INFO [org.netbeans.updater]: File installed C:\Users\lukas.godayol-bonay\Desktop\Semestre2\M.Gil\MonPortFolioSIO\Collab\maven\lib\guava.license@0
INFO [org.netbeans.updater]: Copied file C:\Users\lukas.godayol-bonay\Desktop\Semestre2\M.Gil\MonPortFolioSIO\Collab\update\download\org-netbeans-modules-maven-embedder.nbm:netbeans/maven/lib/guava.license to C:\Users\lukas.godayol-bonay\Desktop\Semestre2\M.Gil\MonPortFolioSIO\Collab\maven\lib\guava.license
INFO [org.netbeans.updater]: File installed C:\Users\lukas.godayol-bonay\Desktop\Semestre2\M.Gil\MonPortFolioSIO\Collab\maven\lib\guice-5.1.0.jar@0
INFO [org.netbeans.updater]: Copied file C:\Users\lukas.godayol-bonay\Desktop\Semestre2\M.Gil\MonPortFolioSIO\Collab\update\download\org-netbeans-modules-maven-embedder.nbm:netbeans/maven/lib/guice-5.1.0.jar to C:\Users\lukas.godayol-bonay\Desktop\Semestre2\M.Gil\MonPortFolioSIO\Collab\maven\lib\guice-5.1.0.jar
INFO [org.netbeans.updater]: File installed C:\Users\lukas.godayol-bonay\Desktop\Semestre2\M.Gil\MonPortFolioSIO\Collab\maven\lib\guice.license@0
INFO [org.netbeans.updater]: Copied file C:\Users\lukas.godayol-bonay\Desktop\Semestre2\M.Gil\MonPortFolioSIO\Collab\update\download\org-netbeans-modules-maven-embedder.nbm:netbeans/maven/lib/guice.license to C:\Users\lukas.godayol-bonay\Desktop\Semestre2\M.Gil\MonPortFolioSIO\Collab\maven\lib\guice.license
INFO [org.netbeans.updater]: File installed C:\Users\lukas.godayol-bonay\Desktop\Semestre2\M.Gil\MonPortFolioSIO\Collab\maven\lib\httpclient-4.5.14.jar@0
INFO [org.netbeans.updater]: Copied file C:\Users\lukas.godayol-bonay\Desktop\Semestre2\M.Gil\MonPortFolioSIO\Collab\update\download\org-netbeans-modules-maven-embedder.nbm:netbeans/maven/lib/httpclient-4.5.14.jar to C:\Users\lukas.godayol-bonay\Desktop\Semestre2\M.Gil\MonPortFolioSIO\Collab\maven\lib\httpclient-4.5.14.jar
INFO [org.netbeans.updater]: File installed C:\Users\lukas.godayol-bonay\Desktop\Semestre2\M.Gil\MonPortFolioSIO\Collab\maven\lib\httpclient.license@0
INFO [org.netbeans.updater]: Copied file C:\Users\lukas.godayol-bonay\Desktop\Semestre2\M.Gil\MonPortFolioSIO\Collab\update\download\org-netbeans-modules-maven-embedder.nbm:netbeans/maven/lib/httpclient.license to C:\Users\lukas.godayol-bonay\Desktop\Semestre2\M.Gil\MonPortFolioSIO\Collab\maven\lib\httpclient.license
INFO [org.netbeans.updater]: File installed C:\Users\lukas.godayol-bonay\Desktop\Semestre2\M.Gil\MonPortFolioSIO\Collab\maven\lib\httpcore-4.4.16.jar@0
INFO [org.netbeans.updater]: Copied file C:\Users\lukas.godayol-bonay\Desktop\Semestre2\M.Gil\MonPortFolioSIO\Collab\update\download\org-netbeans-modules-maven-embedder.nbm:netbeans/maven/lib/httpcore-4.4.16.jar to C:\Users\lukas.godayol-bonay\Desktop\Semestre2\M.Gil\MonPortFolioSIO\Collab\maven\lib\httpcore-4.4.16.jar
INFO [org.netbeans.updater]: File installed C:\Users\lukas.godayol-bonay\Desktop\Semestre2\M.Gil\MonPortFolioSIO\Collab\maven\lib\httpcore.license@0
INFO [org.netbeans.updater]: Copied file C:\Users\lukas.godayol-bonay\Desktop\Semestre2\M.Gil\MonPortFolioSIO\Collab\update\download\org-netbeans-modules-maven-embedder.nbm:netbeans/maven/lib/httpcore.license to C:\Users\lukas.godayol-bonay\Desktop\Semestre2\M.Gil\MonPortFolioSIO\Collab\maven\lib\httpcore.license
INFO [org.netbeans.updater]: File installed C:\Users\lukas.godayol-bonay\Desktop\Semestre2\M.Gil\MonPortFolioSIO\Collab\maven\lib\jansi-2.4.0.jar@0
INFO [org.netbeans.updater]: Copied file C:\Users\lukas.godayol-bonay\Desktop\Semestre2\M.Gil\MonPortFolioSIO\Collab\update\download\org-netbeans-modules-maven-embedder.nbm:netbeans/maven/lib/jansi-2.4.0.jar to C:\Users\lukas.godayol-bonay\Desktop\Semestre2\M.Gil\MonPortFolioSIO\Collab\maven\lib\jansi-2.4.0.jar
INFO [org.netbeans.updater]: File installed C:\Users\lukas.godayol-bonay\Desktop\Semestre2\M.Gil\MonPortFolioSIO\Collab\maven\lib\jansi-native\README.txt@0
INFO [org.netbeans.updater]: Copied file C:\Users\lukas.godayol-bonay\Desktop\Semestre2\M.Gil\MonPortFolioSIO\Collab\update\download\org-netbeans-modules-maven-embedder.nbm:netbeans/maven/lib/jansi-native/README.txt to C:\Users\lukas.godayol-bonay\Desktop\Semestre2\M.Gil\MonPortFolioSIO\Collab\maven\lib\jansi-native\README.txt
INFO [org.netbeans.updater]: File installed C:\Users\lukas.godayol-bonay\Desktop\Semestre2\M.Gil\MonPortFolioSIO\Collab\maven\lib\jansi-native\Windows\x86\jansi.dll@0
INFO [org.netbeans.updater]: Copied file C:\Users\lukas.godayol-bonay\Desktop\Semestre2\M.Gil\MonPortFolioSIO\Collab\update\download\org-netbeans-modules-maven-embedder.nbm:netbeans/maven/lib/jansi-native/Windows/x86/jansi.dll to C:\Users\lukas.godayol-bonay\Desktop\Semestre2\M.Gil\MonPortFolioSIO\Collab\maven\lib\jansi-native\Windows\x86\jansi.dll
INFO [org.netbeans.updater]: File installed C:\Users\lukas.godayol-bonay\Desktop\Semestre2\M.Gil\MonPortFolioSIO\Collab\maven\lib\jansi-native\Windows\x86_64\jansi.dll@0
INFO [org.netbeans.updater]: Copied file C:\Users\lukas.godayol-bonay\Desktop\Semestre2\M.Gil\MonPortFolioSIO\Collab\update\download\org-netbeans-modules-maven-embedder.nbm:netbeans/maven/lib/jansi-native/Windows/x86_64/jansi.dll to C:\Users\lukas.godayol-bonay\Desktop\Semestre2\M.Gil\MonPortFolioSIO\Collab\maven\lib\jansi-native\Windows\x86_64\jansi.dll
INFO [org.netbeans.updater]: File installed C:\Users\lukas.godayol-bonay\Desktop\Semestre2\M.Gil\MonPortFolioSIO\Collab\maven\lib\jansi.license@0
INFO [org.netbeans.updater]: Copied file C:\Users\lukas.godayol-bonay\Desktop\Semestre2\M.Gil\MonPortFolioSIO\Collab\update\download\org-netbeans-modules-maven-embedder.nbm:netbeans/maven/lib/jansi.license to C:\Users\lukas.godayol-bonay\Desktop\Semestre2\M.Gil\MonPortFolioSIO\Collab\maven\lib\jansi.license
INFO [org.netbeans.updater]: File installed C:\Users\lukas.godayol-bonay\Desktop\Semestre2\M.Gil\MonPortFolioSIO\Collab\maven\lib\javax.annotation-api-1.3.2.jar@0
INFO [org.netbeans.updater]: Copied file C:\Users\lukas.godayol-bonay\Desktop\Semestre2\M.Gil\MonPortFolioSIO\Collab\update\download\org-netbeans-modules-maven-embedder.nbm:netbeans/maven/lib/javax.annotation-api-1.3.2.jar to C:\Users\lukas.godayol-bonay\Desktop\Semestre2\M.Gil\MonPortFolioSIO\Collab\maven\lib\javax.annotation-api-1.3.2.jar
INFO [org.netbeans.updater]: File installed C:\Users\lukas.godayol-bonay\Desktop\Semestre2\M.Gil\MonPortFolioSIO\Collab\maven\lib\javax.annotation-api.license@0
INFO [org.netbeans.updater]: Copied file C:\Users\lukas.godayol-bonay\Desktop\Semestre2\M.Gil\MonPortFolioSIO\Collab\update\download\org-netbeans-modules-maven-embedder.nbm:netbeans/maven/lib/javax.annotation-api.license to C:\Users\lukas.godayol-bonay\Desktop\Semestre2\M.Gil\MonPortFolioSIO\Collab\maven\lib\javax.annotation-api.license
INFO [org.netbeans.updater]: File installed C:\Users\lukas.godayol-bonay\Desktop\Semestre2\M.Gil\MonPortFolioSIO\Collab\maven\lib\javax.inject-1.jar@0
INFO [org.netbeans.updater]: Copied file C:\Users\lukas.godayol-bonay\Desktop\Semestre2\M.Gil\MonPortFolioSIO\Collab\update\download\org-netbeans-modules-maven-embedder.nbm:netbeans/maven/lib/javax.inject-1.jar to C:\Users\lukas.godayol-bonay\Desktop\Semestre2\M.Gil\MonPortFolioSIO\Collab\maven\lib\javax.inject-1.jar
INFO [org.netbeans.updater]: File installed C:\Users\lukas.godayol-bonay\Desktop\Semestre2\M.Gil\MonPortFolioSIO\Collab\maven\lib\javax.inject.license@0
INFO [org.netbeans.updater]: Copied file C:\Users\lukas.godayol-bonay\Desktop\Semestre2\M.Gil\MonPortFolioSIO\Collab\update\download\org-netbeans-modules-maven-embedder.nbm:netbeans/maven/lib/javax.inject.license to C:\Users\lukas.godayol-bonay\Desktop\Semestre2\M.Gil\MonPortFolioSIO\Collab\maven\lib\javax.inject.license
INFO [org.netbeans.updater]: File installed C:\Users\lukas.godayol-bonay\Desktop\Semestre2\M.Gil\MonPortFolioSIO\Collab\maven\lib\jcl-over-slf4j-1.7.36.jar@0
INFO [org.netbeans.updater]: Copied file C:\Users\lukas.godayol-bonay\Desktop\Semestre2\M.Gil\MonPortFolioSIO\Collab\update\download\org-netbeans-modules-maven-embedder.nbm:netbeans/maven/lib/jcl-over-slf4j-1.7.36.jar to C:\Users\lukas.godayol-bonay\Desktop\Semestre2\M.Gil\MonPortFolioSIO\Collab\maven\lib\jcl-over-slf4j-1.7.36.jar
INFO [org.netbeans.updater]: File installed C:\Users\lukas.godayol-bonay\Desktop\Semestre2\M.Gil\MonPortFolioSIO\Collab\maven\lib\jcl-over-slf4j.license@0
INFO [org.netbeans.updater]: Copied file C:\Users\lukas.godayol-bonay\Desktop\Semestre2\M.Gil\MonPortFolioSIO\Collab\update\download\org-netbeans-modules-maven-embedder.nbm:netbeans/maven/lib/jcl-over-slf4j.license to C:\Users\lukas.godayol-bonay\Desktop\Semestre2\M.Gil\MonPortFolioSIO\Collab\maven\lib\jcl-over-slf4j.license
INFO [org.netbeans.updater]: File installed C:\Users\lukas.godayol-bonay\Desktop\Semestre2\M.Gil\MonPortFolioSIO\Collab\maven\lib\maven-artifact-3.9.3.jar@0
INFO [org.netbeans.updater]: Copied file C:\Users\lukas.godayol-bonay\Desktop\Semestre2\M.Gil\MonPortFolioSIO\Collab\update\download\org-netbeans-modules-maven-embedder.nbm:netbeans/maven/lib/maven-artifact-3.9.3.jar to C:\Users\lukas.godayol-bonay\Desktop\Semestre2\M.Gil\MonPortFolioSIO\Collab\maven\lib\maven-artifact-3.9.3.jar
INFO [org.netbeans.updater]: File installed C:\Users\lukas.godayol-bonay\Desktop\Semestre2\M.Gil\MonPortFolioSIO\Collab\maven\lib\maven-builder-support-3.9.3.jar@0
INFO [org.netbeans.updater]: Copied file C:\Users\lukas.godayol-bonay\Desktop\Semestre2\M.Gil\MonPortFolioSIO\Collab\update\download\org-netbeans-modules-maven-embedder.nbm:netbeans/maven/lib/maven-builder-support-3.9.3.jar to C:\Users\lukas.godayol-bonay\Desktop\Semestre2\M.Gil\MonPortFolioSIO\Collab\maven\lib\maven-builder-support-3.9.3.jar
INFO [org.netbeans.updater]: File installed C:\Users\lukas.godayol-bonay\Desktop\Semestre2\M.Gil\MonPortFolioSIO\Collab\maven\lib\maven-compat-3.9.3.jar@0
INFO [org.netbeans.updater]: Copied file C:\Users\lukas.godayol-bonay\Desktop\Semestre2\M.Gil\MonPortFolioSIO\Collab\update\download\org-netbeans-modules-maven-embedder.nbm:netbeans/maven/lib/maven-compat-3.9.3.jar to C:\Users\lukas.godayol-bonay\Desktop\Semestre2\M.Gil\MonPortFolioSIO\Collab\maven\lib\maven-compat-3.9.3.jar
INFO [org.netbeans.updater]: File installed C:\Users\lukas.godayol-bonay\Desktop\Semestre2\M.Gil\MonPortFolioSIO\Collab\maven\lib\maven-core-3.9.3.jar@0
INFO [org.netbeans.updater]: Copied file C:\Users\lukas.godayol-bonay\Desktop\Semestre2\M.Gil\MonPortFolioSIO\Collab\update\download\org-netbeans-modules-maven-embedder.nbm:netbeans/maven/lib/maven-core-3.9.3.jar to C:\Users\lukas.godayol-bonay\Desktop\Semestre2\M.Gil\MonPortFolioSIO\Collab\maven\lib\maven-core-3.9.3.jar
INFO [org.netbeans.updater]: File installed C:\Users\lukas.godayol-bonay\Desktop\Semestre2\M.Gil\MonPortFolioSIO\Collab\maven\lib\maven-embedder-3.9.3.jar@0
INFO [org.netbeans.updater]: Copied file C:\Users\lukas.godayol-bonay\Desktop\Semestre2\M.Gil\MonPortFolioSIO\Collab\update\download\org-netbeans-modules-maven-embedder.nbm:netbeans/maven/lib/maven-embedder-3.9.3.jar to C:\Users\lukas.godayol-bonay\Desktop\Semestre2\M.Gil\MonPortFolioSIO\Collab\maven\lib\maven-embedder-3.9.3.jar
INFO [org.netbeans.updater]: File installed C:\Users\lukas.godayol-bonay\Desktop\Semestre2\M.Gil\MonPortFolioSIO\Collab\maven\lib\maven-model-3.9.3.jar@0
INFO [org.netbeans.updater]: Copied file C:\Users\lukas.godayol-bonay\Desktop\Semestre2\M.Gil\MonPortFolioSIO\Collab\update\download\org-netbeans-modules-maven-embedder.nbm:netbeans/maven/lib/maven-model-3.9.3.jar to C:\Users\lukas.godayol-bonay\Desktop\Semestre2\M.Gil\MonPortFolioSIO\Collab\maven\lib\maven-model-3.9.3.jar
INFO [org.netbeans.updater]: File installed C:\Users\lukas.godayol-bonay\Desktop\Semestre2\M.Gil\MonPortFolioSIO\Collab\maven\lib\maven-model-builder-3.9.3.jar@0
INFO [org.netbeans.updater]: Copied file C:\Users\lukas.godayol-bonay\Desktop\Semestre2\M.Gil\MonPortFolioSIO\Collab\update\download\org-netbeans-modules-maven-embedder.nbm:netbeans/maven/lib/maven-model-builder-3.9.3.jar to C:\Users\lukas.godayol-bonay\Desktop\Semestre2\M.Gil\MonPortFolioSIO\Collab\maven\lib\maven-model-builder-3.9.3.jar
INFO [org.netbeans.updater]: File installed C:\Users\lukas.godayol-bonay\Desktop\Semestre2\M.Gil\MonPortFolioSIO\Collab\maven\lib\maven-plugin-api-3.9.3.jar@0
INFO [org.netbeans.updater]: Copied file C:\Users\lukas.godayol-bonay\Desktop\Semestre2\M.Gil\MonPortFolioSIO\Collab\update\download\org-netbeans-modules-maven-embedder.nbm:netbeans/maven/lib/maven-plugin-api-3.9.3.jar to C:\Users\lukas.godayol-bonay\Desktop\Semestre2\M.Gil\MonPortFolioSIO\Collab\maven\lib\maven-plugin-api-3.9.3.jar
INFO [org.netbeans.updater]: File installed C:\Users\lukas.godayol-bonay\Desktop\Semestre2\M.Gil\MonPortFolioSIO\Collab\maven\lib\maven-repository-metadata-3.9.3.jar@0
INFO [org.netbeans.updater]: Copied file C:\Users\lukas.godayol-bonay\Desktop\Semestre2\M.Gil\MonPortFolioSIO\Collab\update\download\org-netbeans-modules-maven-embedder.nbm:netbeans/maven/lib/maven-repository-metadata-3.9.3.jar to C:\Users\lukas.godayol-bonay\Desktop\Semestre2\M.Gil\MonPortFolioSIO\Collab\maven\lib\maven-repository-metadata-3.9.3.jar
INFO [org.netbeans.updater]: File installed C:\Users\lukas.godayol-bonay\Desktop\Semestre2\M.Gil\MonPortFolioSIO\Collab\maven\lib\maven-resolver-api-1.9.13.jar@0
INFO [org.netbeans.updater]: Copied file C:\Users\lukas.godayol-bonay\Desktop\Semestre2\M.Gil\MonPortFolioSIO\Collab\update\download\org-netbeans-modules-maven-embedder.nbm:netbeans/maven/lib/maven-resolver-api-1.9.13.jar to C:\Users\lukas.godayol-bonay\Desktop\Semestre2\M.Gil\MonPortFolioSIO\Collab\maven\lib\maven-resolver-api-1.9.13.jar
INFO [org.netbeans.updater]: File installed C:\Users\lukas.godayol-bonay\Desktop\Semestre2\M.Gil\MonPortFolioSIO\Collab\maven\lib\maven-resolver-connector-basic-1.9.13.jar@0
INFO [org.netbeans.updater]: Copied file C:\Users\lukas.godayol-bonay\Desktop\Semestre2\M.Gil\MonPortFolioSIO\Collab\update\download\org-netbeans-modules-maven-embedder.nbm:netbeans/maven/lib/maven-resolver-connector-basic-1.9.13.jar to C:\Users\lukas.godayol-bonay\Desktop\Semestre2\M.Gil\MonPortFolioSIO\Collab\maven\lib\maven-resolver-connector-basic-1.9.13.jar
INFO [org.netbeans.updater]: File installed C:\Users\lukas.godayol-bonay\Desktop\Semestre2\M.Gil\MonPortFolioSIO\Collab\maven\lib\maven-resolver-impl-1.9.13.jar@0
INFO [org.netbeans.updater]: Copied file C:\Users\lukas.godayol-bonay\Desktop\Semestre2\M.Gil\MonPortFolioSIO\Collab\update\download\org-netbeans-modules-maven-embedder.nbm:netbeans/maven/lib/maven-resolver-impl-1.9.13.jar to C:\Users\lukas.godayol-bonay\Desktop\Semestre2\M.Gil\MonPortFolioSIO\Collab\maven\lib\maven-resolver-impl-1.9.13.jar
INFO [org.netbeans.updater]: File installed C:\Users\lukas.godayol-bonay\Desktop\Semestre2\M.Gil\MonPortFolioSIO\Collab\maven\lib\maven-resolver-named-locks-1.9.13.jar@0
INFO [org.netbeans.updater]: Copied file C:\Users\lukas.godayol-bonay\Desktop\Semestre2\M.Gil\MonPortFolioSIO\Collab\update\download\org-netbeans-modules-maven-embedder.nbm:netbeans/maven/lib/maven-resolver-named-locks-1.9.13.jar to C:\Users\lukas.godayol-bonay\Desktop\Semestre2\M.Gil\MonPortFolioSIO\Collab\maven\lib\maven-resolver-named-locks-1.9.13.jar
INFO [org.netbeans.updater]: File installed C:\Users\lukas.godayol-bonay\Desktop\Semestre2\M.Gil\MonPortFolioSIO\Collab\maven\lib\maven-resolver-provider-3.9.3.jar@0
INFO [org.netbeans.updater]: Copied file C:\Users\lukas.godayol-bonay\Desktop\Semestre2\M.Gil\MonPortFolioSIO\Collab\update\download\org-netbeans-modules-maven-embedder.nbm:netbeans/maven/lib/maven-resolver-provider-3.9.3.jar to C:\Users\lukas.godayol-bonay\Desktop\Semestre2\M.Gil\MonPortFolioSIO\Collab\maven\lib\maven-resolver-provider-3.9.3.jar
INFO [org.netbeans.updater]: File installed C:\Users\lukas.godayol-bonay\Desktop\Semestre2\M.Gil\MonPortFolioSIO\Collab\maven\lib\maven-resolver-spi-1.9.13.jar@0
INFO [org.netbeans.updater]: Copied file C:\Users\lukas.godayol-bonay\Desktop\Semestre2\M.Gil\MonPortFolioSIO\Collab\update\download\org-netbeans-modules-maven-embedder.nbm:netbeans/maven/lib/maven-resolver-spi-1.9.13.jar to C:\Users\lukas.godayol-bonay\Desktop\Semestre2\M.Gil\MonPortFolioSIO\Collab\maven\lib\maven-resolver-spi-1.9.13.jar
INFO [org.netbeans.updater]: File installed C:\Users\lukas.godayol-bonay\Desktop\Semestre2\M.Gil\MonPortFolioSIO\Collab\maven\lib\maven-resolver-transport-file-1.9.13.jar@0
INFO [org.netbeans.updater]: Copied file C:\Users\lukas.godayol-bonay\Desktop\Semestre2\M.Gil\MonPortFolioSIO\Collab\update\download\org-netbeans-modules-maven-embedder.nbm:netbeans/maven/lib/maven-resolver-transport-file-1.9.13.jar to C:\Users\lukas.godayol-bonay\Desktop\Semestre2\M.Gil\MonPortFolioSIO\Collab\maven\lib\maven-resolver-transport-file-1.9.13.jar
INFO [org.netbeans.updater]: File installed C:\Users\lukas.godayol-bonay\Desktop\Semestre2\M.Gil\MonPortFolioSIO\Collab\maven\lib\maven-resolver-transport-http-1.9.13.jar@0
INFO [org.netbeans.updater]: Copied file C:\Users\lukas.godayol-bonay\Desktop\Semestre2\M.Gil\MonPortFolioSIO\Collab\update\download\org-netbeans-modules-maven-embedder.nbm:netbeans/maven/lib/maven-resolver-transport-http-1.9.13.jar to C:\Users\lukas.godayol-bonay\Desktop\Semestre2\M.Gil\MonPortFolioSIO\Collab\maven\lib\maven-resolver-transport-http-1.9.13.jar
INFO [org.netbeans.updater]: File installed C:\Users\lukas.godayol-bonay\Desktop\Semestre2\M.Gil\MonPortFolioSIO\Collab\maven\lib\maven-resolver-transport-wagon-1.9.13.jar@0
INFO [org.netbeans.updater]: Copied file C:\Users\lukas.godayol-bonay\Desktop\Semestre2\M.Gil\MonPortFolioSIO\Collab\update\download\org-netbeans-modules-maven-embedder.nbm:netbeans/maven/lib/maven-resolver-transport-wagon-1.9.13.jar to C:\Users\lukas.godayol-bonay\Desktop\Semestre2\M.Gil\MonPortFolioSIO\Collab\maven\lib\maven-resolver-transport-wagon-1.9.13.jar
INFO [org.netbeans.updater]: File installed C:\Users\lukas.godayol-bonay\Desktop\Semestre2\M.Gil\MonPortFolioSIO\Collab\maven\lib\maven-resolver-util-1.9.13.jar@0
INFO [org.netbeans.updater]: Copied file C:\Users\lukas.godayol-bonay\Desktop\Semestre2\M.Gil\MonPortFolioSIO\Collab\update\download\org-netbeans-modules-maven-embedder.nbm:netbeans/maven/lib/maven-resolver-util-1.9.13.jar to C:\Users\lukas.godayol-bonay\Desktop\Semestre2\M.Gil\MonPortFolioSIO\Collab\maven\lib\maven-resolver-util-1.9.13.jar
INFO [org.netbeans.updater]: File installed C:\Users\lukas.godayol-bonay\Desktop\Semestre2\M.Gil\MonPortFolioSIO\Collab\maven\lib\maven-settings-3.9.3.jar@0
INFO [org.netbeans.updater]: Copied file C:\Users\lukas.godayol-bonay\Desktop\Semestre2\M.Gil\MonPortFolioSIO\Collab\update\download\org-netbeans-modules-maven-embedder.nbm:netbeans/maven/lib/maven-settings-3.9.3.jar to C:\Users\lukas.godayol-bonay\Desktop\Semestre2\M.Gil\MonPortFolioSIO\Collab\maven\lib\maven-settings-3.9.3.jar
INFO [org.netbeans.updater]: File installed C:\Users\lukas.godayol-bonay\Desktop\Semestre2\M.Gil\MonPortFolioSIO\Collab\maven\lib\maven-settings-builder-3.9.3.jar@0
INFO [org.netbeans.updater]: Copied file C:\Users\lukas.godayol-bonay\Desktop\Semestre2\M.Gil\MonPortFolioSIO\Collab\update\download\org-netbeans-modules-maven-embedder.nbm:netbeans/maven/lib/maven-settings-builder-3.9.3.jar to C:\Users\lukas.godayol-bonay\Desktop\Semestre2\M.Gil\MonPortFolioSIO\Collab\maven\lib\maven-settings-builder-3.9.3.jar
INFO [org.netbeans.updater]: File installed C:\Users\lukas.godayol-bonay\Desktop\Semestre2\M.Gil\MonPortFolioSIO\Collab\maven\lib\maven-shared-utils-3.3.4.jar@0
INFO [org.netbeans.updater]: Copied file C:\Users\lukas.godayol-bonay\Desktop\Semestre2\M.Gil\MonPortFolioSIO\Collab\update\download\org-netbeans-modules-maven-embedder.nbm:netbeans/maven/lib/maven-shared-utils-3.3.4.jar to C:\Users\lukas.godayol-bonay\Desktop\Semestre2\M.Gil\MonPortFolioSIO\Collab\maven\lib\maven-shared-utils-3.3.4.jar
INFO [org.netbeans.updater]: File installed C:\Users\lukas.godayol-bonay\Desktop\Semestre2\M.Gil\MonPortFolioSIO\Collab\maven\lib\maven-slf4j-provider-3.9.3.jar@0
INFO [org.netbeans.updater]: Copied file C:\Users\lukas.godayol-bonay\Desktop\Semestre2\M.Gil\MonPortFolioSIO\Collab\update\download\org-netbeans-modules-maven-embedder.nbm:netbeans/maven/lib/maven-slf4j-provider-3.9.3.jar to C:\Users\lukas.godayol-bonay\Desktop\Semestre2\M.Gil\MonPortFolioSIO\Collab\maven\lib\maven-slf4j-provider-3.9.3.jar
INFO [org.netbeans.updater]: File installed C:\Users\lukas.godayol-bonay\Desktop\Semestre2\M.Gil\MonPortFolioSIO\Collab\maven\lib\org.eclipse.sisu.inject-0.3.5.jar@0
INFO [org.netbeans.updater]: Copied file C:\Users\lukas.godayol-bonay\Desktop\Semestre2\M.Gil\MonPortFolioSIO\Collab\update\download\org-netbeans-modules-maven-embedder.nbm:netbeans/maven/lib/org.eclipse.sisu.inject-0.3.5.jar to C:\Users\lukas.godayol-bonay\Desktop\Semestre2\M.Gil\MonPortFolioSIO\Collab\maven\lib\org.eclipse.sisu.inject-0.3.5.jar
INFO [org.netbeans.updater]: File installed C:\Users\lukas.godayol-bonay\Desktop\Semestre2\M.Gil\MonPortFolioSIO\Collab\maven\lib\org.eclipse.sisu.inject.license@0
INFO [org.netbeans.updater]: Copied file C:\Users\lukas.godayol-bonay\Desktop\Semestre2\M.Gil\MonPortFolioSIO\Collab\update\download\org-netbeans-modules-maven-embedder.nbm:netbeans/maven/lib/org.eclipse.sisu.inject.license to C:\Users\lukas.godayol-bonay\Desktop\Semestre2\M.Gil\MonPortFolioSIO\Collab\maven\lib\org.eclipse.sisu.inject.license
INFO [org.netbeans.updater]: File installed C:\Users\lukas.godayol-bonay\Desktop\Semestre2\M.Gil\MonPortFolioSIO\Collab\maven\lib\org.eclipse.sisu.plexus-0.3.5.jar@0
INFO [org.netbeans.updater]: Copied file C:\Users\lukas.godayol-bonay\Desktop\Semestre2\M.Gil\MonPortFolioSIO\Collab\update\download\org-netbeans-modules-maven-embedder.nbm:netbeans/maven/lib/org.eclipse.sisu.plexus-0.3.5.jar to C:\Users\lukas.godayol-bonay\Desktop\Semestre2\M.Gil\MonPortFolioSIO\Collab\maven\lib\org.eclipse.sisu.plexus-0.3.5.jar
INFO [org.netbeans.updater]: File installed C:\Users\lukas.godayol-bonay\Desktop\Semestre2\M.Gil\MonPortFolioSIO\Collab\maven\lib\org.eclipse.sisu.plexus.license@0
INFO [org.netbeans.updater]: Copied file C:\Users\lukas.godayol-bonay\Desktop\Semestre2\M.Gil\MonPortFolioSIO\Collab\update\download\org-netbeans-modules-maven-embedder.nbm:netbeans/maven/lib/org.eclipse.sisu.plexus.license to C:\Users\lukas.godayol-bonay\Desktop\Semestre2\M.Gil\MonPortFolioSIO\Collab\maven\lib\org.eclipse.sisu.plexus.license
INFO [org.netbeans.updater]: File installed C:\Users\lukas.godayol-bonay\Desktop\Semestre2\M.Gil\MonPortFolioSIO\Collab\maven\lib\plexus-cipher-2.0.jar@0
INFO [org.netbeans.updater]: Copied file C:\Users\lukas.godayol-bonay\Desktop\Semestre2\M.Gil\MonPortFolioSIO\Collab\update\download\org-netbeans-modules-maven-embedder.nbm:netbeans/maven/lib/plexus-cipher-2.0.jar to C:\Users\lukas.godayol-bonay\Desktop\Semestre2\M.Gil\MonPortFolioSIO\Collab\maven\lib\plexus-cipher-2.0.jar
INFO [org.netbeans.updater]: File installed C:\Users\lukas.godayol-bonay\Desktop\Semestre2\M.Gil\MonPortFolioSIO\Collab\maven\lib\plexus-cipher.license@0
INFO [org.netbeans.updater]: Copied file C:\Users\lukas.godayol-bonay\Desktop\Semestre2\M.Gil\MonPortFolioSIO\Collab\update\download\org-netbeans-modules-maven-embedder.nbm:netbeans/maven/lib/plexus-cipher.license to C:\Users\lukas.godayol-bonay\Desktop\Semestre2\M.Gil\MonPortFolioSIO\Collab\maven\lib\plexus-cipher.license
INFO [org.netbeans.updater]: File installed C:\Users\lukas.godayol-bonay\Desktop\Semestre2\M.Gil\MonPortFolioSIO\Collab\maven\lib\plexus-component-annotations-2.1.0.jar@0
INFO [org.netbeans.updater]: Copied file C:\Users\lukas.godayol-bonay\Desktop\Semestre2\M.Gil\MonPortFolioSIO\Collab\update\download\org-netbeans-modules-maven-embedder.nbm:netbeans/maven/lib/plexus-component-annotations-2.1.0.jar to C:\Users\lukas.godayol-bonay\Desktop\Semestre2\M.Gil\MonPortFolioSIO\Collab\maven\lib\plexus-component-annotations-2.1.0.jar
INFO [org.netbeans.updater]: File installed C:\Users\lukas.godayol-bonay\Desktop\Semestre2\M.Gil\MonPortFolioSIO\Collab\maven\lib\plexus-component-annotations.license@0
INFO [org.netbeans.updater]: Copied file C:\Users\lukas.godayol-bonay\Desktop\Semestre2\M.Gil\MonPortFolioSIO\Collab\update\download\org-netbeans-modules-maven-embedder.nbm:netbeans/maven/lib/plexus-component-annotations.license to C:\Users\lukas.godayol-bonay\Desktop\Semestre2\M.Gil\MonPortFolioSIO\Collab\maven\lib\plexus-component-annotations.license
INFO [org.netbeans.updater]: File installed C:\Users\lukas.godayol-bonay\Desktop\Semestre2\M.Gil\MonPortFolioSIO\Collab\maven\lib\plexus-interpolation-1.26.jar@0
INFO [org.netbeans.updater]: Copied file C:\Users\lukas.godayol-bonay\Desktop\Semestre2\M.Gil\MonPortFolioSIO\Collab\update\download\org-netbeans-modules-maven-embedder.nbm:netbeans/maven/lib/plexus-interpolation-1.26.jar to C:\Users\lukas.godayol-bonay\Desktop\Semestre2\M.Gil\MonPortFolioSIO\Collab\maven\lib\plexus-interpolation-1.26.jar
INFO [org.netbeans.updater]: File installed C:\Users\lukas.godayol-bonay\Desktop\Semestre2\M.Gil\MonPortFolioSIO\Collab\maven\lib\plexus-interpolation.license@0
INFO [org.netbeans.updater]: Copied file C:\Users\lukas.godayol-bonay\Desktop\Semestre2\M.Gil\MonPortFolioSIO\Collab\update\download\org-netbeans-modules-maven-embedder.nbm:netbeans/maven/lib/plexus-interpolation.license to C:\Users\lukas.godayol-bonay\Desktop\Semestre2\M.Gil\MonPortFolioSIO\Collab\maven\lib\plexus-interpolation.license
INFO [org.netbeans.updater]: File installed C:\Users\lukas.godayol-bonay\Desktop\Semestre2\M.Gil\MonPortFolioSIO\Collab\maven\lib\plexus-sec-dispatcher-2.0.jar@0
INFO [org.netbeans.updater]: Copied file C:\Users\lukas.godayol-bonay\Desktop\Semestre2\M.Gil\MonPortFolioSIO\Collab\update\download\org-netbeans-modules-maven-embedder.nbm:netbeans/maven/lib/plexus-sec-dispatcher-2.0.jar to C:\Users\lukas.godayol-bonay\Desktop\Semestre2\M.Gil\MonPortFolioSIO\Collab\maven\lib\plexus-sec-dispatcher-2.0.jar
INFO [org.netbeans.updater]: File installed C:\Users\lukas.godayol-bonay\Desktop\Semestre2\M.Gil\MonPortFolioSIO\Collab\maven\lib\plexus-sec-dispatcher.license@0
INFO [org.netbeans.updater]: Copied file C:\Users\lukas.godayol-bonay\Desktop\Semestre2\M.Gil\MonPortFolioSIO\Collab\update\download\org-netbeans-modules-maven-embedder.nbm:netbeans/maven/lib/plexus-sec-dispatcher.license to C:\Users\lukas.godayol-bonay\Desktop\Semestre2\M.Gil\MonPortFolioSIO\Collab\maven\lib\plexus-sec-dispatcher.license
INFO [org.netbeans.updater]: File installed C:\Users\lukas.godayol-bonay\Desktop\Semestre2\M.Gil\MonPortFolioSIO\Collab\maven\lib\plexus-utils-3.5.1.jar@0
INFO [org.netbeans.updater]: Copied file C:\Users\lukas.godayol-bonay\Desktop\Semestre2\M.Gil\MonPortFolioSIO\Collab\update\download\org-netbeans-modules-maven-embedder.nbm:netbeans/maven/lib/plexus-utils-3.5.1.jar to C:\Users\lukas.godayol-bonay\Desktop\Semestre2\M.Gil\MonPortFolioSIO\Collab\maven\lib\plexus-utils-3.5.1.jar
INFO [org.netbeans.updater]: File installed C:\Users\lukas.godayol-bonay\Desktop\Semestre2\M.Gil\MonPortFolioSIO\Collab\maven\lib\plexus-utils.license@0
INFO [org.netbeans.updater]: Copied file C:\Users\lukas.godayol-bonay\Desktop\Semestre2\M.Gil\MonPortFolioSIO\Collab\update\download\org-netbeans-modules-maven-embedder.nbm:netbeans/maven/lib/plexus-utils.license to C:\Users\lukas.godayol-bonay\Desktop\Semestre2\M.Gil\MonPortFolioSIO\Collab\maven\lib\plexus-utils.license
INFO [org.netbeans.updater]: File installed C:\Users\lukas.godayol-bonay\Desktop\Semestre2\M.Gil\MonPortFolioSIO\Collab\maven\lib\slf4j-api-1.7.36.jar@0
INFO [org.netbeans.updater]: Copied file C:\Users\lukas.godayol-bonay\Desktop\Semestre2\M.Gil\MonPortFolioSIO\Collab\update\download\org-netbeans-modules-maven-embedder.nbm:netbeans/maven/lib/slf4j-api-1.7.36.jar to C:\Users\lukas.godayol-bonay\Desktop\Semestre2\M.Gil\MonPortFolioSIO\Collab\maven\lib\slf4j-api-1.7.36.jar
INFO [org.netbeans.updater]: File installed C:\Users\lukas.godayol-bonay\Desktop\Semestre2\M.Gil\MonPortFolioSIO\Collab\maven\lib\slf4j-api.license@0
INFO [org.netbeans.updater]: Copied file C:\Users\lukas.godayol-bonay\Desktop\Semestre2\M.Gil\MonPortFolioSIO\Collab\update\download\org-netbeans-modules-maven-embedder.nbm:netbeans/maven/lib/slf4j-api.license to C:\Users\lukas.godayol-bonay\Desktop\Semestre2\M.Gil\MonPortFolioSIO\Collab\maven\lib\slf4j-api.license
INFO [org.netbeans.updater]: File installed C:\Users\lukas.godayol-bonay\Desktop\Semestre2\M.Gil\MonPortFolioSIO\Collab\maven\lib\wagon-file-3.5.3.jar@0
INFO [org.netbeans.updater]: Copied file C:\Users\lukas.godayol-bonay\Desktop\Semestre2\M.Gil\MonPortFolioSIO\Collab\update\download\org-netbeans-modules-maven-embedder.nbm:netbeans/maven/lib/wagon-file-3.5.3.jar to C:\Users\lukas.godayol-bonay\Desktop\Semestre2\M.Gil\MonPortFolioSIO\Collab\maven\lib\wagon-file-3.5.3.jar
INFO [org.netbeans.updater]: File installed C:\Users\lukas.godayol-bonay\Desktop\Semestre2\M.Gil\MonPortFolioSIO\Collab\maven\lib\wagon-http-3.5.3.jar@0
INFO [org.netbeans.updater]: Copied file C:\Users\lukas.godayol-bonay\Desktop\Semestre2\M.Gil\MonPortFolioSIO\Collab\update\download\org-netbeans-modules-maven-embedder.nbm:netbeans/maven/lib/wagon-http-3.5.3.jar to C:\Users\lukas.godayol-bonay\Desktop\Semestre2\M.Gil\MonPortFolioSIO\Collab\maven\lib\wagon-http-3.5.3.jar
INFO [org.netbeans.updater]: File installed C:\Users\lukas.godayol-bonay\Desktop\Semestre2\M.Gil\MonPortFolioSIO\Collab\maven\lib\wagon-http-shared-3.5.3.jar@0
INFO [org.netbeans.updater]: Copied file C:\Users\lukas.godayol-bonay\Desktop\Semestre2\M.Gil\MonPortFolioSIO\Collab\update\download\org-netbeans-modules-maven-embedder.nbm:netbeans/maven/lib/wagon-http-shared-3.5.3.jar to C:\Users\lukas.godayol-bonay\Desktop\Semestre2\M.Gil\MonPortFolioSIO\Collab\maven\lib\wagon-http-shared-3.5.3.jar
INFO [org.netbeans.updater]: File installed C:\Users\lukas.godayol-bonay\Desktop\Semestre2\M.Gil\MonPortFolioSIO\Collab\maven\lib\wagon-provider-api-3.5.3.jar@0
INFO [org.netbeans.updater]: Copied file C:\Users\lukas.godayol-bonay\Desktop\Semestre2\M.Gil\MonPortFolioSIO\Collab\update\download\org-netbeans-modules-maven-embedder.nbm:netbeans/maven/lib/wagon-provider-api-3.5.3.jar to C:\Users\lukas.godayol-bonay\Desktop\Semestre2\M.Gil\MonPortFolioSIO\Collab\maven\lib\wagon-provider-api-3.5.3.jar
INFO [org.netbeans.updater]: File installed C:\Users\lukas.godayol-bonay\Desktop\Semestre2\M.Gil\MonPortFolioSIO\Collab\modules\ext\maven\jdom-1.0.jar@0
INFO [org.netbeans.updater]: Copied file C:\Users\lukas.godayol-bonay\Desktop\Semestre2\M.Gil\MonPortFolioSIO\Collab\update\download\org-netbeans-modules-maven-embedder.nbm:netbeans/modules/ext/maven/jdom-1.0.jar to C:\Users\lukas.godayol-bonay\Desktop\Semestre2\M.Gil\MonPortFolioSIO\Collab\modules\ext\maven\jdom-1.0.jar
INFO [org.netbeans.updater]: File installed C:\Users\lukas.godayol-bonay\Desktop\Semestre2\M.Gil\MonPortFolioSIO\Collab\modules\ext\maven\maven-dependency-tree-2.2.jar@0
INFO [org.netbeans.updater]: Copied file C:\Users\lukas.godayol-bonay\Desktop\Semestre2\M.Gil\MonPortFolioSIO\Collab\update\download\org-netbeans-modules-maven-embedder.nbm:netbeans/modules/ext/maven/maven-dependency-tree-2.2.jar to C:\Users\lukas.godayol-bonay\Desktop\Semestre2\M.Gil\MonPortFolioSIO\Collab\modules\ext\maven\maven-dependency-tree-2.2.jar
INFO [org.netbeans.updater]: File installed C:\Users\lukas.godayol-bonay\Desktop\Semestre2\M.Gil\MonPortFolioSIO\Collab\modules\ext\maven\rootpackage\default-report.xml@0
INFO [org.netbeans.updater]: Copied file C:\Users\lukas.godayol-bonay\Desktop\Semestre2\M.Gil\MonPortFolioSIO\Collab\update\download\org-netbeans-modules-maven-embedder.nbm:netbeans/modules/ext/maven/rootpackage/default-report.xml to C:\Users\lukas.godayol-bonay\Desktop\Semestre2\M.Gil\MonPortFolioSIO\Collab\modules\ext\maven\rootpackage\default-report.xml
INFO [org.netbeans.updater]: File installed C:\Users\lukas.godayol-bonay\Desktop\Semestre2\M.Gil\MonPortFolioSIO\Collab\modules\org-netbeans-modules-maven-embedder.jar@0
INFO [org.netbeans.updater]: Copied file C:\Users\lukas.godayol-bonay\Desktop\Semestre2\M.Gil\MonPortFolioSIO\Collab\update\download\org-netbeans-modules-maven-embedder.nbm:netbeans/modules/org-netbeans-modules-maven-embedder.jar to C:\Users\lukas.godayol-bonay\Desktop\Semestre2\M.Gil\MonPortFolioSIO\Collab\modules\org-netbeans-modules-maven-embedder.jar
INFO [org.netbeans.updater]: File C:\Users\lukas.godayol-bonay\Desktop\Semestre2\M.Gil\MonPortFolioSIO\Collab\update\download\org-netbeans-modules-maven-embedder.nbm deleted.
INFO [org.netbeans.updater]: Use XML Transformer: com.sun.org.apache.xalan.internal.xsltc.trax.TransformerImpl@7923b24f
INFO [org.netbeans.updater]: File C:\Users\lukas.godayol-bonay\Desktop\Semestre2\M.Gil\MonPortFolioSIO\Collab\update_tracking\org-netbeans-modules-maven-embedder.xml modified.
INFO [org.netbeans.updater]: File installed C:\Users\lukas.godayol-bonay\Desktop\Semestre2\M.Gil\MonPortFolioSIO\Collab\update_tracking\org-netbeans-modules-maven-embedder.xml@0
INFO [org.netbeans.updater]: 780: Unpacking org-netbeans-modules-j2eeapis.nbm
INFO [org.netbeans.modules.progress.spi.InternalHandle]: Cannot process more work than scheduled. Progress handle with name "Installing plugins..." has requested progress to workunit no.90 but the total number of workunits is 1. That means the progress bar UI will not display real progress and will stay at 100%.
java.lang.IllegalArgumentException
[catch] at org.netbeans.modules.progress.spi.InternalHandle.progress(InternalHandle.java:329)
	at org.netbeans.api.progress.ProgressHandle.progress(ProgressHandle.java:264)
	at org.netbeans.modules.autoupdate.services.InstallSupportImpl$RefreshModulesListener.propertyChange(InstallSupportImpl.java:1261)
	at org.netbeans.updater.UpdaterInternal$1Context.firePropertyChange(UpdaterInternal.java:97)
	at org.netbeans.updater.UpdaterInternal$1Context.unpackingIsRunning(UpdaterInternal.java:64)
	at org.netbeans.updater.ModuleUpdater.unpack(ModuleUpdater.java:311)
	at org.netbeans.updater.ModuleUpdater.run(ModuleUpdater.java:118)
INFO [org.netbeans.updater]: File installed C:\Users\lukas.godayol-bonay\Desktop\Semestre2\M.Gil\MonPortFolioSIO\Collab\config\Modules\org-netbeans-modules-j2eeapis.xml@0
INFO [org.netbeans.updater]: Copied file C:\Users\lukas.godayol-bonay\Desktop\Semestre2\M.Gil\MonPortFolioSIO\Collab\update\download\org-netbeans-modules-j2eeapis.nbm:netbeans/config/Modules/org-netbeans-modules-j2eeapis.xml to C:\Users\lukas.godayol-bonay\Desktop\Semestre2\M.Gil\MonPortFolioSIO\Collab\config\Modules\org-netbeans-modules-j2eeapis.xml
INFO [org.netbeans.updater]: File installed C:\Users\lukas.godayol-bonay\Desktop\Semestre2\M.Gil\MonPortFolioSIO\Collab\modules\ext\jsr88javax.jar@0
INFO [org.netbeans.updater]: Copied file C:\Users\lukas.godayol-bonay\Desktop\Semestre2\M.Gil\MonPortFolioSIO\Collab\update\download\org-netbeans-modules-j2eeapis.nbm:netbeans/modules/ext/jsr88javax.jar to C:\Users\lukas.godayol-bonay\Desktop\Semestre2\M.Gil\MonPortFolioSIO\Collab\modules\ext\jsr88javax.jar
INFO [org.netbeans.updater]: File installed C:\Users\lukas.godayol-bonay\Desktop\Semestre2\M.Gil\MonPortFolioSIO\Collab\modules\org-netbeans-modules-j2eeapis.jar@0
INFO [org.netbeans.updater]: Copied file C:\Users\lukas.godayol-bonay\Desktop\Semestre2\M.Gil\MonPortFolioSIO\Collab\update\download\org-netbeans-modules-j2eeapis.nbm:netbeans/modules/org-netbeans-modules-j2eeapis.jar to C:\Users\lukas.godayol-bonay\Desktop\Semestre2\M.Gil\MonPortFolioSIO\Collab\modules\org-netbeans-modules-j2eeapis.jar
INFO [org.netbeans.updater]: File C:\Users\lukas.godayol-bonay\Desktop\Semestre2\M.Gil\MonPortFolioSIO\Collab\update\download\org-netbeans-modules-j2eeapis.nbm deleted.
INFO [org.netbeans.updater]: Use XML Transformer: com.sun.org.apache.xalan.internal.xsltc.trax.TransformerImpl@6349f72b
INFO [org.netbeans.updater]: File C:\Users\lukas.godayol-bonay\Desktop\Semestre2\M.Gil\MonPortFolioSIO\Collab\update_tracking\org-netbeans-modules-j2eeapis.xml modified.
INFO [org.netbeans.updater]: File installed C:\Users\lukas.godayol-bonay\Desktop\Semestre2\M.Gil\MonPortFolioSIO\Collab\update_tracking\org-netbeans-modules-j2eeapis.xml@0
INFO [org.netbeans.updater]: 780: Unpacking org-netbeans-modules-java-project-ui.nbm
INFO [org.netbeans.modules.progress.spi.InternalHandle]: Cannot process more work than scheduled. Progress handle with name "Installing plugins..." has requested progress to workunit no.91 but the total number of workunits is 1. That means the progress bar UI will not display real progress and will stay at 100%.
java.lang.IllegalArgumentException
[catch] at org.netbeans.modules.progress.spi.InternalHandle.progress(InternalHandle.java:329)
	at org.netbeans.api.progress.ProgressHandle.progress(ProgressHandle.java:264)
	at org.netbeans.modules.autoupdate.services.InstallSupportImpl$RefreshModulesListener.propertyChange(InstallSupportImpl.java:1261)
	at org.netbeans.updater.UpdaterInternal$1Context.firePropertyChange(UpdaterInternal.java:97)
	at org.netbeans.updater.UpdaterInternal$1Context.unpackingIsRunning(UpdaterInternal.java:64)
	at org.netbeans.updater.ModuleUpdater.unpack(ModuleUpdater.java:311)
	at org.netbeans.updater.ModuleUpdater.run(ModuleUpdater.java:118)
INFO [org.netbeans.updater]: File installed C:\Users\lukas.godayol-bonay\Desktop\Semestre2\M.Gil\MonPortFolioSIO\Collab\config\Modules\org-netbeans-modules-java-project-ui.xml@0
INFO [org.netbeans.updater]: Copied file C:\Users\lukas.godayol-bonay\Desktop\Semestre2\M.Gil\MonPortFolioSIO\Collab\update\download\org-netbeans-modules-java-project-ui.nbm:netbeans/config/Modules/org-netbeans-modules-java-project-ui.xml to C:\Users\lukas.godayol-bonay\Desktop\Semestre2\M.Gil\MonPortFolioSIO\Collab\config\Modules\org-netbeans-modules-java-project-ui.xml
INFO [org.netbeans.updater]: File installed C:\Users\lukas.godayol-bonay\Desktop\Semestre2\M.Gil\MonPortFolioSIO\Collab\modules\org-netbeans-modules-java-project-ui.jar@0
INFO [org.netbeans.updater]: Copied file C:\Users\lukas.godayol-bonay\Desktop\Semestre2\M.Gil\MonPortFolioSIO\Collab\update\download\org-netbeans-modules-java-project-ui.nbm:netbeans/modules/org-netbeans-modules-java-project-ui.jar to C:\Users\lukas.godayol-bonay\Desktop\Semestre2\M.Gil\MonPortFolioSIO\Collab\modules\org-netbeans-modules-java-project-ui.jar
INFO [org.netbeans.updater]: File C:\Users\lukas.godayol-bonay\Desktop\Semestre2\M.Gil\MonPortFolioSIO\Collab\update\download\org-netbeans-modules-java-project-ui.nbm deleted.
INFO [org.netbeans.updater]: Use XML Transformer: com.sun.org.apache.xalan.internal.xsltc.trax.TransformerImpl@3d297749
INFO [org.netbeans.updater]: File C:\Users\lukas.godayol-bonay\Desktop\Semestre2\M.Gil\MonPortFolioSIO\Collab\update_tracking\org-netbeans-modules-java-project-ui.xml modified.
INFO [org.netbeans.updater]: File installed C:\Users\lukas.godayol-bonay\Desktop\Semestre2\M.Gil\MonPortFolioSIO\Collab\update_tracking\org-netbeans-modules-java-project-ui.xml@0
INFO [org.netbeans.updater]: 780: Unpacking org-netbeans-modules-glassfish-tooling.nbm
INFO [org.netbeans.modules.progress.spi.InternalHandle]: Cannot process more work than scheduled. Progress handle with name "Installing plugins..." has requested progress to workunit no.92 but the total number of workunits is 1. That means the progress bar UI will not display real progress and will stay at 100%.
java.lang.IllegalArgumentException
[catch] at org.netbeans.modules.progress.spi.InternalHandle.progress(InternalHandle.java:329)
	at org.netbeans.api.progress.ProgressHandle.progress(ProgressHandle.java:264)
	at org.netbeans.modules.autoupdate.services.InstallSupportImpl$RefreshModulesListener.propertyChange(InstallSupportImpl.java:1261)
	at org.netbeans.updater.UpdaterInternal$1Context.firePropertyChange(UpdaterInternal.java:97)
	at org.netbeans.updater.UpdaterInternal$1Context.unpackingIsRunning(UpdaterInternal.java:64)
	at org.netbeans.updater.ModuleUpdater.unpack(ModuleUpdater.java:311)
	at org.netbeans.updater.ModuleUpdater.run(ModuleUpdater.java:118)
INFO [org.netbeans.updater]: File installed C:\Users\lukas.godayol-bonay\Desktop\Semestre2\M.Gil\MonPortFolioSIO\Collab\config\Modules\org-netbeans-modules-glassfish-tooling.xml@0
INFO [org.netbeans.updater]: Copied file C:\Users\lukas.godayol-bonay\Desktop\Semestre2\M.Gil\MonPortFolioSIO\Collab\update\download\org-netbeans-modules-glassfish-tooling.nbm:netbeans/config/Modules/org-netbeans-modules-glassfish-tooling.xml to C:\Users\lukas.godayol-bonay\Desktop\Semestre2\M.Gil\MonPortFolioSIO\Collab\config\Modules\org-netbeans-modules-glassfish-tooling.xml
INFO [org.netbeans.updater]: File installed C:\Users\lukas.godayol-bonay\Desktop\Semestre2\M.Gil\MonPortFolioSIO\Collab\modules\org-netbeans-modules-glassfish-tooling.jar@0
INFO [org.netbeans.updater]: Copied file C:\Users\lukas.godayol-bonay\Desktop\Semestre2\M.Gil\MonPortFolioSIO\Collab\update\download\org-netbeans-modules-glassfish-tooling.nbm:netbeans/modules/org-netbeans-modules-glassfish-tooling.jar to C:\Users\lukas.godayol-bonay\Desktop\Semestre2\M.Gil\MonPortFolioSIO\Collab\modules\org-netbeans-modules-glassfish-tooling.jar
INFO [org.netbeans.updater]: File C:\Users\lukas.godayol-bonay\Desktop\Semestre2\M.Gil\MonPortFolioSIO\Collab\update\download\org-netbeans-modules-glassfish-tooling.nbm deleted.
INFO [org.netbeans.updater]: Use XML Transformer: com.sun.org.apache.xalan.internal.xsltc.trax.TransformerImpl@1901b747
INFO [org.netbeans.updater]: File C:\Users\lukas.godayol-bonay\Desktop\Semestre2\M.Gil\MonPortFolioSIO\Collab\update_tracking\org-netbeans-modules-glassfish-tooling.xml modified.
INFO [org.netbeans.updater]: File installed C:\Users\lukas.godayol-bonay\Desktop\Semestre2\M.Gil\MonPortFolioSIO\Collab\update_tracking\org-netbeans-modules-glassfish-tooling.xml@0
INFO [org.netbeans.updater]: 780: Unpacking org-netbeans-modules-javaee-specs-support.nbm
INFO [org.netbeans.modules.progress.spi.InternalHandle]: Cannot process more work than scheduled. Progress handle with name "Installing plugins..." has requested progress to workunit no.93 but the total number of workunits is 1. That means the progress bar UI will not display real progress and will stay at 100%.
java.lang.IllegalArgumentException
[catch] at org.netbeans.modules.progress.spi.InternalHandle.progress(InternalHandle.java:329)
	at org.netbeans.api.progress.ProgressHandle.progress(ProgressHandle.java:264)
	at org.netbeans.modules.autoupdate.services.InstallSupportImpl$RefreshModulesListener.propertyChange(InstallSupportImpl.java:1261)
	at org.netbeans.updater.UpdaterInternal$1Context.firePropertyChange(UpdaterInternal.java:97)
	at org.netbeans.updater.UpdaterInternal$1Context.unpackingIsRunning(UpdaterInternal.java:64)
	at org.netbeans.updater.ModuleUpdater.unpack(ModuleUpdater.java:311)
	at org.netbeans.updater.ModuleUpdater.run(ModuleUpdater.java:118)
INFO [org.netbeans.updater]: File installed C:\Users\lukas.godayol-bonay\Desktop\Semestre2\M.Gil\MonPortFolioSIO\Collab\config\Modules\org-netbeans-modules-javaee-specs-support.xml@0
INFO [org.netbeans.updater]: Copied file C:\Users\lukas.godayol-bonay\Desktop\Semestre2\M.Gil\MonPortFolioSIO\Collab\update\download\org-netbeans-modules-javaee-specs-support.nbm:netbeans/config/Modules/org-netbeans-modules-javaee-specs-support.xml to C:\Users\lukas.godayol-bonay\Desktop\Semestre2\M.Gil\MonPortFolioSIO\Collab\config\Modules\org-netbeans-modules-javaee-specs-support.xml
INFO [org.netbeans.updater]: File installed C:\Users\lukas.godayol-bonay\Desktop\Semestre2\M.Gil\MonPortFolioSIO\Collab\modules\org-netbeans-modules-javaee-specs-support.jar@0
INFO [org.netbeans.updater]: Copied file C:\Users\lukas.godayol-bonay\Desktop\Semestre2\M.Gil\MonPortFolioSIO\Collab\update\download\org-netbeans-modules-javaee-specs-support.nbm:netbeans/modules/org-netbeans-modules-javaee-specs-support.jar to C:\Users\lukas.godayol-bonay\Desktop\Semestre2\M.Gil\MonPortFolioSIO\Collab\modules\org-netbeans-modules-javaee-specs-support.jar
INFO [org.netbeans.updater]: File C:\Users\lukas.godayol-bonay\Desktop\Semestre2\M.Gil\MonPortFolioSIO\Collab\update\download\org-netbeans-modules-javaee-specs-support.nbm deleted.
INFO [org.netbeans.updater]: Use XML Transformer: com.sun.org.apache.xalan.internal.xsltc.trax.TransformerImpl@74913d81
INFO [org.netbeans.updater]: File C:\Users\lukas.godayol-bonay\Desktop\Semestre2\M.Gil\MonPortFolioSIO\Collab\update_tracking\org-netbeans-modules-javaee-specs-support.xml modified.
INFO [org.netbeans.updater]: File installed C:\Users\lukas.godayol-bonay\Desktop\Semestre2\M.Gil\MonPortFolioSIO\Collab\update_tracking\org-netbeans-modules-javaee-specs-support.xml@0
INFO [org.netbeans.updater]: 780: Unpacking org-netbeans-modules-j2ee-core-utilities.nbm
INFO [org.netbeans.modules.progress.spi.InternalHandle]: Cannot process more work than scheduled. Progress handle with name "Installing plugins..." has requested progress to workunit no.94 but the total number of workunits is 1. That means the progress bar UI will not display real progress and will stay at 100%.
java.lang.IllegalArgumentException
[catch] at org.netbeans.modules.progress.spi.InternalHandle.progress(InternalHandle.java:329)
	at org.netbeans.api.progress.ProgressHandle.progress(ProgressHandle.java:264)
	at org.netbeans.modules.autoupdate.services.InstallSupportImpl$RefreshModulesListener.propertyChange(InstallSupportImpl.java:1261)
	at org.netbeans.updater.UpdaterInternal$1Context.firePropertyChange(UpdaterInternal.java:97)
	at org.netbeans.updater.UpdaterInternal$1Context.unpackingIsRunning(UpdaterInternal.java:64)
	at org.netbeans.updater.ModuleUpdater.unpack(ModuleUpdater.java:311)
	at org.netbeans.updater.ModuleUpdater.run(ModuleUpdater.java:118)
INFO [org.netbeans.updater]: File installed C:\Users\lukas.godayol-bonay\Desktop\Semestre2\M.Gil\MonPortFolioSIO\Collab\config\Modules\org-netbeans-modules-j2ee-core-utilities.xml@0
INFO [org.netbeans.updater]: Copied file C:\Users\lukas.godayol-bonay\Desktop\Semestre2\M.Gil\MonPortFolioSIO\Collab\update\download\org-netbeans-modules-j2ee-core-utilities.nbm:netbeans/config/Modules/org-netbeans-modules-j2ee-core-utilities.xml to C:\Users\lukas.godayol-bonay\Desktop\Semestre2\M.Gil\MonPortFolioSIO\Collab\config\Modules\org-netbeans-modules-j2ee-core-utilities.xml
INFO [org.netbeans.updater]: File installed C:\Users\lukas.godayol-bonay\Desktop\Semestre2\M.Gil\MonPortFolioSIO\Collab\modules\org-netbeans-modules-j2ee-core-utilities.jar@0
INFO [org.netbeans.updater]: Copied file C:\Users\lukas.godayol-bonay\Desktop\Semestre2\M.Gil\MonPortFolioSIO\Collab\update\download\org-netbeans-modules-j2ee-core-utilities.nbm:netbeans/modules/org-netbeans-modules-j2ee-core-utilities.jar to C:\Users\lukas.godayol-bonay\Desktop\Semestre2\M.Gil\MonPortFolioSIO\Collab\modules\org-netbeans-modules-j2ee-core-utilities.jar
INFO [org.netbeans.updater]: File C:\Users\lukas.godayol-bonay\Desktop\Semestre2\M.Gil\MonPortFolioSIO\Collab\update\download\org-netbeans-modules-j2ee-core-utilities.nbm deleted.
INFO [org.netbeans.updater]: Use XML Transformer: com.sun.org.apache.xalan.internal.xsltc.trax.TransformerImpl@218a3d49
INFO [org.netbeans.updater]: File C:\Users\lukas.godayol-bonay\Desktop\Semestre2\M.Gil\MonPortFolioSIO\Collab\update_tracking\org-netbeans-modules-j2ee-core-utilities.xml modified.
INFO [org.netbeans.updater]: File installed C:\Users\lukas.godayol-bonay\Desktop\Semestre2\M.Gil\MonPortFolioSIO\Collab\update_tracking\org-netbeans-modules-j2ee-core-utilities.xml@0
INFO [org.netbeans.updater]: 780: Unpacking org-netbeans-modules-javaee-wildfly.nbm
INFO [org.netbeans.modules.progress.spi.InternalHandle]: Cannot process more work than scheduled. Progress handle with name "Installing plugins..." has requested progress to workunit no.95 but the total number of workunits is 1. That means the progress bar UI will not display real progress and will stay at 100%.
java.lang.IllegalArgumentException
[catch] at org.netbeans.modules.progress.spi.InternalHandle.progress(InternalHandle.java:329)
	at org.netbeans.api.progress.ProgressHandle.progress(ProgressHandle.java:264)
	at org.netbeans.modules.autoupdate.services.InstallSupportImpl$RefreshModulesListener.propertyChange(InstallSupportImpl.java:1261)
	at org.netbeans.updater.UpdaterInternal$1Context.firePropertyChange(UpdaterInternal.java:97)
	at org.netbeans.updater.UpdaterInternal$1Context.unpackingIsRunning(UpdaterInternal.java:64)
	at org.netbeans.updater.ModuleUpdater.unpack(ModuleUpdater.java:311)
	at org.netbeans.updater.ModuleUpdater.run(ModuleUpdater.java:118)
INFO [org.netbeans.updater]: File installed C:\Users\lukas.godayol-bonay\Desktop\Semestre2\M.Gil\MonPortFolioSIO\Collab\config\Modules\org-netbeans-modules-javaee-wildfly.xml@0
INFO [org.netbeans.updater]: Copied file C:\Users\lukas.godayol-bonay\Desktop\Semestre2\M.Gil\MonPortFolioSIO\Collab\update\download\org-netbeans-modules-javaee-wildfly.nbm:netbeans/config/Modules/org-netbeans-modules-javaee-wildfly.xml to C:\Users\lukas.godayol-bonay\Desktop\Semestre2\M.Gil\MonPortFolioSIO\Collab\config\Modules\org-netbeans-modules-javaee-wildfly.xml
INFO [org.netbeans.updater]: File installed C:\Users\lukas.godayol-bonay\Desktop\Semestre2\M.Gil\MonPortFolioSIO\Collab\modules\org-netbeans-modules-javaee-wildfly.jar@0
INFO [org.netbeans.updater]: Copied file C:\Users\lukas.godayol-bonay\Desktop\Semestre2\M.Gil\MonPortFolioSIO\Collab\update\download\org-netbeans-modules-javaee-wildfly.nbm:netbeans/modules/org-netbeans-modules-javaee-wildfly.jar to C:\Users\lukas.godayol-bonay\Desktop\Semestre2\M.Gil\MonPortFolioSIO\Collab\modules\org-netbeans-modules-javaee-wildfly.jar
INFO [org.netbeans.updater]: File C:\Users\lukas.godayol-bonay\Desktop\Semestre2\M.Gil\MonPortFolioSIO\Collab\update\download\org-netbeans-modules-javaee-wildfly.nbm deleted.
INFO [org.netbeans.updater]: Use XML Transformer: com.sun.org.apache.xalan.internal.xsltc.trax.TransformerImpl@a0a20a0
INFO [org.netbeans.updater]: File C:\Users\lukas.godayol-bonay\Desktop\Semestre2\M.Gil\MonPortFolioSIO\Collab\update_tracking\org-netbeans-modules-javaee-wildfly.xml modified.
INFO [org.netbeans.updater]: File installed C:\Users\lukas.godayol-bonay\Desktop\Semestre2\M.Gil\MonPortFolioSIO\Collab\update_tracking\org-netbeans-modules-javaee-wildfly.xml@0
INFO [org.netbeans.updater]: 780: Unpacking org-netbeans-modules-j2ee-eclipselink.nbm
INFO [org.netbeans.modules.progress.spi.InternalHandle]: Cannot process more work than scheduled. Progress handle with name "Installing plugins..." has requested progress to workunit no.96 but the total number of workunits is 1. That means the progress bar UI will not display real progress and will stay at 100%.
java.lang.IllegalArgumentException
[catch] at org.netbeans.modules.progress.spi.InternalHandle.progress(InternalHandle.java:329)
	at org.netbeans.api.progress.ProgressHandle.progress(ProgressHandle.java:264)
	at org.netbeans.modules.autoupdate.services.InstallSupportImpl$RefreshModulesListener.propertyChange(InstallSupportImpl.java:1261)
	at org.netbeans.updater.UpdaterInternal$1Context.firePropertyChange(UpdaterInternal.java:97)
	at org.netbeans.updater.UpdaterInternal$1Context.unpackingIsRunning(UpdaterInternal.java:64)
	at org.netbeans.updater.ModuleUpdater.unpack(ModuleUpdater.java:311)
	at org.netbeans.updater.ModuleUpdater.run(ModuleUpdater.java:118)
INFO [org.netbeans.updater]: File installed C:\Users\lukas.godayol-bonay\Desktop\Semestre2\M.Gil\MonPortFolioSIO\Collab\config\Modules\org-netbeans-modules-j2ee-eclipselink.xml@0
INFO [org.netbeans.updater]: Copied file C:\Users\lukas.godayol-bonay\Desktop\Semestre2\M.Gil\MonPortFolioSIO\Collab\update\download\org-netbeans-modules-j2ee-eclipselink.nbm:netbeans/config/Modules/org-netbeans-modules-j2ee-eclipselink.xml to C:\Users\lukas.godayol-bonay\Desktop\Semestre2\M.Gil\MonPortFolioSIO\Collab\config\Modules\org-netbeans-modules-j2ee-eclipselink.xml
INFO [org.netbeans.updater]: File installed C:\Users\lukas.godayol-bonay\Desktop\Semestre2\M.Gil\MonPortFolioSIO\Collab\modules\ext\docs\jakarta.persistence-2.2.3-doc.zip@0
INFO [org.netbeans.updater]: Copied file C:\Users\lukas.godayol-bonay\Desktop\Semestre2\M.Gil\MonPortFolioSIO\Collab\update\download\org-netbeans-modules-j2ee-eclipselink.nbm:netbeans/modules/ext/docs/jakarta.persistence-2.2.3-doc.zip to C:\Users\lukas.godayol-bonay\Desktop\Semestre2\M.Gil\MonPortFolioSIO\Collab\modules\ext\docs\jakarta.persistence-2.2.3-doc.zip
INFO [org.netbeans.updater]: File installed C:\Users\lukas.godayol-bonay\Desktop\Semestre2\M.Gil\MonPortFolioSIO\Collab\modules\ext\eclipselink\jakarta.persistence-2.2.3.jar@0
INFO [org.netbeans.updater]: Copied file C:\Users\lukas.godayol-bonay\Desktop\Semestre2\M.Gil\MonPortFolioSIO\Collab\update\download\org-netbeans-modules-j2ee-eclipselink.nbm:netbeans/modules/ext/eclipselink/jakarta.persistence-2.2.3.jar to C:\Users\lukas.godayol-bonay\Desktop\Semestre2\M.Gil\MonPortFolioSIO\Collab\modules\ext\eclipselink\jakarta.persistence-2.2.3.jar
INFO [org.netbeans.updater]: File installed C:\Users\lukas.godayol-bonay\Desktop\Semestre2\M.Gil\MonPortFolioSIO\Collab\modules\ext\eclipselink\org.eclipse.persistence.antlr-2.7.12.jar@0
INFO [org.netbeans.updater]: Copied file C:\Users\lukas.godayol-bonay\Desktop\Semestre2\M.Gil\MonPortFolioSIO\Collab\update\download\org-netbeans-modules-j2ee-eclipselink.nbm:netbeans/modules/ext/eclipselink/org.eclipse.persistence.antlr-2.7.12.jar to C:\Users\lukas.godayol-bonay\Desktop\Semestre2\M.Gil\MonPortFolioSIO\Collab\modules\ext\eclipselink\org.eclipse.persistence.antlr-2.7.12.jar
INFO [org.netbeans.updater]: File installed C:\Users\lukas.godayol-bonay\Desktop\Semestre2\M.Gil\MonPortFolioSIO\Collab\modules\ext\eclipselink\org.eclipse.persistence.asm-9.4.0.jar@0
INFO [org.netbeans.updater]: Copied file C:\Users\lukas.godayol-bonay\Desktop\Semestre2\M.Gil\MonPortFolioSIO\Collab\update\download\org-netbeans-modules-j2ee-eclipselink.nbm:netbeans/modules/ext/eclipselink/org.eclipse.persistence.asm-9.4.0.jar to C:\Users\lukas.godayol-bonay\Desktop\Semestre2\M.Gil\MonPortFolioSIO\Collab\modules\ext\eclipselink\org.eclipse.persistence.asm-9.4.0.jar
INFO [org.netbeans.updater]: File installed C:\Users\lukas.godayol-bonay\Desktop\Semestre2\M.Gil\MonPortFolioSIO\Collab\modules\ext\eclipselink\org.eclipse.persistence.core-2.7.12.jar@0
INFO [org.netbeans.updater]: Copied file C:\Users\lukas.godayol-bonay\Desktop\Semestre2\M.Gil\MonPortFolioSIO\Collab\update\download\org-netbeans-modules-j2ee-eclipselink.nbm:netbeans/modules/ext/eclipselink/org.eclipse.persistence.core-2.7.12.jar to C:\Users\lukas.godayol-bonay\Desktop\Semestre2\M.Gil\MonPortFolioSIO\Collab\modules\ext\eclipselink\org.eclipse.persistence.core-2.7.12.jar
INFO [org.netbeans.updater]: File installed C:\Users\lukas.godayol-bonay\Desktop\Semestre2\M.Gil\MonPortFolioSIO\Collab\modules\ext\eclipselink\org.eclipse.persistence.jpa-2.7.12.jar@0
INFO [org.netbeans.updater]: Copied file C:\Users\lukas.godayol-bonay\Desktop\Semestre2\M.Gil\MonPortFolioSIO\Collab\update\download\org-netbeans-modules-j2ee-eclipselink.nbm:netbeans/modules/ext/eclipselink/org.eclipse.persistence.jpa-2.7.12.jar to C:\Users\lukas.godayol-bonay\Desktop\Semestre2\M.Gil\MonPortFolioSIO\Collab\modules\ext\eclipselink\org.eclipse.persistence.jpa-2.7.12.jar
INFO [org.netbeans.updater]: File installed C:\Users\lukas.godayol-bonay\Desktop\Semestre2\M.Gil\MonPortFolioSIO\Collab\modules\ext\eclipselink\org.eclipse.persistence.jpa.jpql-2.7.12.jar@0
INFO [org.netbeans.updater]: Copied file C:\Users\lukas.godayol-bonay\Desktop\Semestre2\M.Gil\MonPortFolioSIO\Collab\update\download\org-netbeans-modules-j2ee-eclipselink.nbm:netbeans/modules/ext/eclipselink/org.eclipse.persistence.jpa.jpql-2.7.12.jar to C:\Users\lukas.godayol-bonay\Desktop\Semestre2\M.Gil\MonPortFolioSIO\Collab\modules\ext\eclipselink\org.eclipse.persistence.jpa.jpql-2.7.12.jar
INFO [org.netbeans.updater]: File installed C:\Users\lukas.godayol-bonay\Desktop\Semestre2\M.Gil\MonPortFolioSIO\Collab\modules\ext\eclipselink\org.eclipse.persistence.moxy-2.7.12.jar@0
INFO [org.netbeans.updater]: Copied file C:\Users\lukas.godayol-bonay\Desktop\Semestre2\M.Gil\MonPortFolioSIO\Collab\update\download\org-netbeans-modules-j2ee-eclipselink.nbm:netbeans/modules/ext/eclipselink/org.eclipse.persistence.moxy-2.7.12.jar to C:\Users\lukas.godayol-bonay\Desktop\Semestre2\M.Gil\MonPortFolioSIO\Collab\modules\ext\eclipselink\org.eclipse.persistence.moxy-2.7.12.jar
INFO [org.netbeans.updater]: File installed C:\Users\lukas.godayol-bonay\Desktop\Semestre2\M.Gil\MonPortFolioSIO\Collab\modules\org-netbeans-modules-j2ee-eclipselink.jar@0
INFO [org.netbeans.updater]: Copied file C:\Users\lukas.godayol-bonay\Desktop\Semestre2\M.Gil\MonPortFolioSIO\Collab\update\download\org-netbeans-modules-j2ee-eclipselink.nbm:netbeans/modules/org-netbeans-modules-j2ee-eclipselink.jar to C:\Users\lukas.godayol-bonay\Desktop\Semestre2\M.Gil\MonPortFolioSIO\Collab\modules\org-netbeans-modules-j2ee-eclipselink.jar
INFO [org.netbeans.updater]: File C:\Users\lukas.godayol-bonay\Desktop\Semestre2\M.Gil\MonPortFolioSIO\Collab\update\download\org-netbeans-modules-j2ee-eclipselink.nbm deleted.
INFO [org.netbeans.updater]: Use XML Transformer: com.sun.org.apache.xalan.internal.xsltc.trax.TransformerImpl@4b978838
INFO [org.netbeans.updater]: File C:\Users\lukas.godayol-bonay\Desktop\Semestre2\M.Gil\MonPortFolioSIO\Collab\update_tracking\org-netbeans-modules-j2ee-eclipselink.xml modified.
INFO [org.netbeans.updater]: File installed C:\Users\lukas.godayol-bonay\Desktop\Semestre2\M.Gil\MonPortFolioSIO\Collab\update_tracking\org-netbeans-modules-j2ee-eclipselink.xml@0
INFO [org.netbeans.updater]: 780: Unpacking org-netbeans-modules-debugger-jpda-ant.nbm
INFO [org.netbeans.modules.progress.spi.InternalHandle]: Cannot process more work than scheduled. Progress handle with name "Installing plugins..." has requested progress to workunit no.97 but the total number of workunits is 1. That means the progress bar UI will not display real progress and will stay at 100%.
java.lang.IllegalArgumentException
[catch] at org.netbeans.modules.progress.spi.InternalHandle.progress(InternalHandle.java:329)
	at org.netbeans.api.progress.ProgressHandle.progress(ProgressHandle.java:264)
	at org.netbeans.modules.autoupdate.services.InstallSupportImpl$RefreshModulesListener.propertyChange(InstallSupportImpl.java:1261)
	at org.netbeans.updater.UpdaterInternal$1Context.firePropertyChange(UpdaterInternal.java:97)
	at org.netbeans.updater.UpdaterInternal$1Context.unpackingIsRunning(UpdaterInternal.java:64)
	at org.netbeans.updater.ModuleUpdater.unpack(ModuleUpdater.java:311)
	at org.netbeans.updater.ModuleUpdater.run(ModuleUpdater.java:118)
INFO [org.netbeans.updater]: File installed C:\Users\lukas.godayol-bonay\Desktop\Semestre2\M.Gil\MonPortFolioSIO\Collab\ant\nblib\org-netbeans-modules-debugger-jpda-ant.jar@0
INFO [org.netbeans.updater]: Copied file C:\Users\lukas.godayol-bonay\Desktop\Semestre2\M.Gil\MonPortFolioSIO\Collab\update\download\org-netbeans-modules-debugger-jpda-ant.nbm:netbeans/ant/nblib/org-netbeans-modules-debugger-jpda-ant.jar to C:\Users\lukas.godayol-bonay\Desktop\Semestre2\M.Gil\MonPortFolioSIO\Collab\ant\nblib\org-netbeans-modules-debugger-jpda-ant.jar
INFO [org.netbeans.updater]: File installed C:\Users\lukas.godayol-bonay\Desktop\Semestre2\M.Gil\MonPortFolioSIO\Collab\config\Modules\org-netbeans-modules-debugger-jpda-ant.xml@0
INFO [org.netbeans.updater]: Copied file C:\Users\lukas.godayol-bonay\Desktop\Semestre2\M.Gil\MonPortFolioSIO\Collab\update\download\org-netbeans-modules-debugger-jpda-ant.nbm:netbeans/config/Modules/org-netbeans-modules-debugger-jpda-ant.xml to C:\Users\lukas.godayol-bonay\Desktop\Semestre2\M.Gil\MonPortFolioSIO\Collab\config\Modules\org-netbeans-modules-debugger-jpda-ant.xml
INFO [org.netbeans.updater]: File installed C:\Users\lukas.godayol-bonay\Desktop\Semestre2\M.Gil\MonPortFolioSIO\Collab\modules\org-netbeans-modules-debugger-jpda-ant.jar@0
INFO [org.netbeans.updater]: Copied file C:\Users\lukas.godayol-bonay\Desktop\Semestre2\M.Gil\MonPortFolioSIO\Collab\update\download\org-netbeans-modules-debugger-jpda-ant.nbm:netbeans/modules/org-netbeans-modules-debugger-jpda-ant.jar to C:\Users\lukas.godayol-bonay\Desktop\Semestre2\M.Gil\MonPortFolioSIO\Collab\modules\org-netbeans-modules-debugger-jpda-ant.jar
INFO [org.netbeans.updater]: File C:\Users\lukas.godayol-bonay\Desktop\Semestre2\M.Gil\MonPortFolioSIO\Collab\update\download\org-netbeans-modules-debugger-jpda-ant.nbm deleted.
INFO [org.netbeans.updater]: Use XML Transformer: com.sun.org.apache.xalan.internal.xsltc.trax.TransformerImpl@12735707
INFO [org.netbeans.updater]: File C:\Users\lukas.godayol-bonay\Desktop\Semestre2\M.Gil\MonPortFolioSIO\Collab\update_tracking\org-netbeans-modules-debugger-jpda-ant.xml modified.
INFO [org.netbeans.updater]: File installed C:\Users\lukas.godayol-bonay\Desktop\Semestre2\M.Gil\MonPortFolioSIO\Collab\update_tracking\org-netbeans-modules-debugger-jpda-ant.xml@0
INFO [org.netbeans.updater]: 780: Unpacking org-netbeans-modules-websvc-restlib.nbm
INFO [org.netbeans.modules.progress.spi.InternalHandle]: Cannot process more work than scheduled. Progress handle with name "Installing plugins..." has requested progress to workunit no.98 but the total number of workunits is 1. That means the progress bar UI will not display real progress and will stay at 100%.
java.lang.IllegalArgumentException
[catch] at org.netbeans.modules.progress.spi.InternalHandle.progress(InternalHandle.java:329)
	at org.netbeans.api.progress.ProgressHandle.progress(ProgressHandle.java:264)
	at org.netbeans.modules.autoupdate.services.InstallSupportImpl$RefreshModulesListener.propertyChange(InstallSupportImpl.java:1261)
	at org.netbeans.updater.UpdaterInternal$1Context.firePropertyChange(UpdaterInternal.java:97)
	at org.netbeans.updater.UpdaterInternal$1Context.unpackingIsRunning(UpdaterInternal.java:64)
	at org.netbeans.updater.ModuleUpdater.unpack(ModuleUpdater.java:311)
	at org.netbeans.updater.ModuleUpdater.run(ModuleUpdater.java:118)
INFO [org.netbeans.updater]: File installed C:\Users\lukas.godayol-bonay\Desktop\Semestre2\M.Gil\MonPortFolioSIO\Collab\config\Modules\org-netbeans-modules-websvc-restlib.xml@0
INFO [org.netbeans.updater]: Copied file C:\Users\lukas.godayol-bonay\Desktop\Semestre2\M.Gil\MonPortFolioSIO\Collab\update\download\org-netbeans-modules-websvc-restlib.nbm:netbeans/config/Modules/org-netbeans-modules-websvc-restlib.xml to C:\Users\lukas.godayol-bonay\Desktop\Semestre2\M.Gil\MonPortFolioSIO\Collab\config\Modules\org-netbeans-modules-websvc-restlib.xml
INFO [org.netbeans.updater]: File installed C:\Users\lukas.godayol-bonay\Desktop\Semestre2\M.Gil\MonPortFolioSIO\Collab\modules\ext\javax.annotation-api-1.3.2.jar@0
INFO [org.netbeans.updater]: Copied file C:\Users\lukas.godayol-bonay\Desktop\Semestre2\M.Gil\MonPortFolioSIO\Collab\update\download\org-netbeans-modules-websvc-restlib.nbm:netbeans/modules/ext/javax.annotation-api-1.3.2.jar to C:\Users\lukas.godayol-bonay\Desktop\Semestre2\M.Gil\MonPortFolioSIO\Collab\modules\ext\javax.annotation-api-1.3.2.jar
INFO [org.netbeans.updater]: File installed C:\Users\lukas.godayol-bonay\Desktop\Semestre2\M.Gil\MonPortFolioSIO\Collab\modules\ext\jaxrs-2.1\jakarta.ws.rs-api-2.1.6.jar@0
INFO [org.netbeans.updater]: Copied file C:\Users\lukas.godayol-bonay\Desktop\Semestre2\M.Gil\MonPortFolioSIO\Collab\update\download\org-netbeans-modules-websvc-restlib.nbm:netbeans/modules/ext/jaxrs-2.1/jakarta.ws.rs-api-2.1.6.jar to C:\Users\lukas.godayol-bonay\Desktop\Semestre2\M.Gil\MonPortFolioSIO\Collab\modules\ext\jaxrs-2.1\jakarta.ws.rs-api-2.1.6.jar
INFO [org.netbeans.updater]: File installed C:\Users\lukas.godayol-bonay\Desktop\Semestre2\M.Gil\MonPortFolioSIO\Collab\modules\ext\jersey2\aopalliance-repackaged-2.6.1.jar@0
INFO [org.netbeans.updater]: Copied file C:\Users\lukas.godayol-bonay\Desktop\Semestre2\M.Gil\MonPortFolioSIO\Collab\update\download\org-netbeans-modules-websvc-restlib.nbm:netbeans/modules/ext/jersey2/aopalliance-repackaged-2.6.1.jar to C:\Users\lukas.godayol-bonay\Desktop\Semestre2\M.Gil\MonPortFolioSIO\Collab\modules\ext\jersey2\aopalliance-repackaged-2.6.1.jar
INFO [org.netbeans.updater]: File installed C:\Users\lukas.godayol-bonay\Desktop\Semestre2\M.Gil\MonPortFolioSIO\Collab\modules\ext\jersey2\hk2-api-2.6.1.jar@0
INFO [org.netbeans.updater]: Copied file C:\Users\lukas.godayol-bonay\Desktop\Semestre2\M.Gil\MonPortFolioSIO\Collab\update\download\org-netbeans-modules-websvc-restlib.nbm:netbeans/modules/ext/jersey2/hk2-api-2.6.1.jar to C:\Users\lukas.godayol-bonay\Desktop\Semestre2\M.Gil\MonPortFolioSIO\Collab\modules\ext\jersey2\hk2-api-2.6.1.jar
INFO [org.netbeans.updater]: File installed C:\Users\lukas.godayol-bonay\Desktop\Semestre2\M.Gil\MonPortFolioSIO\Collab\modules\ext\jersey2\hk2-locator-2.6.1.jar@0
INFO [org.netbeans.updater]: Copied file C:\Users\lukas.godayol-bonay\Desktop\Semestre2\M.Gil\MonPortFolioSIO\Collab\update\download\org-netbeans-modules-websvc-restlib.nbm:netbeans/modules/ext/jersey2/hk2-locator-2.6.1.jar to C:\Users\lukas.godayol-bonay\Desktop\Semestre2\M.Gil\MonPortFolioSIO\Collab\modules\ext\jersey2\hk2-locator-2.6.1.jar
INFO [org.netbeans.updater]: File installed C:\Users\lukas.godayol-bonay\Desktop\Semestre2\M.Gil\MonPortFolioSIO\Collab\modules\ext\jersey2\hk2-utils-2.6.1.jar@0
INFO [org.netbeans.updater]: Copied file C:\Users\lukas.godayol-bonay\Desktop\Semestre2\M.Gil\MonPortFolioSIO\Collab\update\download\org-netbeans-modules-websvc-restlib.nbm:netbeans/modules/ext/jersey2/hk2-utils-2.6.1.jar to C:\Users\lukas.godayol-bonay\Desktop\Semestre2\M.Gil\MonPortFolioSIO\Collab\modules\ext\jersey2\hk2-utils-2.6.1.jar
INFO [org.netbeans.updater]: File installed C:\Users\lukas.godayol-bonay\Desktop\Semestre2\M.Gil\MonPortFolioSIO\Collab\modules\ext\jersey2\jakarta.activation-api-1.2.1.jar@0
INFO [org.netbeans.updater]: Copied file C:\Users\lukas.godayol-bonay\Desktop\Semestre2\M.Gil\MonPortFolioSIO\Collab\update\download\org-netbeans-modules-websvc-restlib.nbm:netbeans/modules/ext/jersey2/jakarta.activation-api-1.2.1.jar to C:\Users\lukas.godayol-bonay\Desktop\Semestre2\M.Gil\MonPortFolioSIO\Collab\modules\ext\jersey2\jakarta.activation-api-1.2.1.jar
INFO [org.netbeans.updater]: File installed C:\Users\lukas.godayol-bonay\Desktop\Semestre2\M.Gil\MonPortFolioSIO\Collab\modules\ext\jersey2\jakarta.annotation-api-2.1.1.jar@0
INFO [org.netbeans.updater]: Copied file C:\Users\lukas.godayol-bonay\Desktop\Semestre2\M.Gil\MonPortFolioSIO\Collab\update\download\org-netbeans-modules-websvc-restlib.nbm:netbeans/modules/ext/jersey2/jakarta.annotation-api-2.1.1.jar to C:\Users\lukas.godayol-bonay\Desktop\Semestre2\M.Gil\MonPortFolioSIO\Collab\modules\ext\jersey2\jakarta.annotation-api-2.1.1.jar
INFO [org.netbeans.updater]: File installed C:\Users\lukas.godayol-bonay\Desktop\Semestre2\M.Gil\MonPortFolioSIO\Collab\modules\ext\jersey2\jakarta.inject-2.6.1.jar@0
INFO [org.netbeans.updater]: Copied file C:\Users\lukas.godayol-bonay\Desktop\Semestre2\M.Gil\MonPortFolioSIO\Collab\update\download\org-netbeans-modules-websvc-restlib.nbm:netbeans/modules/ext/jersey2/jakarta.inject-2.6.1.jar to C:\Users\lukas.godayol-bonay\Desktop\Semestre2\M.Gil\MonPortFolioSIO\Collab\modules\ext\jersey2\jakarta.inject-2.6.1.jar
INFO [org.netbeans.updater]: File installed C:\Users\lukas.godayol-bonay\Desktop\Semestre2\M.Gil\MonPortFolioSIO\Collab\modules\ext\jersey2\jakarta.persistence-api-2.2.3.jar@0
INFO [org.netbeans.updater]: Copied file C:\Users\lukas.godayol-bonay\Desktop\Semestre2\M.Gil\MonPortFolioSIO\Collab\update\download\org-netbeans-modules-websvc-restlib.nbm:netbeans/modules/ext/jersey2/jakarta.persistence-api-2.2.3.jar to C:\Users\lukas.godayol-bonay\Desktop\Semestre2\M.Gil\MonPortFolioSIO\Collab\modules\ext\jersey2\jakarta.persistence-api-2.2.3.jar
INFO [org.netbeans.updater]: File installed C:\Users\lukas.godayol-bonay\Desktop\Semestre2\M.Gil\MonPortFolioSIO\Collab\modules\ext\jersey2\jakarta.servlet-api-4.0.4.jar@0
INFO [org.netbeans.updater]: Copied file C:\Users\lukas.godayol-bonay\Desktop\Semestre2\M.Gil\MonPortFolioSIO\Collab\update\download\org-netbeans-modules-websvc-restlib.nbm:netbeans/modules/ext/jersey2/jakarta.servlet-api-4.0.4.jar to C:\Users\lukas.godayol-bonay\Desktop\Semestre2\M.Gil\MonPortFolioSIO\Collab\modules\ext\jersey2\jakarta.servlet-api-4.0.4.jar
INFO [org.netbeans.updater]: File installed C:\Users\lukas.godayol-bonay\Desktop\Semestre2\M.Gil\MonPortFolioSIO\Collab\modules\ext\jersey2\jakarta.validation-api-2.0.2.jar@0
INFO [org.netbeans.updater]: Copied file C:\Users\lukas.godayol-bonay\Desktop\Semestre2\M.Gil\MonPortFolioSIO\Collab\update\download\org-netbeans-modules-websvc-restlib.nbm:netbeans/modules/ext/jersey2/jakarta.validation-api-2.0.2.jar to C:\Users\lukas.godayol-bonay\Desktop\Semestre2\M.Gil\MonPortFolioSIO\Collab\modules\ext\jersey2\jakarta.validation-api-2.0.2.jar
INFO [org.netbeans.updater]: File installed C:\Users\lukas.godayol-bonay\Desktop\Semestre2\M.Gil\MonPortFolioSIO\Collab\modules\ext\jersey2\jakarta.xml.bind-api-2.3.3.jar@0
INFO [org.netbeans.updater]: Copied file C:\Users\lukas.godayol-bonay\Desktop\Semestre2\M.Gil\MonPortFolioSIO\Collab\update\download\org-netbeans-modules-websvc-restlib.nbm:netbeans/modules/ext/jersey2/jakarta.xml.bind-api-2.3.3.jar to C:\Users\lukas.godayol-bonay\Desktop\Semestre2\M.Gil\MonPortFolioSIO\Collab\modules\ext\jersey2\jakarta.xml.bind-api-2.3.3.jar
INFO [org.netbeans.updater]: File installed C:\Users\lukas.godayol-bonay\Desktop\Semestre2\M.Gil\MonPortFolioSIO\Collab\modules\ext\jersey2\jersey-apache-connector-2.35.jar@0
INFO [org.netbeans.updater]: Copied file C:\Users\lukas.godayol-bonay\Desktop\Semestre2\M.Gil\MonPortFolioSIO\Collab\update\download\org-netbeans-modules-websvc-restlib.nbm:netbeans/modules/ext/jersey2/jersey-apache-connector-2.35.jar to C:\Users\lukas.godayol-bonay\Desktop\Semestre2\M.Gil\MonPortFolioSIO\Collab\modules\ext\jersey2\jersey-apache-connector-2.35.jar
INFO [org.netbeans.updater]: File installed C:\Users\lukas.godayol-bonay\Desktop\Semestre2\M.Gil\MonPortFolioSIO\Collab\modules\ext\jersey2\jersey-client-2.35.jar@0
INFO [org.netbeans.updater]: Copied file C:\Users\lukas.godayol-bonay\Desktop\Semestre2\M.Gil\MonPortFolioSIO\Collab\update\download\org-netbeans-modules-websvc-restlib.nbm:netbeans/modules/ext/jersey2/jersey-client-2.35.jar to C:\Users\lukas.godayol-bonay\Desktop\Semestre2\M.Gil\MonPortFolioSIO\Collab\modules\ext\jersey2\jersey-client-2.35.jar
INFO [org.netbeans.updater]: File installed C:\Users\lukas.godayol-bonay\Desktop\Semestre2\M.Gil\MonPortFolioSIO\Collab\modules\ext\jersey2\jersey-common-2.35.jar@0
INFO [org.netbeans.updater]: Copied file C:\Users\lukas.godayol-bonay\Desktop\Semestre2\M.Gil\MonPortFolioSIO\Collab\update\download\org-netbeans-modules-websvc-restlib.nbm:netbeans/modules/ext/jersey2/jersey-common-2.35.jar to C:\Users\lukas.godayol-bonay\Desktop\Semestre2\M.Gil\MonPortFolioSIO\Collab\modules\ext\jersey2\jersey-common-2.35.jar
INFO [org.netbeans.updater]: File installed C:\Users\lukas.godayol-bonay\Desktop\Semestre2\M.Gil\MonPortFolioSIO\Collab\modules\ext\jersey2\jersey-container-servlet-2.35.jar@0
INFO [org.netbeans.updater]: Copied file C:\Users\lukas.godayol-bonay\Desktop\Semestre2\M.Gil\MonPortFolioSIO\Collab\update\download\org-netbeans-modules-websvc-restlib.nbm:netbeans/modules/ext/jersey2/jersey-container-servlet-2.35.jar to C:\Users\lukas.godayol-bonay\Desktop\Semestre2\M.Gil\MonPortFolioSIO\Collab\modules\ext\jersey2\jersey-container-servlet-2.35.jar
INFO [org.netbeans.updater]: File installed C:\Users\lukas.godayol-bonay\Desktop\Semestre2\M.Gil\MonPortFolioSIO\Collab\modules\ext\jersey2\jersey-container-servlet-core-2.35.jar@0
INFO [org.netbeans.updater]: Copied file C:\Users\lukas.godayol-bonay\Desktop\Semestre2\M.Gil\MonPortFolioSIO\Collab\update\download\org-netbeans-modules-websvc-restlib.nbm:netbeans/modules/ext/jersey2/jersey-container-servlet-core-2.35.jar to C:\Users\lukas.godayol-bonay\Desktop\Semestre2\M.Gil\MonPortFolioSIO\Collab\modules\ext\jersey2\jersey-container-servlet-core-2.35.jar
INFO [org.netbeans.updater]: File installed C:\Users\lukas.godayol-bonay\Desktop\Semestre2\M.Gil\MonPortFolioSIO\Collab\modules\ext\jersey2\jersey-entity-filtering-2.35.jar@0
INFO [org.netbeans.updater]: Copied file C:\Users\lukas.godayol-bonay\Desktop\Semestre2\M.Gil\MonPortFolioSIO\Collab\update\download\org-netbeans-modules-websvc-restlib.nbm:netbeans/modules/ext/jersey2/jersey-entity-filtering-2.35.jar to C:\Users\lukas.godayol-bonay\Desktop\Semestre2\M.Gil\MonPortFolioSIO\Collab\modules\ext\jersey2\jersey-entity-filtering-2.35.jar
INFO [org.netbeans.updater]: File installed C:\Users\lukas.godayol-bonay\Desktop\Semestre2\M.Gil\MonPortFolioSIO\Collab\modules\ext\jersey2\jersey-hk2-2.35.jar@0
INFO [org.netbeans.updater]: Copied file C:\Users\lukas.godayol-bonay\Desktop\Semestre2\M.Gil\MonPortFolioSIO\Collab\update\download\org-netbeans-modules-websvc-restlib.nbm:netbeans/modules/ext/jersey2/jersey-hk2-2.35.jar to C:\Users\lukas.godayol-bonay\Desktop\Semestre2\M.Gil\MonPortFolioSIO\Collab\modules\ext\jersey2\jersey-hk2-2.35.jar
INFO [org.netbeans.updater]: File installed C:\Users\lukas.godayol-bonay\Desktop\Semestre2\M.Gil\MonPortFolioSIO\Collab\modules\ext\jersey2\jersey-media-json-jackson-2.35.jar@0
INFO [org.netbeans.updater]: Copied file C:\Users\lukas.godayol-bonay\Desktop\Semestre2\M.Gil\MonPortFolioSIO\Collab\update\download\org-netbeans-modules-websvc-restlib.nbm:netbeans/modules/ext/jersey2/jersey-media-json-jackson-2.35.jar to C:\Users\lukas.godayol-bonay\Desktop\Semestre2\M.Gil\MonPortFolioSIO\Collab\modules\ext\jersey2\jersey-media-json-jackson-2.35.jar
INFO [org.netbeans.updater]: File installed C:\Users\lukas.godayol-bonay\Desktop\Semestre2\M.Gil\MonPortFolioSIO\Collab\modules\ext\jersey2\jersey-media-moxy-2.35.jar@0
INFO [org.netbeans.updater]: Copied file C:\Users\lukas.godayol-bonay\Desktop\Semestre2\M.Gil\MonPortFolioSIO\Collab\update\download\org-netbeans-modules-websvc-restlib.nbm:netbeans/modules/ext/jersey2/jersey-media-moxy-2.35.jar to C:\Users\lukas.godayol-bonay\Desktop\Semestre2\M.Gil\MonPortFolioSIO\Collab\modules\ext\jersey2\jersey-media-moxy-2.35.jar
INFO [org.netbeans.updater]: File installed C:\Users\lukas.godayol-bonay\Desktop\Semestre2\M.Gil\MonPortFolioSIO\Collab\modules\ext\jersey2\jersey-server-2.35.jar@0
INFO [org.netbeans.updater]: Copied file C:\Users\lukas.godayol-bonay\Desktop\Semestre2\M.Gil\MonPortFolioSIO\Collab\update\download\org-netbeans-modules-websvc-restlib.nbm:netbeans/modules/ext/jersey2/jersey-server-2.35.jar to C:\Users\lukas.godayol-bonay\Desktop\Semestre2\M.Gil\MonPortFolioSIO\Collab\modules\ext\jersey2\jersey-server-2.35.jar
INFO [org.netbeans.updater]: File installed C:\Users\lukas.godayol-bonay\Desktop\Semestre2\M.Gil\MonPortFolioSIO\Collab\modules\ext\jersey2\osgi-resource-locator-1.0.3.jar@0
INFO [org.netbeans.updater]: Copied file C:\Users\lukas.godayol-bonay\Desktop\Semestre2\M.Gil\MonPortFolioSIO\Collab\update\download\org-netbeans-modules-websvc-restlib.nbm:netbeans/modules/ext/jersey2/osgi-resource-locator-1.0.3.jar to C:\Users\lukas.godayol-bonay\Desktop\Semestre2\M.Gil\MonPortFolioSIO\Collab\modules\ext\jersey2\osgi-resource-locator-1.0.3.jar
INFO [org.netbeans.updater]: File installed C:\Users\lukas.godayol-bonay\Desktop\Semestre2\M.Gil\MonPortFolioSIO\Collab\modules\ext\jersey2\osgi.core-8.0.0.jar@0
INFO [org.netbeans.updater]: Copied file C:\Users\lukas.godayol-bonay\Desktop\Semestre2\M.Gil\MonPortFolioSIO\Collab\update\download\org-netbeans-modules-websvc-restlib.nbm:netbeans/modules/ext/jersey2/osgi.core-8.0.0.jar to C:\Users\lukas.godayol-bonay\Desktop\Semestre2\M.Gil\MonPortFolioSIO\Collab\modules\ext\jersey2\osgi.core-8.0.0.jar
INFO [org.netbeans.updater]: File installed C:\Users\lukas.godayol-bonay\Desktop\Semestre2\M.Gil\MonPortFolioSIO\Collab\modules\org-netbeans-modules-websvc-restlib.jar@0
INFO [org.netbeans.updater]: Copied file C:\Users\lukas.godayol-bonay\Desktop\Semestre2\M.Gil\MonPortFolioSIO\Collab\update\download\org-netbeans-modules-websvc-restlib.nbm:netbeans/modules/org-netbeans-modules-websvc-restlib.jar to C:\Users\lukas.godayol-bonay\Desktop\Semestre2\M.Gil\MonPortFolioSIO\Collab\modules\org-netbeans-modules-websvc-restlib.jar
INFO [org.netbeans.updater]: File C:\Users\lukas.godayol-bonay\Desktop\Semestre2\M.Gil\MonPortFolioSIO\Collab\update\download\org-netbeans-modules-websvc-restlib.nbm deleted.
INFO [org.netbeans.updater]: Use XML Transformer: com.sun.org.apache.xalan.internal.xsltc.trax.TransformerImpl@4b588ee5
INFO [org.netbeans.updater]: File C:\Users\lukas.godayol-bonay\Desktop\Semestre2\M.Gil\MonPortFolioSIO\Collab\update_tracking\org-netbeans-modules-websvc-restlib.xml modified.
INFO [org.netbeans.updater]: File installed C:\Users\lukas.godayol-bonay\Desktop\Semestre2\M.Gil\MonPortFolioSIO\Collab\update_tracking\org-netbeans-modules-websvc-restlib.xml@0
INFO [org.netbeans.updater]: 780: Unpacking org-netbeans-modules-j2ee-persistence.nbm
INFO [org.netbeans.modules.progress.spi.InternalHandle]: Cannot process more work than scheduled. Progress handle with name "Installing plugins..." has requested progress to workunit no.99 but the total number of workunits is 1. That means the progress bar UI will not display real progress and will stay at 100%.
java.lang.IllegalArgumentException
[catch] at org.netbeans.modules.progress.spi.InternalHandle.progress(InternalHandle.java:329)
	at org.netbeans.api.progress.ProgressHandle.progress(ProgressHandle.java:264)
	at org.netbeans.modules.autoupdate.services.InstallSupportImpl$RefreshModulesListener.propertyChange(InstallSupportImpl.java:1261)
	at org.netbeans.updater.UpdaterInternal$1Context.firePropertyChange(UpdaterInternal.java:97)
	at org.netbeans.updater.UpdaterInternal$1Context.unpackingIsRunning(UpdaterInternal.java:64)
	at org.netbeans.updater.ModuleUpdater.unpack(ModuleUpdater.java:311)
	at org.netbeans.updater.ModuleUpdater.run(ModuleUpdater.java:118)
INFO [org.netbeans.updater]: File installed C:\Users\lukas.godayol-bonay\Desktop\Semestre2\M.Gil\MonPortFolioSIO\Collab\config\Modules\org-netbeans-modules-j2ee-persistence.xml@0
INFO [org.netbeans.updater]: Copied file C:\Users\lukas.godayol-bonay\Desktop\Semestre2\M.Gil\MonPortFolioSIO\Collab\update\download\org-netbeans-modules-j2ee-persistence.nbm:netbeans/config/Modules/org-netbeans-modules-j2ee-persistence.xml to C:\Users\lukas.godayol-bonay\Desktop\Semestre2\M.Gil\MonPortFolioSIO\Collab\config\Modules\org-netbeans-modules-j2ee-persistence.xml
INFO [org.netbeans.updater]: File installed C:\Users\lukas.godayol-bonay\Desktop\Semestre2\M.Gil\MonPortFolioSIO\Collab\modules\org-netbeans-modules-j2ee-persistence.jar@0
INFO [org.netbeans.updater]: Copied file C:\Users\lukas.godayol-bonay\Desktop\Semestre2\M.Gil\MonPortFolioSIO\Collab\update\download\org-netbeans-modules-j2ee-persistence.nbm:netbeans/modules/org-netbeans-modules-j2ee-persistence.jar to C:\Users\lukas.godayol-bonay\Desktop\Semestre2\M.Gil\MonPortFolioSIO\Collab\modules\org-netbeans-modules-j2ee-persistence.jar
INFO [org.netbeans.updater]: File C:\Users\lukas.godayol-bonay\Desktop\Semestre2\M.Gil\MonPortFolioSIO\Collab\update\download\org-netbeans-modules-j2ee-persistence.nbm deleted.
INFO [org.netbeans.updater]: Use XML Transformer: com.sun.org.apache.xalan.internal.xsltc.trax.TransformerImpl@b7ea7dc
INFO [org.netbeans.updater]: File C:\Users\lukas.godayol-bonay\Desktop\Semestre2\M.Gil\MonPortFolioSIO\Collab\update_tracking\org-netbeans-modules-j2ee-persistence.xml modified.
INFO [org.netbeans.updater]: File installed C:\Users\lukas.godayol-bonay\Desktop\Semestre2\M.Gil\MonPortFolioSIO\Collab\update_tracking\org-netbeans-modules-j2ee-persistence.xml@0
INFO [org.netbeans.updater]: 780: Unpacking org-netbeans-modules-maven.nbm
INFO [org.netbeans.modules.progress.spi.InternalHandle]: Cannot process more work than scheduled. Progress handle with name "Installing plugins..." has requested progress to workunit no.100 but the total number of workunits is 1. That means the progress bar UI will not display real progress and will stay at 100%.
java.lang.IllegalArgumentException
[catch] at org.netbeans.modules.progress.spi.InternalHandle.progress(InternalHandle.java:329)
	at org.netbeans.api.progress.ProgressHandle.progress(ProgressHandle.java:264)
	at org.netbeans.modules.autoupdate.services.InstallSupportImpl$RefreshModulesListener.propertyChange(InstallSupportImpl.java:1261)
	at org.netbeans.updater.UpdaterInternal$1Context.firePropertyChange(UpdaterInternal.java:97)
	at org.netbeans.updater.UpdaterInternal$1Context.unpackingIsRunning(UpdaterInternal.java:64)
	at org.netbeans.updater.ModuleUpdater.unpack(ModuleUpdater.java:311)
	at org.netbeans.updater.ModuleUpdater.run(ModuleUpdater.java:118)
INFO [org.netbeans.updater]: File installed C:\Users\lukas.godayol-bonay\Desktop\Semestre2\M.Gil\MonPortFolioSIO\Collab\config\Modules\org-netbeans-modules-maven.xml@0
INFO [org.netbeans.updater]: Copied file C:\Users\lukas.godayol-bonay\Desktop\Semestre2\M.Gil\MonPortFolioSIO\Collab\update\download\org-netbeans-modules-maven.nbm:netbeans/config/Modules/org-netbeans-modules-maven.xml to C:\Users\lukas.godayol-bonay\Desktop\Semestre2\M.Gil\MonPortFolioSIO\Collab\config\Modules\org-netbeans-modules-maven.xml
INFO [org.netbeans.updater]: File installed C:\Users\lukas.godayol-bonay\Desktop\Semestre2\M.Gil\MonPortFolioSIO\Collab\maven-nblib\netbeans-cos.jar@0
INFO [org.netbeans.updater]: Copied file C:\Users\lukas.godayol-bonay\Desktop\Semestre2\M.Gil\MonPortFolioSIO\Collab\update\download\org-netbeans-modules-maven.nbm:netbeans/maven-nblib/netbeans-cos.jar to C:\Users\lukas.godayol-bonay\Desktop\Semestre2\M.Gil\MonPortFolioSIO\Collab\maven-nblib\netbeans-cos.jar
INFO [org.netbeans.updater]: File installed C:\Users\lukas.godayol-bonay\Desktop\Semestre2\M.Gil\MonPortFolioSIO\Collab\maven-nblib\netbeans-eventspy.jar@0
INFO [org.netbeans.updater]: Copied file C:\Users\lukas.godayol-bonay\Desktop\Semestre2\M.Gil\MonPortFolioSIO\Collab\update\download\org-netbeans-modules-maven.nbm:netbeans/maven-nblib/netbeans-eventspy.jar to C:\Users\lukas.godayol-bonay\Desktop\Semestre2\M.Gil\MonPortFolioSIO\Collab\maven-nblib\netbeans-eventspy.jar
INFO [org.netbeans.updater]: File installed C:\Users\lukas.godayol-bonay\Desktop\Semestre2\M.Gil\MonPortFolioSIO\Collab\modules\org-netbeans-modules-maven.jar@0
INFO [org.netbeans.updater]: Copied file C:\Users\lukas.godayol-bonay\Desktop\Semestre2\M.Gil\MonPortFolioSIO\Collab\update\download\org-netbeans-modules-maven.nbm:netbeans/modules/org-netbeans-modules-maven.jar to C:\Users\lukas.godayol-bonay\Desktop\Semestre2\M.Gil\MonPortFolioSIO\Collab\modules\org-netbeans-modules-maven.jar
INFO [org.netbeans.updater]: File C:\Users\lukas.godayol-bonay\Desktop\Semestre2\M.Gil\MonPortFolioSIO\Collab\update\download\org-netbeans-modules-maven.nbm deleted.
INFO [org.netbeans.updater]: Use XML Transformer: com.sun.org.apache.xalan.internal.xsltc.trax.TransformerImpl@788494f4
INFO [org.netbeans.updater]: File C:\Users\lukas.godayol-bonay\Desktop\Semestre2\M.Gil\MonPortFolioSIO\Collab\update_tracking\org-netbeans-modules-maven.xml modified.
INFO [org.netbeans.updater]: File installed C:\Users\lukas.godayol-bonay\Desktop\Semestre2\M.Gil\MonPortFolioSIO\Collab\update_tracking\org-netbeans-modules-maven.xml@0
INFO [org.netbeans.updater]: 780: Unpacking org-netbeans-modules-java-platform-ui.nbm
INFO [org.netbeans.modules.progress.spi.InternalHandle]: Cannot process more work than scheduled. Progress handle with name "Installing plugins..." has requested progress to workunit no.101 but the total number of workunits is 1. That means the progress bar UI will not display real progress and will stay at 100%.
java.lang.IllegalArgumentException
[catch] at org.netbeans.modules.progress.spi.InternalHandle.progress(InternalHandle.java:329)
	at org.netbeans.api.progress.ProgressHandle.progress(ProgressHandle.java:264)
	at org.netbeans.modules.autoupdate.services.InstallSupportImpl$RefreshModulesListener.propertyChange(InstallSupportImpl.java:1261)
	at org.netbeans.updater.UpdaterInternal$1Context.firePropertyChange(UpdaterInternal.java:97)
	at org.netbeans.updater.UpdaterInternal$1Context.unpackingIsRunning(UpdaterInternal.java:64)
	at org.netbeans.updater.ModuleUpdater.unpack(ModuleUpdater.java:311)
	at org.netbeans.updater.ModuleUpdater.run(ModuleUpdater.java:118)
INFO [org.netbeans.updater]: File installed C:\Users\lukas.godayol-bonay\Desktop\Semestre2\M.Gil\MonPortFolioSIO\Collab\config\Modules\org-netbeans-modules-java-platform-ui.xml@0
INFO [org.netbeans.updater]: Copied file C:\Users\lukas.godayol-bonay\Desktop\Semestre2\M.Gil\MonPortFolioSIO\Collab\update\download\org-netbeans-modules-java-platform-ui.nbm:netbeans/config/Modules/org-netbeans-modules-java-platform-ui.xml to C:\Users\lukas.godayol-bonay\Desktop\Semestre2\M.Gil\MonPortFolioSIO\Collab\config\Modules\org-netbeans-modules-java-platform-ui.xml
INFO [org.netbeans.updater]: File installed C:\Users\lukas.godayol-bonay\Desktop\Semestre2\M.Gil\MonPortFolioSIO\Collab\modules\org-netbeans-modules-java-platform-ui.jar@0
INFO [org.netbeans.updater]: Copied file C:\Users\lukas.godayol-bonay\Desktop\Semestre2\M.Gil\MonPortFolioSIO\Collab\update\download\org-netbeans-modules-java-platform-ui.nbm:netbeans/modules/org-netbeans-modules-java-platform-ui.jar to C:\Users\lukas.godayol-bonay\Desktop\Semestre2\M.Gil\MonPortFolioSIO\Collab\modules\org-netbeans-modules-java-platform-ui.jar
INFO [org.netbeans.updater]: File C:\Users\lukas.godayol-bonay\Desktop\Semestre2\M.Gil\MonPortFolioSIO\Collab\update\download\org-netbeans-modules-java-platform-ui.nbm deleted.
INFO [org.netbeans.updater]: Use XML Transformer: com.sun.org.apache.xalan.internal.xsltc.trax.TransformerImpl@4885c419
INFO [org.netbeans.updater]: File C:\Users\lukas.godayol-bonay\Desktop\Semestre2\M.Gil\MonPortFolioSIO\Collab\update_tracking\org-netbeans-modules-java-platform-ui.xml modified.
INFO [org.netbeans.updater]: File installed C:\Users\lukas.godayol-bonay\Desktop\Semestre2\M.Gil\MonPortFolioSIO\Collab\update_tracking\org-netbeans-modules-java-platform-ui.xml@0
INFO [org.netbeans.updater]: 780: Unpacking org-netbeans-modules-j2ee-dd.nbm
INFO [org.netbeans.modules.progress.spi.InternalHandle]: Cannot process more work than scheduled. Progress handle with name "Installing plugins..." has requested progress to workunit no.102 but the total number of workunits is 1. That means the progress bar UI will not display real progress and will stay at 100%.
java.lang.IllegalArgumentException
[catch] at org.netbeans.modules.progress.spi.InternalHandle.progress(InternalHandle.java:329)
	at org.netbeans.api.progress.ProgressHandle.progress(ProgressHandle.java:264)
	at org.netbeans.modules.autoupdate.services.InstallSupportImpl$RefreshModulesListener.propertyChange(InstallSupportImpl.java:1261)
	at org.netbeans.updater.UpdaterInternal$1Context.firePropertyChange(UpdaterInternal.java:97)
	at org.netbeans.updater.UpdaterInternal$1Context.unpackingIsRunning(UpdaterInternal.java:64)
	at org.netbeans.updater.ModuleUpdater.unpack(ModuleUpdater.java:311)
	at org.netbeans.updater.ModuleUpdater.run(ModuleUpdater.java:118)
INFO [org.netbeans.updater]: File installed C:\Users\lukas.godayol-bonay\Desktop\Semestre2\M.Gil\MonPortFolioSIO\Collab\config\Modules\org-netbeans-modules-j2ee-dd.xml@0
INFO [org.netbeans.updater]: Copied file C:\Users\lukas.godayol-bonay\Desktop\Semestre2\M.Gil\MonPortFolioSIO\Collab\update\download\org-netbeans-modules-j2ee-dd.nbm:netbeans/config/Modules/org-netbeans-modules-j2ee-dd.xml to C:\Users\lukas.godayol-bonay\Desktop\Semestre2\M.Gil\MonPortFolioSIO\Collab\config\Modules\org-netbeans-modules-j2ee-dd.xml
INFO [org.netbeans.updater]: File installed C:\Users\lukas.godayol-bonay\Desktop\Semestre2\M.Gil\MonPortFolioSIO\Collab\modules\ext\javaee-api-5.jar@0
INFO [org.netbeans.updater]: Copied file C:\Users\lukas.godayol-bonay\Desktop\Semestre2\M.Gil\MonPortFolioSIO\Collab\update\download\org-netbeans-modules-j2ee-dd.nbm:netbeans/modules/ext/javaee-api-5.jar to C:\Users\lukas.godayol-bonay\Desktop\Semestre2\M.Gil\MonPortFolioSIO\Collab\modules\ext\javaee-api-5.jar
INFO [org.netbeans.updater]: File installed C:\Users\lukas.godayol-bonay\Desktop\Semestre2\M.Gil\MonPortFolioSIO\Collab\modules\org-netbeans-modules-j2ee-dd.jar@0
INFO [org.netbeans.updater]: Copied file C:\Users\lukas.godayol-bonay\Desktop\Semestre2\M.Gil\MonPortFolioSIO\Collab\update\download\org-netbeans-modules-j2ee-dd.nbm:netbeans/modules/org-netbeans-modules-j2ee-dd.jar to C:\Users\lukas.godayol-bonay\Desktop\Semestre2\M.Gil\MonPortFolioSIO\Collab\modules\org-netbeans-modules-j2ee-dd.jar
INFO [org.netbeans.updater]: File C:\Users\lukas.godayol-bonay\Desktop\Semestre2\M.Gil\MonPortFolioSIO\Collab\update\download\org-netbeans-modules-j2ee-dd.nbm deleted.
INFO [org.netbeans.updater]: Use XML Transformer: com.sun.org.apache.xalan.internal.xsltc.trax.TransformerImpl@5b4e09d8
INFO [org.netbeans.updater]: File C:\Users\lukas.godayol-bonay\Desktop\Semestre2\M.Gil\MonPortFolioSIO\Collab\update_tracking\org-netbeans-modules-j2ee-dd.xml modified.
INFO [org.netbeans.updater]: File installed C:\Users\lukas.godayol-bonay\Desktop\Semestre2\M.Gil\MonPortFolioSIO\Collab\update_tracking\org-netbeans-modules-j2ee-dd.xml@0
INFO [org.netbeans.updater]: 780: Unpacking org-netbeans-modules-java-testrunner.nbm
INFO [org.netbeans.modules.progress.spi.InternalHandle]: Cannot process more work than scheduled. Progress handle with name "Installing plugins..." has requested progress to workunit no.103 but the total number of workunits is 1. That means the progress bar UI will not display real progress and will stay at 100%.
java.lang.IllegalArgumentException
[catch] at org.netbeans.modules.progress.spi.InternalHandle.progress(InternalHandle.java:329)
	at org.netbeans.api.progress.ProgressHandle.progress(ProgressHandle.java:264)
	at org.netbeans.modules.autoupdate.services.InstallSupportImpl$RefreshModulesListener.propertyChange(InstallSupportImpl.java:1261)
	at org.netbeans.updater.UpdaterInternal$1Context.firePropertyChange(UpdaterInternal.java:97)
	at org.netbeans.updater.UpdaterInternal$1Context.unpackingIsRunning(UpdaterInternal.java:64)
	at org.netbeans.updater.ModuleUpdater.unpack(ModuleUpdater.java:311)
	at org.netbeans.updater.ModuleUpdater.run(ModuleUpdater.java:118)
INFO [org.netbeans.updater]: File installed C:\Users\lukas.godayol-bonay\Desktop\Semestre2\M.Gil\MonPortFolioSIO\Collab\config\Modules\org-netbeans-modules-java-testrunner.xml@0
INFO [org.netbeans.updater]: Copied file C:\Users\lukas.godayol-bonay\Desktop\Semestre2\M.Gil\MonPortFolioSIO\Collab\update\download\org-netbeans-modules-java-testrunner.nbm:netbeans/config/Modules/org-netbeans-modules-java-testrunner.xml to C:\Users\lukas.godayol-bonay\Desktop\Semestre2\M.Gil\MonPortFolioSIO\Collab\config\Modules\org-netbeans-modules-java-testrunner.xml
INFO [org.netbeans.updater]: File installed C:\Users\lukas.godayol-bonay\Desktop\Semestre2\M.Gil\MonPortFolioSIO\Collab\modules\org-netbeans-modules-java-testrunner.jar@0
INFO [org.netbeans.updater]: Copied file C:\Users\lukas.godayol-bonay\Desktop\Semestre2\M.Gil\MonPortFolioSIO\Collab\update\download\org-netbeans-modules-java-testrunner.nbm:netbeans/modules/org-netbeans-modules-java-testrunner.jar to C:\Users\lukas.godayol-bonay\Desktop\Semestre2\M.Gil\MonPortFolioSIO\Collab\modules\org-netbeans-modules-java-testrunner.jar
INFO [org.netbeans.updater]: File C:\Users\lukas.godayol-bonay\Desktop\Semestre2\M.Gil\MonPortFolioSIO\Collab\update\download\org-netbeans-modules-java-testrunner.nbm deleted.
INFO [org.netbeans.updater]: Use XML Transformer: com.sun.org.apache.xalan.internal.xsltc.trax.TransformerImpl@6f747124
INFO [org.netbeans.updater]: File C:\Users\lukas.godayol-bonay\Desktop\Semestre2\M.Gil\MonPortFolioSIO\Collab\update_tracking\org-netbeans-modules-java-testrunner.xml modified.
INFO [org.netbeans.updater]: File installed C:\Users\lukas.godayol-bonay\Desktop\Semestre2\M.Gil\MonPortFolioSIO\Collab\update_tracking\org-netbeans-modules-java-testrunner.xml@0
INFO [org.netbeans.updater]: 780: Unpacking org-netbeans-modules-websvc-projectapi.nbm
INFO [org.netbeans.modules.progress.spi.InternalHandle]: Cannot process more work than scheduled. Progress handle with name "Installing plugins..." has requested progress to workunit no.104 but the total number of workunits is 1. That means the progress bar UI will not display real progress and will stay at 100%.
java.lang.IllegalArgumentException
[catch] at org.netbeans.modules.progress.spi.InternalHandle.progress(InternalHandle.java:329)
	at org.netbeans.api.progress.ProgressHandle.progress(ProgressHandle.java:264)
	at org.netbeans.modules.autoupdate.services.InstallSupportImpl$RefreshModulesListener.propertyChange(InstallSupportImpl.java:1261)
	at org.netbeans.updater.UpdaterInternal$1Context.firePropertyChange(UpdaterInternal.java:97)
	at org.netbeans.updater.UpdaterInternal$1Context.unpackingIsRunning(UpdaterInternal.java:64)
	at org.netbeans.updater.ModuleUpdater.unpack(ModuleUpdater.java:311)
	at org.netbeans.updater.ModuleUpdater.run(ModuleUpdater.java:118)
INFO [org.netbeans.updater]: File installed C:\Users\lukas.godayol-bonay\Desktop\Semestre2\M.Gil\MonPortFolioSIO\Collab\config\Modules\org-netbeans-modules-websvc-projectapi.xml@0
INFO [org.netbeans.updater]: Copied file C:\Users\lukas.godayol-bonay\Desktop\Semestre2\M.Gil\MonPortFolioSIO\Collab\update\download\org-netbeans-modules-websvc-projectapi.nbm:netbeans/config/Modules/org-netbeans-modules-websvc-projectapi.xml to C:\Users\lukas.godayol-bonay\Desktop\Semestre2\M.Gil\MonPortFolioSIO\Collab\config\Modules\org-netbeans-modules-websvc-projectapi.xml
INFO [org.netbeans.updater]: File installed C:\Users\lukas.godayol-bonay\Desktop\Semestre2\M.Gil\MonPortFolioSIO\Collab\modules\org-netbeans-modules-websvc-projectapi.jar@0
INFO [org.netbeans.updater]: Copied file C:\Users\lukas.godayol-bonay\Desktop\Semestre2\M.Gil\MonPortFolioSIO\Collab\update\download\org-netbeans-modules-websvc-projectapi.nbm:netbeans/modules/org-netbeans-modules-websvc-projectapi.jar to C:\Users\lukas.godayol-bonay\Desktop\Semestre2\M.Gil\MonPortFolioSIO\Collab\modules\org-netbeans-modules-websvc-projectapi.jar
INFO [org.netbeans.updater]: File C:\Users\lukas.godayol-bonay\Desktop\Semestre2\M.Gil\MonPortFolioSIO\Collab\update\download\org-netbeans-modules-websvc-projectapi.nbm deleted.
INFO [org.netbeans.updater]: Use XML Transformer: com.sun.org.apache.xalan.internal.xsltc.trax.TransformerImpl@893964
INFO [org.netbeans.updater]: File C:\Users\lukas.godayol-bonay\Desktop\Semestre2\M.Gil\MonPortFolioSIO\Collab\update_tracking\org-netbeans-modules-websvc-projectapi.xml modified.
INFO [org.netbeans.updater]: File installed C:\Users\lukas.godayol-bonay\Desktop\Semestre2\M.Gil\MonPortFolioSIO\Collab\update_tracking\org-netbeans-modules-websvc-projectapi.xml@0
INFO [org.netbeans.updater]: 780: Unpacking org-netbeans-modules-maven-htmlui.nbm
INFO [org.netbeans.modules.progress.spi.InternalHandle]: Cannot process more work than scheduled. Progress handle with name "Installing plugins..." has requested progress to workunit no.105 but the total number of workunits is 1. That means the progress bar UI will not display real progress and will stay at 100%.
java.lang.IllegalArgumentException
[catch] at org.netbeans.modules.progress.spi.InternalHandle.progress(InternalHandle.java:329)
	at org.netbeans.api.progress.ProgressHandle.progress(ProgressHandle.java:264)
	at org.netbeans.modules.autoupdate.services.InstallSupportImpl$RefreshModulesListener.propertyChange(InstallSupportImpl.java:1261)
	at org.netbeans.updater.UpdaterInternal$1Context.firePropertyChange(UpdaterInternal.java:97)
	at org.netbeans.updater.UpdaterInternal$1Context.unpackingIsRunning(UpdaterInternal.java:64)
	at org.netbeans.updater.ModuleUpdater.unpack(ModuleUpdater.java:311)
	at org.netbeans.updater.ModuleUpdater.run(ModuleUpdater.java:118)
INFO [org.netbeans.updater]: File installed C:\Users\lukas.godayol-bonay\Desktop\Semestre2\M.Gil\MonPortFolioSIO\Collab\config\Modules\org-netbeans-modules-maven-htmlui.xml@0
INFO [org.netbeans.updater]: Copied file C:\Users\lukas.godayol-bonay\Desktop\Semestre2\M.Gil\MonPortFolioSIO\Collab\update\download\org-netbeans-modules-maven-htmlui.nbm:netbeans/config/Modules/org-netbeans-modules-maven-htmlui.xml to C:\Users\lukas.godayol-bonay\Desktop\Semestre2\M.Gil\MonPortFolioSIO\Collab\config\Modules\org-netbeans-modules-maven-htmlui.xml
INFO [org.netbeans.updater]: File installed C:\Users\lukas.godayol-bonay\Desktop\Semestre2\M.Gil\MonPortFolioSIO\Collab\modules\org-netbeans-modules-maven-htmlui.jar@0
INFO [org.netbeans.updater]: Copied file C:\Users\lukas.godayol-bonay\Desktop\Semestre2\M.Gil\MonPortFolioSIO\Collab\update\download\org-netbeans-modules-maven-htmlui.nbm:netbeans/modules/org-netbeans-modules-maven-htmlui.jar to C:\Users\lukas.godayol-bonay\Desktop\Semestre2\M.Gil\MonPortFolioSIO\Collab\modules\org-netbeans-modules-maven-htmlui.jar
INFO [org.netbeans.updater]: File C:\Users\lukas.godayol-bonay\Desktop\Semestre2\M.Gil\MonPortFolioSIO\Collab\update\download\org-netbeans-modules-maven-htmlui.nbm deleted.
INFO [org.netbeans.updater]: Use XML Transformer: com.sun.org.apache.xalan.internal.xsltc.trax.TransformerImpl@1bb2f7b5
INFO [org.netbeans.updater]: File C:\Users\lukas.godayol-bonay\Desktop\Semestre2\M.Gil\MonPortFolioSIO\Collab\update_tracking\org-netbeans-modules-maven-htmlui.xml modified.
INFO [org.netbeans.updater]: File installed C:\Users\lukas.godayol-bonay\Desktop\Semestre2\M.Gil\MonPortFolioSIO\Collab\update_tracking\org-netbeans-modules-maven-htmlui.xml@0
INFO [org.netbeans.updater]: 780: Unpacking org-netbeans-modules-web-client-rest.nbm
INFO [org.netbeans.modules.progress.spi.InternalHandle]: Cannot process more work than scheduled. Progress handle with name "Installing plugins..." has requested progress to workunit no.106 but the total number of workunits is 1. That means the progress bar UI will not display real progress and will stay at 100%.
java.lang.IllegalArgumentException
[catch] at org.netbeans.modules.progress.spi.InternalHandle.progress(InternalHandle.java:329)
	at org.netbeans.api.progress.ProgressHandle.progress(ProgressHandle.java:264)
	at org.netbeans.modules.autoupdate.services.InstallSupportImpl$RefreshModulesListener.propertyChange(InstallSupportImpl.java:1261)
	at org.netbeans.updater.UpdaterInternal$1Context.firePropertyChange(UpdaterInternal.java:97)
	at org.netbeans.updater.UpdaterInternal$1Context.unpackingIsRunning(UpdaterInternal.java:64)
	at org.netbeans.updater.ModuleUpdater.unpack(ModuleUpdater.java:311)
	at org.netbeans.updater.ModuleUpdater.run(ModuleUpdater.java:118)
INFO [org.netbeans.updater]: File installed C:\Users\lukas.godayol-bonay\Desktop\Semestre2\M.Gil\MonPortFolioSIO\Collab\config\Modules\org-netbeans-modules-web-client-rest.xml@0
INFO [org.netbeans.updater]: Copied file C:\Users\lukas.godayol-bonay\Desktop\Semestre2\M.Gil\MonPortFolioSIO\Collab\update\download\org-netbeans-modules-web-client-rest.nbm:netbeans/config/Modules/org-netbeans-modules-web-client-rest.xml to C:\Users\lukas.godayol-bonay\Desktop\Semestre2\M.Gil\MonPortFolioSIO\Collab\config\Modules\org-netbeans-modules-web-client-rest.xml
INFO [org.netbeans.updater]: File installed C:\Users\lukas.godayol-bonay\Desktop\Semestre2\M.Gil\MonPortFolioSIO\Collab\modules\org-netbeans-modules-web-client-rest.jar@0
INFO [org.netbeans.updater]: Copied file C:\Users\lukas.godayol-bonay\Desktop\Semestre2\M.Gil\MonPortFolioSIO\Collab\update\download\org-netbeans-modules-web-client-rest.nbm:netbeans/modules/org-netbeans-modules-web-client-rest.jar to C:\Users\lukas.godayol-bonay\Desktop\Semestre2\M.Gil\MonPortFolioSIO\Collab\modules\org-netbeans-modules-web-client-rest.jar
INFO [org.netbeans.updater]: File C:\Users\lukas.godayol-bonay\Desktop\Semestre2\M.Gil\MonPortFolioSIO\Collab\update\download\org-netbeans-modules-web-client-rest.nbm deleted.
INFO [org.netbeans.updater]: Use XML Transformer: com.sun.org.apache.xalan.internal.xsltc.trax.TransformerImpl@6b90b319
INFO [org.netbeans.updater]: File C:\Users\lukas.godayol-bonay\Desktop\Semestre2\M.Gil\MonPortFolioSIO\Collab\update_tracking\org-netbeans-modules-web-client-rest.xml modified.
INFO [org.netbeans.updater]: File installed C:\Users\lukas.godayol-bonay\Desktop\Semestre2\M.Gil\MonPortFolioSIO\Collab\update_tracking\org-netbeans-modules-web-client-rest.xml@0
INFO [org.netbeans.updater]: 780: Unpacking org-netbeans-modules-java-completion.nbm
INFO [org.netbeans.modules.progress.spi.InternalHandle]: Cannot process more work than scheduled. Progress handle with name "Installing plugins..." has requested progress to workunit no.107 but the total number of workunits is 1. That means the progress bar UI will not display real progress and will stay at 100%.
java.lang.IllegalArgumentException
[catch] at org.netbeans.modules.progress.spi.InternalHandle.progress(InternalHandle.java:329)
	at org.netbeans.api.progress.ProgressHandle.progress(ProgressHandle.java:264)
	at org.netbeans.modules.autoupdate.services.InstallSupportImpl$RefreshModulesListener.propertyChange(InstallSupportImpl.java:1261)
	at org.netbeans.updater.UpdaterInternal$1Context.firePropertyChange(UpdaterInternal.java:97)
	at org.netbeans.updater.UpdaterInternal$1Context.unpackingIsRunning(UpdaterInternal.java:64)
	at org.netbeans.updater.ModuleUpdater.unpack(ModuleUpdater.java:311)
	at org.netbeans.updater.ModuleUpdater.run(ModuleUpdater.java:118)
INFO [org.netbeans.updater]: File installed C:\Users\lukas.godayol-bonay\Desktop\Semestre2\M.Gil\MonPortFolioSIO\Collab\config\Modules\org-netbeans-modules-java-completion.xml@0
INFO [org.netbeans.updater]: Copied file C:\Users\lukas.godayol-bonay\Desktop\Semestre2\M.Gil\MonPortFolioSIO\Collab\update\download\org-netbeans-modules-java-completion.nbm:netbeans/config/Modules/org-netbeans-modules-java-completion.xml to C:\Users\lukas.godayol-bonay\Desktop\Semestre2\M.Gil\MonPortFolioSIO\Collab\config\Modules\org-netbeans-modules-java-completion.xml
INFO [org.netbeans.updater]: File installed C:\Users\lukas.godayol-bonay\Desktop\Semestre2\M.Gil\MonPortFolioSIO\Collab\modules\org-netbeans-modules-java-completion.jar@0
INFO [org.netbeans.updater]: Copied file C:\Users\lukas.godayol-bonay\Desktop\Semestre2\M.Gil\MonPortFolioSIO\Collab\update\download\org-netbeans-modules-java-completion.nbm:netbeans/modules/org-netbeans-modules-java-completion.jar to C:\Users\lukas.godayol-bonay\Desktop\Semestre2\M.Gil\MonPortFolioSIO\Collab\modules\org-netbeans-modules-java-completion.jar
INFO [org.netbeans.updater]: File C:\Users\lukas.godayol-bonay\Desktop\Semestre2\M.Gil\MonPortFolioSIO\Collab\update\download\org-netbeans-modules-java-completion.nbm deleted.
INFO [org.netbeans.updater]: Use XML Transformer: com.sun.org.apache.xalan.internal.xsltc.trax.TransformerImpl@1843c0fd
INFO [org.netbeans.updater]: File C:\Users\lukas.godayol-bonay\Desktop\Semestre2\M.Gil\MonPortFolioSIO\Collab\update_tracking\org-netbeans-modules-java-completion.xml modified.
INFO [org.netbeans.updater]: File installed C:\Users\lukas.godayol-bonay\Desktop\Semestre2\M.Gil\MonPortFolioSIO\Collab\update_tracking\org-netbeans-modules-java-completion.xml@0
INFO [org.netbeans.updater]: 780: Unpacking org-netbeans-modules-j2ee-sun-appsrv.nbm
INFO [org.netbeans.modules.progress.spi.InternalHandle]: Cannot process more work than scheduled. Progress handle with name "Installing plugins..." has requested progress to workunit no.108 but the total number of workunits is 1. That means the progress bar UI will not display real progress and will stay at 100%.
java.lang.IllegalArgumentException
[catch] at org.netbeans.modules.progress.spi.InternalHandle.progress(InternalHandle.java:329)
	at org.netbeans.api.progress.ProgressHandle.progress(ProgressHandle.java:264)
	at org.netbeans.modules.autoupdate.services.InstallSupportImpl$RefreshModulesListener.propertyChange(InstallSupportImpl.java:1261)
	at org.netbeans.updater.UpdaterInternal$1Context.firePropertyChange(UpdaterInternal.java:97)
	at org.netbeans.updater.UpdaterInternal$1Context.unpackingIsRunning(UpdaterInternal.java:64)
	at org.netbeans.updater.ModuleUpdater.unpack(ModuleUpdater.java:311)
	at org.netbeans.updater.ModuleUpdater.run(ModuleUpdater.java:118)
INFO [org.netbeans.updater]: File installed C:\Users\lukas.godayol-bonay\Desktop\Semestre2\M.Gil\MonPortFolioSIO\Collab\config\Modules\org-netbeans-modules-j2ee-sun-appsrv.xml@0
INFO [org.netbeans.updater]: Copied file C:\Users\lukas.godayol-bonay\Desktop\Semestre2\M.Gil\MonPortFolioSIO\Collab\update\download\org-netbeans-modules-j2ee-sun-appsrv.nbm:netbeans/config/Modules/org-netbeans-modules-j2ee-sun-appsrv.xml to C:\Users\lukas.godayol-bonay\Desktop\Semestre2\M.Gil\MonPortFolioSIO\Collab\config\Modules\org-netbeans-modules-j2ee-sun-appsrv.xml
INFO [org.netbeans.updater]: File installed C:\Users\lukas.godayol-bonay\Desktop\Semestre2\M.Gil\MonPortFolioSIO\Collab\modules\org-netbeans-modules-j2ee-sun-appsrv.jar@0
INFO [org.netbeans.updater]: Copied file C:\Users\lukas.godayol-bonay\Desktop\Semestre2\M.Gil\MonPortFolioSIO\Collab\update\download\org-netbeans-modules-j2ee-sun-appsrv.nbm:netbeans/modules/org-netbeans-modules-j2ee-sun-appsrv.jar to C:\Users\lukas.godayol-bonay\Desktop\Semestre2\M.Gil\MonPortFolioSIO\Collab\modules\org-netbeans-modules-j2ee-sun-appsrv.jar
INFO [org.netbeans.updater]: File C:\Users\lukas.godayol-bonay\Desktop\Semestre2\M.Gil\MonPortFolioSIO\Collab\update\download\org-netbeans-modules-j2ee-sun-appsrv.nbm deleted.
INFO [org.netbeans.updater]: Use XML Transformer: com.sun.org.apache.xalan.internal.xsltc.trax.TransformerImpl@f1580e0
INFO [org.netbeans.updater]: File C:\Users\lukas.godayol-bonay\Desktop\Semestre2\M.Gil\MonPortFolioSIO\Collab\update_tracking\org-netbeans-modules-j2ee-sun-appsrv.xml modified.
INFO [org.netbeans.updater]: File installed C:\Users\lukas.godayol-bonay\Desktop\Semestre2\M.Gil\MonPortFolioSIO\Collab\update_tracking\org-netbeans-modules-j2ee-sun-appsrv.xml@0
INFO [org.netbeans.updater]: 780: Unpacking org-netbeans-modules-maven-j2ee.nbm
INFO [org.netbeans.modules.progress.spi.InternalHandle]: Cannot process more work than scheduled. Progress handle with name "Installing plugins..." has requested progress to workunit no.109 but the total number of workunits is 1. That means the progress bar UI will not display real progress and will stay at 100%.
java.lang.IllegalArgumentException
[catch] at org.netbeans.modules.progress.spi.InternalHandle.progress(InternalHandle.java:329)
	at org.netbeans.api.progress.ProgressHandle.progress(ProgressHandle.java:264)
	at org.netbeans.modules.autoupdate.services.InstallSupportImpl$RefreshModulesListener.propertyChange(InstallSupportImpl.java:1261)
	at org.netbeans.updater.UpdaterInternal$1Context.firePropertyChange(UpdaterInternal.java:97)
	at org.netbeans.updater.UpdaterInternal$1Context.unpackingIsRunning(UpdaterInternal.java:64)
	at org.netbeans.updater.ModuleUpdater.unpack(ModuleUpdater.java:311)
	at org.netbeans.updater.ModuleUpdater.run(ModuleUpdater.java:118)
INFO [org.netbeans.updater]: File installed C:\Users\lukas.godayol-bonay\Desktop\Semestre2\M.Gil\MonPortFolioSIO\Collab\config\Modules\org-netbeans-modules-maven-j2ee.xml@0
INFO [org.netbeans.updater]: Copied file C:\Users\lukas.godayol-bonay\Desktop\Semestre2\M.Gil\MonPortFolioSIO\Collab\update\download\org-netbeans-modules-maven-j2ee.nbm:netbeans/config/Modules/org-netbeans-modules-maven-j2ee.xml to C:\Users\lukas.godayol-bonay\Desktop\Semestre2\M.Gil\MonPortFolioSIO\Collab\config\Modules\org-netbeans-modules-maven-j2ee.xml
INFO [org.netbeans.updater]: File installed C:\Users\lukas.godayol-bonay\Desktop\Semestre2\M.Gil\MonPortFolioSIO\Collab\modules\org-netbeans-modules-maven-j2ee.jar@0
INFO [org.netbeans.updater]: Copied file C:\Users\lukas.godayol-bonay\Desktop\Semestre2\M.Gil\MonPortFolioSIO\Collab\update\download\org-netbeans-modules-maven-j2ee.nbm:netbeans/modules/org-netbeans-modules-maven-j2ee.jar to C:\Users\lukas.godayol-bonay\Desktop\Semestre2\M.Gil\MonPortFolioSIO\Collab\modules\org-netbeans-modules-maven-j2ee.jar
INFO [org.netbeans.updater]: File C:\Users\lukas.godayol-bonay\Desktop\Semestre2\M.Gil\MonPortFolioSIO\Collab\update\download\org-netbeans-modules-maven-j2ee.nbm deleted.
INFO [org.netbeans.updater]: Use XML Transformer: com.sun.org.apache.xalan.internal.xsltc.trax.TransformerImpl@481a7773
INFO [org.netbeans.updater]: File C:\Users\lukas.godayol-bonay\Desktop\Semestre2\M.Gil\MonPortFolioSIO\Collab\update_tracking\org-netbeans-modules-maven-j2ee.xml modified.
INFO [org.netbeans.updater]: File installed C:\Users\lukas.godayol-bonay\Desktop\Semestre2\M.Gil\MonPortFolioSIO\Collab\update_tracking\org-netbeans-modules-maven-j2ee.xml@0
INFO [org.netbeans.updater]: 780: Unpacking org-netbeans-modules-java-hints-legacy-spi.nbm
INFO [org.netbeans.modules.progress.spi.InternalHandle]: Cannot process more work than scheduled. Progress handle with name "Installing plugins..." has requested progress to workunit no.110 but the total number of workunits is 1. That means the progress bar UI will not display real progress and will stay at 100%.
java.lang.IllegalArgumentException
[catch] at org.netbeans.modules.progress.spi.InternalHandle.progress(InternalHandle.java:329)
	at org.netbeans.api.progress.ProgressHandle.progress(ProgressHandle.java:264)
	at org.netbeans.modules.autoupdate.services.InstallSupportImpl$RefreshModulesListener.propertyChange(InstallSupportImpl.java:1261)
	at org.netbeans.updater.UpdaterInternal$1Context.firePropertyChange(UpdaterInternal.java:97)
	at org.netbeans.updater.UpdaterInternal$1Context.unpackingIsRunning(UpdaterInternal.java:64)
	at org.netbeans.updater.ModuleUpdater.unpack(ModuleUpdater.java:311)
	at org.netbeans.updater.ModuleUpdater.run(ModuleUpdater.java:118)
INFO [org.netbeans.updater]: File installed C:\Users\lukas.godayol-bonay\Desktop\Semestre2\M.Gil\MonPortFolioSIO\Collab\config\Modules\org-netbeans-modules-java-hints-legacy-spi.xml@0
INFO [org.netbeans.updater]: Copied file C:\Users\lukas.godayol-bonay\Desktop\Semestre2\M.Gil\MonPortFolioSIO\Collab\update\download\org-netbeans-modules-java-hints-legacy-spi.nbm:netbeans/config/Modules/org-netbeans-modules-java-hints-legacy-spi.xml to C:\Users\lukas.godayol-bonay\Desktop\Semestre2\M.Gil\MonPortFolioSIO\Collab\config\Modules\org-netbeans-modules-java-hints-legacy-spi.xml
INFO [org.netbeans.updater]: File installed C:\Users\lukas.godayol-bonay\Desktop\Semestre2\M.Gil\MonPortFolioSIO\Collab\modules\org-netbeans-modules-java-hints-legacy-spi.jar@0
INFO [org.netbeans.updater]: Copied file C:\Users\lukas.godayol-bonay\Desktop\Semestre2\M.Gil\MonPortFolioSIO\Collab\update\download\org-netbeans-modules-java-hints-legacy-spi.nbm:netbeans/modules/org-netbeans-modules-java-hints-legacy-spi.jar to C:\Users\lukas.godayol-bonay\Desktop\Semestre2\M.Gil\MonPortFolioSIO\Collab\modules\org-netbeans-modules-java-hints-legacy-spi.jar
INFO [org.netbeans.updater]: File C:\Users\lukas.godayol-bonay\Desktop\Semestre2\M.Gil\MonPortFolioSIO\Collab\update\download\org-netbeans-modules-java-hints-legacy-spi.nbm deleted.
INFO [org.netbeans.updater]: Use XML Transformer: com.sun.org.apache.xalan.internal.xsltc.trax.TransformerImpl@7144bb69
INFO [org.netbeans.updater]: File C:\Users\lukas.godayol-bonay\Desktop\Semestre2\M.Gil\MonPortFolioSIO\Collab\update_tracking\org-netbeans-modules-java-hints-legacy-spi.xml modified.
INFO [org.netbeans.updater]: File installed C:\Users\lukas.godayol-bonay\Desktop\Semestre2\M.Gil\MonPortFolioSIO\Collab\update_tracking\org-netbeans-modules-java-hints-legacy-spi.xml@0
INFO [org.netbeans.updater]: 780: Unpacking org-netbeans-modules-testng-maven.nbm
INFO [org.netbeans.modules.progress.spi.InternalHandle]: Cannot process more work than scheduled. Progress handle with name "Installing plugins..." has requested progress to workunit no.111 but the total number of workunits is 1. That means the progress bar UI will not display real progress and will stay at 100%.
java.lang.IllegalArgumentException
[catch] at org.netbeans.modules.progress.spi.InternalHandle.progress(InternalHandle.java:329)
	at org.netbeans.api.progress.ProgressHandle.progress(ProgressHandle.java:264)
	at org.netbeans.modules.autoupdate.services.InstallSupportImpl$RefreshModulesListener.propertyChange(InstallSupportImpl.java:1261)
	at org.netbeans.updater.UpdaterInternal$1Context.firePropertyChange(UpdaterInternal.java:97)
	at org.netbeans.updater.UpdaterInternal$1Context.unpackingIsRunning(UpdaterInternal.java:64)
	at org.netbeans.updater.ModuleUpdater.unpack(ModuleUpdater.java:311)
	at org.netbeans.updater.ModuleUpdater.run(ModuleUpdater.java:118)
INFO [org.netbeans.updater]: File installed C:\Users\lukas.godayol-bonay\Desktop\Semestre2\M.Gil\MonPortFolioSIO\Collab\config\Modules\org-netbeans-modules-testng-maven.xml@0
INFO [org.netbeans.updater]: Copied file C:\Users\lukas.godayol-bonay\Desktop\Semestre2\M.Gil\MonPortFolioSIO\Collab\update\download\org-netbeans-modules-testng-maven.nbm:netbeans/config/Modules/org-netbeans-modules-testng-maven.xml to C:\Users\lukas.godayol-bonay\Desktop\Semestre2\M.Gil\MonPortFolioSIO\Collab\config\Modules\org-netbeans-modules-testng-maven.xml
INFO [org.netbeans.updater]: File installed C:\Users\lukas.godayol-bonay\Desktop\Semestre2\M.Gil\MonPortFolioSIO\Collab\modules\org-netbeans-modules-testng-maven.jar@0
INFO [org.netbeans.updater]: Copied file C:\Users\lukas.godayol-bonay\Desktop\Semestre2\M.Gil\MonPortFolioSIO\Collab\update\download\org-netbeans-modules-testng-maven.nbm:netbeans/modules/org-netbeans-modules-testng-maven.jar to C:\Users\lukas.godayol-bonay\Desktop\Semestre2\M.Gil\MonPortFolioSIO\Collab\modules\org-netbeans-modules-testng-maven.jar
INFO [org.netbeans.updater]: File C:\Users\lukas.godayol-bonay\Desktop\Semestre2\M.Gil\MonPortFolioSIO\Collab\update\download\org-netbeans-modules-testng-maven.nbm deleted.
INFO [org.netbeans.updater]: Use XML Transformer: com.sun.org.apache.xalan.internal.xsltc.trax.TransformerImpl@21c61d62
INFO [org.netbeans.updater]: File C:\Users\lukas.godayol-bonay\Desktop\Semestre2\M.Gil\MonPortFolioSIO\Collab\update_tracking\org-netbeans-modules-testng-maven.xml modified.
INFO [org.netbeans.updater]: File installed C:\Users\lukas.godayol-bonay\Desktop\Semestre2\M.Gil\MonPortFolioSIO\Collab\update_tracking\org-netbeans-modules-testng-maven.xml@0
INFO [org.netbeans.updater]: 780: Unpacking org-netbeans-modules-payara-tooling.nbm
INFO [org.netbeans.modules.progress.spi.InternalHandle]: Cannot process more work than scheduled. Progress handle with name "Installing plugins..." has requested progress to workunit no.112 but the total number of workunits is 1. That means the progress bar UI will not display real progress and will stay at 100%.
java.lang.IllegalArgumentException
[catch] at org.netbeans.modules.progress.spi.InternalHandle.progress(InternalHandle.java:329)
	at org.netbeans.api.progress.ProgressHandle.progress(ProgressHandle.java:264)
	at org.netbeans.modules.autoupdate.services.InstallSupportImpl$RefreshModulesListener.propertyChange(InstallSupportImpl.java:1261)
	at org.netbeans.updater.UpdaterInternal$1Context.firePropertyChange(UpdaterInternal.java:97)
	at org.netbeans.updater.UpdaterInternal$1Context.unpackingIsRunning(UpdaterInternal.java:64)
	at org.netbeans.updater.ModuleUpdater.unpack(ModuleUpdater.java:311)
	at org.netbeans.updater.ModuleUpdater.run(ModuleUpdater.java:118)
INFO [org.netbeans.updater]: File installed C:\Users\lukas.godayol-bonay\Desktop\Semestre2\M.Gil\MonPortFolioSIO\Collab\config\Modules\org-netbeans-modules-payara-tooling.xml@0
INFO [org.netbeans.updater]: Copied file C:\Users\lukas.godayol-bonay\Desktop\Semestre2\M.Gil\MonPortFolioSIO\Collab\update\download\org-netbeans-modules-payara-tooling.nbm:netbeans/config/Modules/org-netbeans-modules-payara-tooling.xml to C:\Users\lukas.godayol-bonay\Desktop\Semestre2\M.Gil\MonPortFolioSIO\Collab\config\Modules\org-netbeans-modules-payara-tooling.xml
INFO [org.netbeans.updater]: File installed C:\Users\lukas.godayol-bonay\Desktop\Semestre2\M.Gil\MonPortFolioSIO\Collab\modules\org-netbeans-modules-payara-tooling.jar@0
INFO [org.netbeans.updater]: Copied file C:\Users\lukas.godayol-bonay\Desktop\Semestre2\M.Gil\MonPortFolioSIO\Collab\update\download\org-netbeans-modules-payara-tooling.nbm:netbeans/modules/org-netbeans-modules-payara-tooling.jar to C:\Users\lukas.godayol-bonay\Desktop\Semestre2\M.Gil\MonPortFolioSIO\Collab\modules\org-netbeans-modules-payara-tooling.jar
INFO [org.netbeans.updater]: File C:\Users\lukas.godayol-bonay\Desktop\Semestre2\M.Gil\MonPortFolioSIO\Collab\update\download\org-netbeans-modules-payara-tooling.nbm deleted.
INFO [org.netbeans.updater]: Use XML Transformer: com.sun.org.apache.xalan.internal.xsltc.trax.TransformerImpl@7970eac9
INFO [org.netbeans.updater]: File C:\Users\lukas.godayol-bonay\Desktop\Semestre2\M.Gil\MonPortFolioSIO\Collab\update_tracking\org-netbeans-modules-payara-tooling.xml modified.
INFO [org.netbeans.updater]: File installed C:\Users\lukas.godayol-bonay\Desktop\Semestre2\M.Gil\MonPortFolioSIO\Collab\update_tracking\org-netbeans-modules-payara-tooling.xml@0
INFO [org.netbeans.updater]: 780: Unpacking org-netbeans-modules-tomcat5.nbm
INFO [org.netbeans.modules.progress.spi.InternalHandle]: Cannot process more work than scheduled. Progress handle with name "Installing plugins..." has requested progress to workunit no.113 but the total number of workunits is 1. That means the progress bar UI will not display real progress and will stay at 100%.
java.lang.IllegalArgumentException
[catch] at org.netbeans.modules.progress.spi.InternalHandle.progress(InternalHandle.java:329)
	at org.netbeans.api.progress.ProgressHandle.progress(ProgressHandle.java:264)
	at org.netbeans.modules.autoupdate.services.InstallSupportImpl$RefreshModulesListener.propertyChange(InstallSupportImpl.java:1261)
	at org.netbeans.updater.UpdaterInternal$1Context.firePropertyChange(UpdaterInternal.java:97)
	at org.netbeans.updater.UpdaterInternal$1Context.unpackingIsRunning(UpdaterInternal.java:64)
	at org.netbeans.updater.ModuleUpdater.unpack(ModuleUpdater.java:311)
	at org.netbeans.updater.ModuleUpdater.run(ModuleUpdater.java:118)
INFO [org.netbeans.updater]: File installed C:\Users\lukas.godayol-bonay\Desktop\Semestre2\M.Gil\MonPortFolioSIO\Collab\config\Modules\org-netbeans-modules-tomcat5.xml@0
INFO [org.netbeans.updater]: Copied file C:\Users\lukas.godayol-bonay\Desktop\Semestre2\M.Gil\MonPortFolioSIO\Collab\update\download\org-netbeans-modules-tomcat5.nbm:netbeans/config/Modules/org-netbeans-modules-tomcat5.xml to C:\Users\lukas.godayol-bonay\Desktop\Semestre2\M.Gil\MonPortFolioSIO\Collab\config\Modules\org-netbeans-modules-tomcat5.xml
INFO [org.netbeans.updater]: File installed C:\Users\lukas.godayol-bonay\Desktop\Semestre2\M.Gil\MonPortFolioSIO\Collab\modules\org-netbeans-modules-tomcat5.jar@0
INFO [org.netbeans.updater]: Copied file C:\Users\lukas.godayol-bonay\Desktop\Semestre2\M.Gil\MonPortFolioSIO\Collab\update\download\org-netbeans-modules-tomcat5.nbm:netbeans/modules/org-netbeans-modules-tomcat5.jar to C:\Users\lukas.godayol-bonay\Desktop\Semestre2\M.Gil\MonPortFolioSIO\Collab\modules\org-netbeans-modules-tomcat5.jar
INFO [org.netbeans.updater]: File C:\Users\lukas.godayol-bonay\Desktop\Semestre2\M.Gil\MonPortFolioSIO\Collab\update\download\org-netbeans-modules-tomcat5.nbm deleted.
INFO [org.netbeans.updater]: Use XML Transformer: com.sun.org.apache.xalan.internal.xsltc.trax.TransformerImpl@6539ac1a
INFO [org.netbeans.updater]: File C:\Users\lukas.godayol-bonay\Desktop\Semestre2\M.Gil\MonPortFolioSIO\Collab\update_tracking\org-netbeans-modules-tomcat5.xml modified.
INFO [org.netbeans.updater]: File installed C:\Users\lukas.godayol-bonay\Desktop\Semestre2\M.Gil\MonPortFolioSIO\Collab\update_tracking\org-netbeans-modules-tomcat5.xml@0
INFO [org.netbeans.updater]: File C:\Users\lukas.godayol-bonay\Desktop\Semestre2\M.Gil\MonPortFolioSIO\Collab\update\download\additional_information.xml deleted.
WARNING [org.netbeans.core.modules]: the modules [org.netbeans.modules.ant.hints, org.netbeans.modules.maven.hints, org.netbeans.modules.maven.j2ee] use org.netbeans.modules.java.hints.legacy.spi which is deprecated: Use Java Hints SPI (org.netbeans.spi.java.hints) instead.
WARNING [org.netbeans.TopSecurityManager]: use of system property netbeans.home has been obsoleted in favor of InstalledFileLocator/Places at org.netbeans.modules.java.j2seplatform.platformdefinition.Util.removeNBArtifacts(Util.java:341)
INFO [org.netbeans.core.startup.NbEvents]: Turning on modules:
	org.netbeans.libs.javacapi [8.45.0.3 3 19-ba85468772292fd64f188f4022f9d49f77f00b89]
	org.netbeans.lib.nbjavac [1.37.0.4.3 4 19-ba85468772292fd64f188f4022f9d49f77f00b89]
	org.netbeans.api.java/1 [1.87 19-ba85468772292fd64f188f4022f9d49f77f00b89]
	org.netbeans.modules.java.platform/1 [1.63 19-ba85468772292fd64f188f4022f9d49f77f00b89]
	org.netbeans.modules.classfile/1 [1.73 19-ba85468772292fd64f188f4022f9d49f77f00b89]
	org.netbeans.modules.java.lexer/1 [1.56 19-ba85468772292fd64f188f4022f9d49f77f00b89]
	org.netbeans.modules.java.preprocessorbridge [1.70.0.1 1 19-ba85468772292fd64f188f4022f9d49f77f00b89]
	org.netbeans.modules.java.source.base [2.62.0.6.4.3.8.1 6 19-ba85468772292fd64f188f4022f9d49f77f00b89]
	org.netbeans.modules.java.source [0.186.0.32.4.3.6.1 32 19-ba85468772292fd64f188f4022f9d49f77f00b89]
	org.netbeans.modules.java.project/1 [1.93 19-ba85468772292fd64f188f4022f9d49f77f00b89]
	org.netbeans.spi.java.hints [1.54.0.13.4.3.32.6.8 13 19-ba85468772292fd64f188f4022f9d49f77f00b89]
	org.netbeans.modules.xml.multiview/1 [1.59.0.2 2 19-ba85468772292fd64f188f4022f9d49f77f00b89]
	org.netbeans.modules.libs.corba.omgapi [1.16 19-ba85468772292fd64f188f4022f9d49f77f00b89]
	org.netbeans.modules.whitelist [1.44 19-ba85468772292fd64f188f4022f9d49f77f00b89]
	org.netbeans.modules.websvc.wsstackapi/0 [1.44 19-ba85468772292fd64f188f4022f9d49f77f00b89]
	org.netbeans.modules.j2ee.metadata/0 [1.53 19-ba85468772292fd64f188f4022f9d49f77f00b89]
	org.netbeans.modules.java.sourceui/1 [1.69.0.2.4.3.32.6 2 19-ba85468772292fd64f188f4022f9d49f77f00b89]
	org.netbeans.modules.java.platform.ui/1 [1.63 19-ba85468772292fd64f188f4022f9d49f77f00b89]
	org.netbeans.modules.java.project.ui/1 [1.96 19-ba85468772292fd64f188f4022f9d49f77f00b89]
	org.netbeans.modules.j2ee.metadata.model.support/1 [1.52 19-ba85468772292fd64f188f4022f9d49f77f00b89]
	org.netbeans.modules.schema2beans/1 [1.68 19-ba85468772292fd64f188f4022f9d49f77f00b89]
	org.netbeans.modules.j2ee.dd/1 [1.61.0.2 2 19-ba85468772292fd64f188f4022f9d49f77f00b89]
	org.netbeans.modules.j2ee.dd.webservice [1.52 19-ba85468772292fd64f188f4022f9d49f77f00b89]
	org.netbeans.modules.websvc.websvcapi [1.52 19-ba85468772292fd64f188f4022f9d49f77f00b89]
	org.netbeans.modules.websvc.utilities/0 [1.46 19-ba85468772292fd64f188f4022f9d49f77f00b89]
	org.netbeans.modules.websvc.jaxws21api/1 [1.53 19-ba85468772292fd64f188f4022f9d49f77f00b89]
	org.netbeans.modules.websvc.saas.codegen.java [1.51 19-ba85468772292fd64f188f4022f9d49f77f00b89]
	org.netbeans.libs.jackson/2 [2.19 19-ba85468772292fd64f188f4022f9d49f77f00b89]
	org.netbeans.modules.j2ee.eclipselink/1 [1.53 19-ba85468772292fd64f188f4022f9d49f77f00b89]
	org.netbeans.modules.websvc.restlib/2 [2.29 19-ba85468772292fd64f188f4022f9d49f77f00b89]
	org.netbeans.modules.j2ee.core/0 [1.46 19-ba85468772292fd64f188f4022f9d49f77f00b89]
	org.netbeans.api.web.webmodule [1.59 19-ba85468772292fd64f188f4022f9d49f77f00b89]
	org.netbeans.modules.j2ee.persistenceapi/1 [1.57.0.1 1 19-ba85468772292fd64f188f4022f9d49f77f00b89]
	org.netbeans.modules.j2ee.core.utilities/0 [1.55 19-ba85468772292fd64f188f4022f9d49f77f00b89]
	org.netbeans.modules.dbschema/1 [1.62.0.4.30 4 19-ba85468772292fd64f188f4022f9d49f77f00b89]
	org.netbeans.modules.javaee.injection [1.27 19-ba85468772292fd64f188f4022f9d49f77f00b89]
	org.netbeans.modules.java.completion [2.6.0.2 2 19-ba85468772292fd64f188f4022f9d49f77f00b89]
	org.netbeans.modules.java.editor.base [2.86.0.1 1 19-ba85468772292fd64f188f4022f9d49f77f00b89]
	org.netbeans.modules.refactoring.java/1 [1.83.0.1.3 1 19-ba85468772292fd64f188f4022f9d49f77f00b89]
	org.netbeans.modules.java.editor/1 [2.89.0.12.1.1.1 12 19-ba85468772292fd64f188f4022f9d49f77f00b89]
	org.netbeans.modules.j2ee.persistence [1.76.0.1 1 19-ba85468772292fd64f188f4022f9d49f77f00b89]
	org.netbeans.modules.j2eeapis/1 [1.53 19-ba85468772292fd64f188f4022f9d49f77f00b89]
	org.netbeans.api.debugger.jpda/2 [3.31 19-ba85468772292fd64f188f4022f9d49f77f00b89]
	org.netbeans.modules.j2eeserver/4 [1.132.0.1 1 19-ba85468772292fd64f188f4022f9d49f77f00b89]
	org.netbeans.modules.javaee.specs.support/0 [1.46 19-ba85468772292fd64f188f4022f9d49f77f00b89]
	org.netbeans.modules.java.api.common/0 [1.144 19-ba85468772292fd64f188f4022f9d49f77f00b89]
	org.netbeans.modules.j2ee.api.ejbmodule [1.58 19-ba85468772292fd64f188f4022f9d49f77f00b89]
	org.netbeans.modules.j2ee.common/1 [1.124 19-ba85468772292fd64f188f4022f9d49f77f00b89]
	org.netbeans.modules.websvc.jaxws21/1 [1.53 19-ba85468772292fd64f188f4022f9d49f77f00b89]
	org.netbeans.modules.websvc.jaxwsmodel/1 [1.51 19-ba85468772292fd64f188f4022f9d49f77f00b89]
	org.netbeans.modules.websvc.jaxwsapi [1.47 19-ba85468772292fd64f188f4022f9d49f77f00b89]
	org.netbeans.modules.websvc.restapi/0 [1.57 19-ba85468772292fd64f188f4022f9d49f77f00b89]
	org.netbeans.modules.ant.browsetask [1.61 19-ba85468772292fd64f188f4022f9d49f77f00b89]
	org.netbeans.modules.javaee.project [1.40 19-ba85468772292fd64f188f4022f9d49f77f00b89]
	org.netbeans.modules.websvc.clientapi [1.53 19-ba85468772292fd64f188f4022f9d49f77f00b89]
	org.netbeans.modules.junitlib [1.26 19-ba85468772292fd64f188f4022f9d49f77f00b89]
	org.netbeans.modules.java.testrunner [1.41 19-ba85468772292fd64f188f4022f9d49f77f00b89]
	org.netbeans.modules.junit/2 [2.95 19-ba85468772292fd64f188f4022f9d49f77f00b89]
	org.netbeans.modules.servletjspapi/1 [1.51.0.25 25 19-ba85468772292fd64f188f4022f9d49f77f00b89]
	org.netbeans.libs.glassfish_logging/1 [1.46.0.20 20 19-ba85468772292fd64f188f4022f9d49f77f00b89]
	org.netbeans.modules.web.jspparser/3 [3.50 19-ba85468772292fd64f188f4022f9d49f77f00b89]
	org.netbeans.modules.web.project [1.95.0.1 1 19-ba85468772292fd64f188f4022f9d49f77f00b89]
	org.netbeans.modules.websvc.projectapi/0 [1.43 19-ba85468772292fd64f188f4022f9d49f77f00b89]
	org.netbeans.modules.websvc.core [1.65.0.1.4 1 19-ba85468772292fd64f188f4022f9d49f77f00b89]
	org.netbeans.modules.websvc.manager [1.49 19-ba85468772292fd64f188f4022f9d49f77f00b89]
	org.netbeans.modules.websvc.rest/0 [1.51 19-ba85468772292fd64f188f4022f9d49f77f00b89]
	org.netbeans.modules.web.jsfapi/2 [2.0.0 19-ba85468772292fd64f188f4022f9d49f77f00b89]
	org.netbeans.modules.web.client.rest [1.35 19-ba85468772292fd64f188f4022f9d49f77f00b89]
	org.netbeans.modules.tomcat5/1 [1.63 19-ba85468772292fd64f188f4022f9d49f77f00b89]
	org.netbeans.modules.java.testrunner.ui [1.25 19-ba85468772292fd64f188f4022f9d49f77f00b89]
	org.netbeans.libs.testng/1 [1.35 19-ba85468772292fd64f188f4022f9d49f77f00b89]
	org.netbeans.modules.testng [2.41 19-ba85468772292fd64f188f4022f9d49f77f00b89]
	org.netbeans.modules.testng.ui [1.30 19-ba85468772292fd64f188f4022f9d49f77f00b89]
	org.netbeans.modules.maven.embedder/2 [2.75 19-ba85468772292fd64f188f4022f9d49f77f00b89]
	org.netbeans.modules.maven.indexer/2 [2.61 19-ba85468772292fd64f188f4022f9d49f77f00b89]
	org.netbeans.modules.maven.model/1 [1.65 19-ba85468772292fd64f188f4022f9d49f77f00b89]
	org.netbeans.modules.swing.validation/2 [1.53 19-ba85468772292fd64f188f4022f9d49f77f00b89]
	org.netbeans.modules.project.dependency [1.4.0.1 1 19-ba85468772292fd64f188f4022f9d49f77f00b89]
	org.netbeans.modules.maven.indexer.ui/2 [2.55 19-ba85468772292fd64f188f4022f9d49f77f00b89]
	org.netbeans.modules.maven/2 [2.159.0.1.1 1 19-ba85468772292fd64f188f4022f9d49f77f00b89]
	org.netbeans.modules.testng.maven [2.37 19-ba85468772292fd64f188f4022f9d49f77f00b89]
	org.netbeans.modules.spellchecker.bindings.java/1 [1.51 19-ba85468772292fd64f188f4022f9d49f77f00b89]
	org.netbeans.modules.selenium2.java [1.23 19-ba85468772292fd64f188f4022f9d49f77f00b89]
	org.netbeans.modules.selenium2.maven [1.23 19-ba85468772292fd64f188f4022f9d49f77f00b89]
	org.netbeans.modules.payara.tooling/0 [2.16 19-ba85468772292fd64f188f4022f9d49f77f00b89]
	org.netbeans.modules.java.hints.legacy.spi/1 [1.37.0.1.13 1 19-ba85468772292fd64f188f4022f9d49f77f00b89]
	org.netbeans.modules.maven.j2ee/1 [1.82 19-ba85468772292fd64f188f4022f9d49f77f00b89]
	org.netbeans.modules.payara.micro/0 [2.16 19-ba85468772292fd64f188f4022f9d49f77f00b89]
	org.netbeans.modules.glassfish.tooling/0 [1.28 19-ba85468772292fd64f188f4022f9d49f77f00b89]
	org.netbeans.modules.java.j2seplatform/1 [1.64 19-ba85468772292fd64f188f4022f9d49f77f00b89]
	org.netbeans.modules.glassfish.common/0 [1.95 19-ba85468772292fd64f188f4022f9d49f77f00b89]
	org.netbeans.modules.j2ee.sun.dd/1 [1.54.0.1 1 19-ba85468772292fd64f188f4022f9d49f77f00b89]
	org.netbeans.modules.glassfish.eecommon/0 [1.58.0.1.1 1 19-ba85468772292fd64f188f4022f9d49f77f00b89]
	org.netbeans.modules.j2ee.sun.appsrv/1 [1.56.0.1 1 19-ba85468772292fd64f188f4022f9d49f77f00b89]
	org.netbeans.modules.j2ee.sun.ddui/1 [1.57.0.1.1 1 19-ba85468772292fd64f188f4022f9d49f77f00b89]
	org.netbeans.modules.payara.common/0 [2.16 19-ba85468772292fd64f188f4022f9d49f77f00b89]
	org.netbeans.modules.payara.eecommon/0 [2.17.0.1.1 1 19-ba85468772292fd64f188f4022f9d49f77f00b89]
	org.netbeans.modules.glassfish.javaee/0 [1.62 19-ba85468772292fd64f188f4022f9d49f77f00b89]
	org.netbeans.modules.payara.jakartaee/0 [2.16 19-ba85468772292fd64f188f4022f9d49f77f00b89]
	org.netbeans.modules.maven.persistence/1 [1.50 19-ba85468772292fd64f188f4022f9d49f77f00b89]
	org.netbeans.modules.maven.junit/1 [1.55 19-ba85468772292fd64f188f4022f9d49f77f00b89]
	org.netbeans.modules.maven.hints/1 [1.61 19-ba85468772292fd64f188f4022f9d49f77f00b89]
	org.netbeans.modules.junit.ui [1.28 19-ba85468772292fd64f188f4022f9d49f77f00b89]
	org.netbeans.modules.javaee.wildfly/1 [2.13 19-ba85468772292fd64f188f4022f9d49f77f00b89]
	org.netbeans.modules.java.source.ant [1.52.0.1.6 1 19-ba85468772292fd64f188f4022f9d49f77f00b89]
	org.netbeans.modules.java.metrics [1.29 19-ba85468772292fd64f188f4022f9d49f77f00b89]
	org.netbeans.modules.java.disco [2.5 19-ba85468772292fd64f188f4022f9d49f77f00b89]
	org.netbeans.modules.hudson.maven [1.50 19-ba85468772292fd64f188f4022f9d49f77f00b89]
	org.netbeans.modules.hudson.ant [1.48 19-ba85468772292fd64f188f4022f9d49f77f00b89]
	org.netbeans.modules.editor.htmlui [1.20 19-ba85468772292fd64f188f4022f9d49f77f00b89]
	org.netbeans.modules.debugger.jpda.ant [1.59 19-ba85468772292fd64f188f4022f9d49f77f00b89]
	bcutil [1.70 1.70]
	bcpkix [1.70 1.70]
	org.apache.commons.io [2.6.0 2.6.0]
	org.netbeans.modules.cloud.oracle [1.7 19-ba85468772292fd64f188f4022f9d49f77f00b89]
	org.netbeans.modules.cloud.common [1.32 19-ba85468772292fd64f188f4022f9d49f77f00b89]
	org.netbeans.libs.amazon/1 [1.31 19-ba85468772292fd64f188f4022f9d49f77f00b89]
	org.netbeans.modules.cloud.amazon/0 [1.33 19-ba85468772292fd64f188f4022f9d49f77f00b89]
	org.netbeans.modules.ant.hints/1 [1.15 19-ba85468772292fd64f188f4022f9d49f77f00b89]
	org.netbeans.libs.nbjavacapi [20.1 19-ba85468772292fd64f188f4022f9d49f77f00b89]
	com.junichi11.netbeans.github.issues [0.6.0 0.6.0 202006211150]
INFO [org.netbeans.ui.metrics.vcs]: USG_VCS_CLIENT
INFO [org.netbeans.ui.vcs]: Versioning command INTERNAL-init called, took 23ms.
INFO [org.netbeans.ui.vcs]: Versioning command INTERNAL-init called, took 34ms.
WARNING [org.netbeans.modules.options.keymap.LayersBridge]: Invalid shortcut: org.openide.loaders.XMLDataObject@7afa02f4[MultiFileObject@618e35d7[Actions/Help/master-help.xml]]
WARNING [org.netbeans.modules.options.keymap.LayersBridge]: Invalid shortcut: org.openide.loaders.BrokenDataShadow@2ac1905a[MultiFileObject@17fa64d2[Keymaps/NetBeans/D-BACK_QUOTE.shadow]]
WARNING [null]: Last record repeated again.
INFO [org.netbeans.ui.metrics.vcs]: USG_VCS_REPOSITORY
WARNING [org.netbeans.libs.git.jgit.commands.CreateBranchCommand]: Branch main/main probably created but not in the branch list: []
INFO [org.netbeans.ui.vcs]: Versioning command INTERNAL-checkoutRevision called, took 29ms.
INFO [org.netbeans.ui.vcs]: Versioning command INTERNAL-reset called, took 7ms.
INFO [org.netbeans.ui.indexing]: Indexing started, time from last indexing 0 ms.
INFO [org.netbeans.modules.parsing.impl.indexing.RepositoryUpdater]: Resolving dependencies took: 35 ms
INFO [org.netbeans.modules.parsing.impl.indexing.RepositoryUpdater]: Complete indexing of 0 binary roots took: 0 ms
WARNING [org.openide.filesystems.Ordering]: Not all children in Templates/Project/ marked with the position attribute: [AntJava], but some are: [Maven2, Gradle, ClientSide, Native, PHP, Import, Samples]
WARNING [org.openide.filesystems.Ordering]: Not all children in Templates/Project/Maven2/ marked with the position attribute: [settings.xml], but some are: [JavaApp, org-netbeans-modules-maven-j2ee-ui-wizard-EEWizardIterator-createWebAppIterator, org-netbeans-modules-maven-j2ee-ui-wizard-EEWizardIterator-createEJBIterator, org-netbeans-modules-maven-j2ee-ui-wizard-EAWizardIterator, org-netbeans-modules-maven-j2ee-ui-wizard-EEWizardIterator-createAppClientIterator, org-netbeans-modules-fish-payara-micro-project-ui-MicroProjectWizardIterator-createWebAppIterator, org-netbeans-modules-maven-newproject-idenative-PomJavaNativeMWI, org-netbeans-modules-maven-newproject-MavenWizardIterator, org-netbeans-modules-maven-newproject-ExistingWizardIterator]
INFO [org.netbeans.modules.parsing.impl.indexing.RepositoryUpdater]: Indexing of: C:\Program Files\NetBeans-19\netbeans\webcommon\jsstubs\dom-stubs.zip took: 7 386 ms (New or modified files: 1 044, Deleted files: 0) [Adding listeners took: 0 ms]
INFO [org.netbeans.modules.parsing.impl.indexing.RepositoryUpdater]: Indexing of: C:\Program Files\NetBeans-19\netbeans\webcommon\jsstubs\core-stubs.zip took: 386 ms (New or modified files: 106, Deleted files: 0) [Adding listeners took: 0 ms]
INFO [org.netbeans.modules.parsing.impl.indexing.RepositoryUpdater]: Complete indexing of 2 source roots took: 7 772 ms (New or modified files: 1 150, Deleted files: 0) [Adding listeners took: 0 ms]
INFO [org.netbeans.ui.indexing]: Indexing finished, indexing took 8 170 ms.
INFO [org.netbeans.ui.indexing]: Indexing started, time from last indexing 0 ms.
INFO [org.netbeans.modules.parsing.impl.indexing.RepositoryUpdater]: Complete indexing of 0 binary roots took: 0 ms
INFO [org.netbeans.modules.parsing.impl.indexing.RepositoryUpdater]: Complete indexing of 0 source roots took: 0 ms (New or modified files: 0, Deleted files: 0) [Adding listeners took: 0 ms]
INFO [org.netbeans.ui.indexing]: Indexing finished, indexing took 26 ms.
INFO [org.netbeans.ui.indexing]: Indexing started, time from last indexing 0 ms.
INFO [org.netbeans.ui.indexing]: Indexing finished, indexing took 0 ms.
INFO [org.netbeans.ui.vcs]: Versioning command INTERNAL-reset called, took 14ms.
INFO [org.netbeans.ui.vcs]: Versioning command INTERNAL-reset called, took 6ms.
INFO [org.netbeans.ui.vcs]: Versioning command INTERNAL-reset called, took 7ms.
INFO [org.netbeans.ui.metrics.web.clientproject]: New HTML5 project created [wizard type: EXISTING, site template: NONE, JS libs: , site root under project dir: YES, JS library project: NO, JS platforms: , autoconfigured: NO].
INFO [org.netbeans.ui.metrics.web.clientproject]: HTML5 project was opened [browser ID: Chrome.INTEGRATED, tests: NO, cordova: NO, Gruntfile.js: NO, bower.json: NO, package.json: NO, gulpfile.js: NO, selenium: NO, JS platforms: ].
INFO [org.netbeans.ui.metrics.projects]: USG_PROJECT_OPEN
INFO [org.netbeans.ui.indexing]: Indexing started, time from last indexing 34 451 ms.
INFO [org.netbeans.modules.parsing.impl.indexing.RepositoryUpdater]: Resolving dependencies took: 1 ms
INFO [org.netbeans.modules.parsing.impl.indexing.RepositoryUpdater]: Complete indexing of 0 binary roots took: 0 ms
INFO [org.netbeans.modules.parsing.impl.indexing.RepositoryUpdater]: Indexing of: C:\Users\lukas.godayol-bonay\Documents\NetBeansProjects\ameliapilou.github.io took: 160 ms (New or modified files: 2, Deleted files: 0) [Adding listeners took: 2 ms]
INFO [org.netbeans.modules.parsing.impl.indexing.RepositoryUpdater]: Complete indexing of 1 source roots took: 160 ms (New or modified files: 2, Deleted files: 0) [Adding listeners took: 2 ms]
INFO [org.netbeans.ui.indexing]: Indexing finished, indexing took 161 ms.
WARNING [org.openide.filesystems.Ordering]: Not all children in Templates/ marked with the position attribute: [J2EE], but some are: [Licenses, Privileged, Project, Recent, Services, Scripting, Classes, UnitTests, SeleniumTests, Html5Tests, cpplite, Persistence, WebServices, ClientSide, XML, PayaraResources, SunResources, WebLogicResources, Other, Properties, SaaSServices]
WARNING [org.openide.util.ImageUtilities]: Initial slashes in Utilities.loadImage deprecated (cf. #20072): /org/netbeans/modules/git/resources/icons/info.png
INFO [org.netbeans.ui.vcs]: Versioning command INTERNAL-checkoutRevision called, took 9ms.
INFO [org.netbeans.ui.indexing]: Indexing started, time from last indexing 141 909 ms.
INFO [org.netbeans.modules.parsing.impl.indexing.RepositoryUpdater]: Complete indexing of 0 binary roots took: 0 ms
INFO [org.netbeans.modules.parsing.impl.indexing.RepositoryUpdater]: Indexing of: C:\Users\lukas.godayol-bonay\Documents\NetBeansProjects\ameliapilou.github.io took: 26 ms (New or modified files: 0, Deleted files: 0) [Adding listeners took: 0 ms]
INFO [org.netbeans.modules.parsing.impl.indexing.RepositoryUpdater]: Complete indexing of 1 source roots took: 26 ms (New or modified files: 0, Deleted files: 0) [Adding listeners took: 0 ms]
INFO [org.netbeans.ui.indexing]: Indexing finished, indexing took 47 ms.
INFO [org.netbeans.ui.indexing]: Indexing started, time from last indexing 0 ms.
INFO [org.netbeans.ui.indexing]: Indexing finished, indexing took 0 ms.
INFO [org.netbeans.modules.masterfs.watcher.windows.WindowsNotifier]: Adding listener for drive C:/
WARNING [org.openide.util.ImageUtilities]: Initial slashes in Utilities.loadImage deprecated (cf. #20072): /org/netbeans/modules/git/resources/icons/rebase-default.png
WARNING [org.openide.util.ImageUtilities]: Initial slashes in Utilities.loadImage deprecated (cf. #20072): /org/netbeans/modules/git/resources/icons/base.png
WARNING [org.openide.util.ImageUtilities]: Initial slashes in Utilities.loadImage deprecated (cf. #20072): /org/netbeans/modules/git/resources/icons/destinations.png
WARNING [org.openide.util.ImageUtilities]: Initial slashes in Utilities.loadImage deprecated (cf. #20072): /org/netbeans/modules/git/resources/icons/rebase-destination.png
WARNING [org.openide.util.ImageUtilities]: Initial slashes in Utilities.loadImage deprecated (cf. #20072): /org/netbeans/modules/git/resources/icons/tracked.png
INFO [org.netbeans.ui.vcs]: Versioning command INTERNAL-merge called, took 562ms.
INFO [org.netbeans.ui.indexing]: Indexing started, time from last indexing 205 968 ms.
INFO [org.netbeans.modules.parsing.impl.indexing.RepositoryUpdater]: Complete indexing of 0 binary roots took: 0 ms
INFO [org.netbeans.modules.parsing.impl.indexing.RepositoryUpdater]: Indexing of: C:\Users\lukas.godayol-bonay\Documents\NetBeansProjects\ameliapilou.github.io took: 2 558 ms (New or modified files: 380, Deleted files: 0) [Adding listeners took: 0 ms]
INFO [org.netbeans.modules.parsing.impl.indexing.RepositoryUpdater]: Complete indexing of 1 source roots took: 2 558 ms (New or modified files: 380, Deleted files: 0) [Adding listeners took: 0 ms]
INFO [org.netbeans.ui.indexing]: Indexing finished, indexing took 3 168 ms.
INFO [org.netbeans.ui.indexing]: Indexing started, time from last indexing 0 ms.
INFO [org.netbeans.ui.indexing]: Indexing finished, indexing took 0 ms.
INFO [org.netbeans.ui.vcs]: Versioning command INTERNAL-reset called, took 319ms.
INFO [org.netbeans.ui.indexing]: Indexing started, time from last indexing 79 802 ms.
INFO [org.netbeans.ui.indexing]: Indexing finished, indexing took 115 ms.
WARNING [org.netbeans.modules.versioning.util.Utils]: associateEncoding() no file object available for C:\Users\lukas.godayol-bonay\AppData\Local\Temp\vcs-1770027528438\vcs-1770027528438\aapliandroid.html
INFO [org.netbeans.ui.indexing]: Indexing started, time from last indexing 13 503 ms.
INFO [org.netbeans.ui.indexing]: Indexing finished, indexing took 15 ms.
INFO [org.netbeans.modules.bugtracking.BugtrackingManager]: Loading stored repositories took 48 millis.
INFO [org.netbeans.ui.metrics.bugtracking]: USG_ISSUE_TRACKING_REPOSITORY
INFO [org.netbeans.ui.indexing]: Indexing started, time from last indexing 97 769 ms.
INFO [org.netbeans.ui.indexing]: Indexing finished, indexing took 15 ms.
WARNING [org.netbeans.modules.versioning.util.Utils]: associateEncoding() no file object available for C:\Users\lukas.godayol-bonay\AppData\Local\Temp\vcs-1770027528438\vcs-1770027639490\aapliandroid.html
WARNING [org.netbeans.modules.versioning.util.Utils]: associateEncoding() no file object available for C:\Users\lukas.godayol-bonay\AppData\Local\Temp\vcs-1770027528438\vcs-1770027640014\aapliandroid.html
WARNING [org.netbeans.modules.versioning.util.Utils]: associateEncoding() no file object available for C:\Users\lukas.godayol-bonay\AppData\Local\Temp\vcs-1770027528438\vcs-1770027643448\aapliandroid.html
INFO [org.netbeans.ui.vcs]: Versioning command INTERNAL-reset called, took 12ms.
INFO [org.netbeans.ui.indexing]: Indexing started, time from last indexing 121 705 ms.
INFO [org.netbeans.ui.indexing]: Indexing finished, indexing took 70 ms.
WARNING [org.netbeans.modules.versioning.util.Utils]: associateEncoding() no file object available for C:\Users\lukas.godayol-bonay\AppData\Local\Temp\vcs-1770027528438\vcs-1770027761039\appliandroid.css
WARNING [org.netbeans.modules.versioning.util.Utils]: associateEncoding() no file object available for C:\Users\lukas.godayol-bonay\AppData\Local\Temp\vcs-1770027528438\vcs-1770027761769\appliandroid.css
INFO [org.netbeans.ui.indexing]: Indexing started, time from last indexing 43 061 ms.
INFO [org.netbeans.ui.indexing]: Indexing finished, indexing took 144 ms.
INFO [DependenciesGraph]: A graph cycle detected when adding refered node Node[C:/Users/lukas.godayol-bonay/Documents/NetBeansProjects/ameliapilou.github.io/images/adapters.png] to node Node[C:/Users/lukas.godayol-bonay/Documents/NetBeansProjects/ameliapilou.github.io/pages/aapliandroid.html]
INFO [DependenciesGraph]: A graph cycle detected when adding refered node Node[C:/Users/lukas.godayol-bonay/Documents/NetBeansProjects/ameliapilou.github.io/images/ihmcoach.png] to node Node[C:/Users/lukas.godayol-bonay/Documents/NetBeansProjects/ameliapilou.github.io/pages/aapliandroid.html]
INFO [DependenciesGraph]: A graph cycle detected when adding refered node Node[C:/Users/lukas.godayol-bonay/Documents/NetBeansProjects/ameliapilou.github.io/images/MVC.png] to node Node[C:/Users/lukas.godayol-bonay/Documents/NetBeansProjects/ameliapilou.github.io/pages/aapliandroid.html]
INFO [DependenciesGraph]: A graph cycle detected when adding refered node Node[C:/Users/lukas.godayol-bonay/Documents/NetBeansProjects/ameliapilou.github.io/index.html] to node Node[C:/Users/lukas.godayol-bonay/Documents/NetBeansProjects/ameliapilou.github.io/pages/aapliandroid.html]
INFO [DependenciesGraph]: A graph cycle detected when adding refered node Node[C:/Users/lukas.godayol-bonay/Documents/NetBeansProjects/ameliapilou.github.io/pages/cv.html] to node Node[C:/Users/lukas.godayol-bonay/Documents/NetBeansProjects/ameliapilou.github.io/pages/aapliandroid.html]
INFO [org.netbeans.ui.vcs]: Versioning command INTERNAL-rename called, took 10ms.
java.lang.IllegalStateException: Warning - the node "appliandroid.html" [org.netbeans.modules.html.api.HtmlDataNode] is trying to fire the property name which is not included in its property sets. This is illegal. See IZ #31413 for details.
	at org.openide.nodes.Node.firePropertyChange(Node.java:996)
	at org.openide.loaders.DataNode.access$1000(DataNode.java:44)
	at org.openide.loaders.DataNode$5.run(DataNode.java:868)
	at org.netbeans.modules.openide.util.GlobalLookup.execute(GlobalLookup.java:45)
	at org.openide.util.lookup.Lookups.executeWith(Lookups.java:287)
	at org.netbeans.modules.openide.util.NbMutexEventProvider$Event.lambda$doEvent$0(NbMutexEventProvider.java:101)
	at java.desktop/java.awt.event.InvocationEvent.dispatch(InvocationEvent.java:318)
	at java.desktop/java.awt.EventQueue.dispatchEventImpl(EventQueue.java:773)
	at java.desktop/java.awt.EventQueue$4.run(EventQueue.java:720)
	at java.desktop/java.awt.EventQueue$4.run(EventQueue.java:714)
	at java.base/java.security.AccessController.doPrivileged(AccessController.java:400)
	at java.base/java.security.ProtectionDomain$JavaSecurityAccessImpl.doIntersectionPrivilege(ProtectionDomain.java:87)
	at java.desktop/java.awt.EventQueue.dispatchEvent(EventQueue.java:742)
	at org.netbeans.core.TimableEventQueue.dispatchEvent(TimableEventQueue.java:136)
	at java.desktop/java.awt.EventDispatchThread.pumpOneEventForFilters(EventDispatchThread.java:203)
	at java.desktop/java.awt.EventDispatchThread.pumpEventsForFilter(EventDispatchThread.java:124)
	at java.desktop/java.awt.EventDispatchThread.pumpEventsForFilter(EventDispatchThread.java:117)
	at java.desktop/java.awt.WaitDispatchSupport$2.run(WaitDispatchSupport.java:191)
	at java.desktop/java.awt.WaitDispatchSupport$4.run(WaitDispatchSupport.java:236)
	at java.desktop/java.awt.WaitDispatchSupport$4.run(WaitDispatchSupport.java:234)
	at java.base/java.security.AccessController.doPrivileged(AccessController.java:319)
	at java.desktop/java.awt.WaitDispatchSupport.enter(WaitDispatchSupport.java:234)
	at java.desktop/java.awt.Dialog.show(Dialog.java:1079)
	at org.netbeans.core.windows.services.NbPresenter.superShow(NbPresenter.java:1069)
	at org.netbeans.core.windows.services.NbPresenter.doShow(NbPresenter.java:1114)
	at org.netbeans.core.windows.services.NbPresenter.run(NbPresenter.java:1092)
	at org.netbeans.core.windows.services.NbPresenter.run(NbPresenter.java:104)
	at org.netbeans.modules.openide.util.NbMutexEventProvider$Event.doEventAccess(NbMutexEventProvider.java:123)
	at org.netbeans.modules.openide.util.NbMutexEventProvider$Event.readAccess(NbMutexEventProvider.java:77)
	at org.netbeans.modules.openide.util.LazyMutexImplementation.readAccess(LazyMutexImplementation.java:71)
	at org.openide.util.Mutex.readAccess(Mutex.java:199)
	at org.netbeans.core.windows.services.NbPresenter.show(NbPresenter.java:1076)
	at java.desktop/java.awt.Component.show(Component.java:1728)
	at java.desktop/java.awt.Component.setVisible(Component.java:1675)
	at java.desktop/java.awt.Window.setVisible(Window.java:1036)
	at java.desktop/java.awt.Dialog.setVisible(Dialog.java:1015)
	at org.netbeans.modules.refactoring.spi.impl.ParametersPanel.showDialog(ParametersPanel.java:672)
	at org.netbeans.modules.refactoring.spi.impl.RefactoringPanel.refresh(RefactoringPanel.java:660)
	at org.netbeans.modules.refactoring.spi.impl.RefactoringPanel.<init>(RefactoringPanel.java:144)
	at org.netbeans.modules.refactoring.spi.impl.RefactoringPanel.<init>(RefactoringPanel.java:132)
	at org.netbeans.modules.refactoring.spi.ui.UI.openRefactoringUI(UI.java:50)
	at org.netbeans.modules.html.editor.refactoring.HtmlActionsImplementationProvider.doRename(HtmlActionsImplementationProvider.java:118)
	at org.netbeans.modules.refactoring.api.impl.ActionsImplementationFactory.doRename(ActionsImplementationFactory.java:66)
	at org.netbeans.modules.refactoring.spi.impl.RenameAction.performAction(RenameAction.java:52)
	at org.netbeans.modules.refactoring.spi.impl.RefactoringGlobalAction.performAction(RefactoringGlobalAction.java:115)
	at org.openide.util.actions.NodeAction.performAction(NodeAction.java:270)
	at org.openide.util.actions.CallableSystemAction$1.run(CallableSystemAction.java:105)
	at org.openide.util.actions.ActionInvoker$1.run(ActionInvoker.java:70)
	at org.openide.util.actions.ActionInvoker.doPerformAction(ActionInvoker.java:91)
	at org.openide.util.actions.ActionInvoker.invokeAction(ActionInvoker.java:74)
	at org.openide.util.actions.CallableSystemAction.actionPerformed(CallableSystemAction.java:102)
	at org.openide.util.actions.NodeAction.actionPerformed(NodeAction.java:258)
	at java.desktop/javax.swing.AbstractButton.fireActionPerformed(AbstractButton.java:1972)
	at java.desktop/javax.swing.AbstractButton$Handler.actionPerformed(AbstractButton.java:2314)
	at java.desktop/javax.swing.DefaultButtonModel.fireActionPerformed(DefaultButtonModel.java:407)
	at java.desktop/javax.swing.DefaultButtonModel.setPressed(DefaultButtonModel.java:262)
	at java.desktop/javax.swing.AbstractButton.doClick(AbstractButton.java:374)
	at java.desktop/javax.swing.plaf.basic.BasicMenuItemUI.doClick(BasicMenuItemUI.java:1029)
	at java.desktop/javax.swing.plaf.basic.BasicMenuItemUI$Handler.mouseReleased(BasicMenuItemUI.java:1073)
	at java.desktop/java.awt.Component.processMouseEvent(Component.java:6621)
	at java.desktop/javax.swing.JComponent.processMouseEvent(JComponent.java:3398)
	at java.desktop/java.awt.Component.processEvent(Component.java:6386)
	at java.desktop/java.awt.Container.processEvent(Container.java:2266)
	at java.desktop/java.awt.Component.dispatchEventImpl(Component.java:4996)
	at java.desktop/java.awt.Container.dispatchEventImpl(Container.java:2324)
	at java.desktop/java.awt.Component.dispatchEvent(Component.java:4828)
	at java.desktop/java.awt.LightweightDispatcher.retargetMouseEvent(Container.java:4948)
	at java.desktop/java.awt.LightweightDispatcher.processMouseEvent(Container.java:4575)
	at java.desktop/java.awt.LightweightDispatcher.dispatchEvent(Container.java:4516)
	at java.desktop/java.awt.Container.dispatchEventImpl(Container.java:2310)
	at java.desktop/java.awt.Window.dispatchEventImpl(Window.java:2780)
	at java.desktop/java.awt.Component.dispatchEvent(Component.java:4828)
	at java.desktop/java.awt.EventQueue.dispatchEventImpl(EventQueue.java:775)
	at java.desktop/java.awt.EventQueue$4.run(EventQueue.java:720)
	at java.desktop/java.awt.EventQueue$4.run(EventQueue.java:714)
	at java.base/java.security.AccessController.doPrivileged(AccessController.java:400)
	at java.base/java.security.ProtectionDomain$JavaSecurityAccessImpl.doIntersectionPrivilege(ProtectionDomain.java:87)
	at java.base/java.security.ProtectionDomain$JavaSecurityAccessImpl.doIntersectionPrivilege(ProtectionDomain.java:98)
	at java.desktop/java.awt.EventQueue$5.run(EventQueue.java:747)
	at java.desktop/java.awt.EventQueue$5.run(EventQueue.java:745)
	at java.base/java.security.AccessController.doPrivileged(AccessController.java:400)
	at java.base/java.security.ProtectionDomain$JavaSecurityAccessImpl.doIntersectionPrivilege(ProtectionDomain.java:87)
	at java.desktop/java.awt.EventQueue.dispatchEvent(EventQueue.java:744)
	at org.netbeans.core.TimableEventQueue.dispatchEvent(TimableEventQueue.java:136)
	at java.desktop/java.awt.EventDispatchThread.pumpOneEventForFilters(EventDispatchThread.java:203)
	at java.desktop/java.awt.EventDispatchThread.pumpEventsForFilter(EventDispatchThread.java:124)
	at java.desktop/java.awt.EventDispatchThread.pumpEventsForHierarchy(EventDispatchThread.java:113)
	at java.desktop/java.awt.EventDispatchThread.pumpEvents(EventDispatchThread.java:109)
	at java.desktop/java.awt.EventDispatchThread.pumpEvents(EventDispatchThread.java:101)
	at java.desktop/java.awt.EventDispatchThread.run(EventDispatchThread.java:90)
java.lang.IllegalStateException: Warning - the node "appliandroid.html" [org.netbeans.modules.html.api.HtmlDataNode] is trying to fire the property files which is not included in its property sets. This is illegal. See IZ #31413 for details.
	at org.openide.nodes.Node.firePropertyChange(Node.java:996)
	at org.openide.loaders.DataNode.access$1000(DataNode.java:44)
	at org.openide.loaders.DataNode$5.run(DataNode.java:868)
	at org.netbeans.modules.openide.util.GlobalLookup.execute(GlobalLookup.java:45)
	at org.openide.util.lookup.Lookups.executeWith(Lookups.java:287)
	at org.netbeans.modules.openide.util.NbMutexEventProvider$Event.lambda$doEvent$0(NbMutexEventProvider.java:101)
	at java.desktop/java.awt.event.InvocationEvent.dispatch(InvocationEvent.java:318)
	at java.desktop/java.awt.EventQueue.dispatchEventImpl(EventQueue.java:773)
	at java.desktop/java.awt.EventQueue$4.run(EventQueue.java:720)
	at java.desktop/java.awt.EventQueue$4.run(EventQueue.java:714)
	at java.base/java.security.AccessController.doPrivileged(AccessController.java:400)
	at java.base/java.security.ProtectionDomain$JavaSecurityAccessImpl.doIntersectionPrivilege(ProtectionDomain.java:87)
	at java.desktop/java.awt.EventQueue.dispatchEvent(EventQueue.java:742)
	at org.netbeans.core.TimableEventQueue.dispatchEvent(TimableEventQueue.java:136)
	at java.desktop/java.awt.EventDispatchThread.pumpOneEventForFilters(EventDispatchThread.java:203)
	at java.desktop/java.awt.EventDispatchThread.pumpEventsForFilter(EventDispatchThread.java:124)
	at java.desktop/java.awt.EventDispatchThread.pumpEventsForFilter(EventDispatchThread.java:117)
	at java.desktop/java.awt.WaitDispatchSupport$2.run(WaitDispatchSupport.java:191)
	at java.desktop/java.awt.WaitDispatchSupport$4.run(WaitDispatchSupport.java:236)
	at java.desktop/java.awt.WaitDispatchSupport$4.run(WaitDispatchSupport.java:234)
	at java.base/java.security.AccessController.doPrivileged(AccessController.java:319)
	at java.desktop/java.awt.WaitDispatchSupport.enter(WaitDispatchSupport.java:234)
	at java.desktop/java.awt.Dialog.show(Dialog.java:1079)
	at org.netbeans.core.windows.services.NbPresenter.superShow(NbPresenter.java:1069)
	at org.netbeans.core.windows.services.NbPresenter.doShow(NbPresenter.java:1114)
	at org.netbeans.core.windows.services.NbPresenter.run(NbPresenter.java:1092)
	at org.netbeans.core.windows.services.NbPresenter.run(NbPresenter.java:104)
	at org.netbeans.modules.openide.util.NbMutexEventProvider$Event.doEventAccess(NbMutexEventProvider.java:123)
	at org.netbeans.modules.openide.util.NbMutexEventProvider$Event.readAccess(NbMutexEventProvider.java:77)
	at org.netbeans.modules.openide.util.LazyMutexImplementation.readAccess(LazyMutexImplementation.java:71)
	at org.openide.util.Mutex.readAccess(Mutex.java:199)
	at org.netbeans.core.windows.services.NbPresenter.show(NbPresenter.java:1076)
	at java.desktop/java.awt.Component.show(Component.java:1728)
	at java.desktop/java.awt.Component.setVisible(Component.java:1675)
	at java.desktop/java.awt.Window.setVisible(Window.java:1036)
	at java.desktop/java.awt.Dialog.setVisible(Dialog.java:1015)
	at org.netbeans.modules.refactoring.spi.impl.ParametersPanel.showDialog(ParametersPanel.java:672)
	at org.netbeans.modules.refactoring.spi.impl.RefactoringPanel.refresh(RefactoringPanel.java:660)
	at org.netbeans.modules.refactoring.spi.impl.RefactoringPanel.<init>(RefactoringPanel.java:144)
	at org.netbeans.modules.refactoring.spi.impl.RefactoringPanel.<init>(RefactoringPanel.java:132)
	at org.netbeans.modules.refactoring.spi.ui.UI.openRefactoringUI(UI.java:50)
	at org.netbeans.modules.html.editor.refactoring.HtmlActionsImplementationProvider.doRename(HtmlActionsImplementationProvider.java:118)
	at org.netbeans.modules.refactoring.api.impl.ActionsImplementationFactory.doRename(ActionsImplementationFactory.java:66)
	at org.netbeans.modules.refactoring.spi.impl.RenameAction.performAction(RenameAction.java:52)
	at org.netbeans.modules.refactoring.spi.impl.RefactoringGlobalAction.performAction(RefactoringGlobalAction.java:115)
	at org.openide.util.actions.NodeAction.performAction(NodeAction.java:270)
	at org.openide.util.actions.CallableSystemAction$1.run(CallableSystemAction.java:105)
	at org.openide.util.actions.ActionInvoker$1.run(ActionInvoker.java:70)
	at org.openide.util.actions.ActionInvoker.doPerformAction(ActionInvoker.java:91)
	at org.openide.util.actions.ActionInvoker.invokeAction(ActionInvoker.java:74)
	at org.openide.util.actions.CallableSystemAction.actionPerformed(CallableSystemAction.java:102)
	at org.openide.util.actions.NodeAction.actionPerformed(NodeAction.java:258)
	at java.desktop/javax.swing.AbstractButton.fireActionPerformed(AbstractButton.java:1972)
	at java.desktop/javax.swing.AbstractButton$Handler.actionPerformed(AbstractButton.java:2314)
	at java.desktop/javax.swing.DefaultButtonModel.fireActionPerformed(DefaultButtonModel.java:407)
	at java.desktop/javax.swing.DefaultButtonModel.setPressed(DefaultButtonModel.java:262)
	at java.desktop/javax.swing.AbstractButton.doClick(AbstractButton.java:374)
	at java.desktop/javax.swing.plaf.basic.BasicMenuItemUI.doClick(BasicMenuItemUI.java:1029)
	at java.desktop/javax.swing.plaf.basic.BasicMenuItemUI$Handler.mouseReleased(BasicMenuItemUI.java:1073)
	at java.desktop/java.awt.Component.processMouseEvent(Component.java:6621)
	at java.desktop/javax.swing.JComponent.processMouseEvent(JComponent.java:3398)
	at java.desktop/java.awt.Component.processEvent(Component.java:6386)
	at java.desktop/java.awt.Container.processEvent(Container.java:2266)
	at java.desktop/java.awt.Component.dispatchEventImpl(Component.java:4996)
	at java.desktop/java.awt.Container.dispatchEventImpl(Container.java:2324)
	at java.desktop/java.awt.Component.dispatchEvent(Component.java:4828)
	at java.desktop/java.awt.LightweightDispatcher.retargetMouseEvent(Container.java:4948)
	at java.desktop/java.awt.LightweightDispatcher.processMouseEvent(Container.java:4575)
	at java.desktop/java.awt.LightweightDispatcher.dispatchEvent(Container.java:4516)
	at java.desktop/java.awt.Container.dispatchEventImpl(Container.java:2310)
	at java.desktop/java.awt.Window.dispatchEventImpl(Window.java:2780)
	at java.desktop/java.awt.Component.dispatchEvent(Component.java:4828)
	at java.desktop/java.awt.EventQueue.dispatchEventImpl(EventQueue.java:775)
	at java.desktop/java.awt.EventQueue$4.run(EventQueue.java:720)
	at java.desktop/java.awt.EventQueue$4.run(EventQueue.java:714)
	at java.base/java.security.AccessController.doPrivileged(AccessController.java:400)
	at java.base/java.security.ProtectionDomain$JavaSecurityAccessImpl.doIntersectionPrivilege(ProtectionDomain.java:87)
	at java.base/java.security.ProtectionDomain$JavaSecurityAccessImpl.doIntersectionPrivilege(ProtectionDomain.java:98)
	at java.desktop/java.awt.EventQueue$5.run(EventQueue.java:747)
	at java.desktop/java.awt.EventQueue$5.run(EventQueue.java:745)
	at java.base/java.security.AccessController.doPrivileged(AccessController.java:400)
	at java.base/java.security.ProtectionDomain$JavaSecurityAccessImpl.doIntersectionPrivilege(ProtectionDomain.java:87)
	at java.desktop/java.awt.EventQueue.dispatchEvent(EventQueue.java:744)
	at org.netbeans.core.TimableEventQueue.dispatchEvent(TimableEventQueue.java:136)
	at java.desktop/java.awt.EventDispatchThread.pumpOneEventForFilters(EventDispatchThread.java:203)
	at java.desktop/java.awt.EventDispatchThread.pumpEventsForFilter(EventDispatchThread.java:124)
	at java.desktop/java.awt.EventDispatchThread.pumpEventsForHierarchy(EventDispatchThread.java:113)
	at java.desktop/java.awt.EventDispatchThread.pumpEvents(EventDispatchThread.java:109)
	at java.desktop/java.awt.EventDispatchThread.pumpEvents(EventDispatchThread.java:101)
	at java.desktop/java.awt.EventDispatchThread.run(EventDispatchThread.java:90)
WARNING [org.netbeans.modules.versioning.util.Utils]: associateEncoding() no file object available for C:\Users\lukas.godayol-bonay\AppData\Local\Temp\vcs-1770027528438\vcs-1770027811783\appliandroid.html
WARNING [org.netbeans.modules.versioning.util.Utils]: associateEncoding() no file object available for C:\Users\lukas.godayol-bonay\AppData\Local\Temp\vcs-1770027528438\vcs-1770027812589\appliandroid.html
INFO [org.netbeans.ui.indexing]: Indexing started, time from last indexing 9 535 ms.
INFO [org.netbeans.ui.indexing]: Indexing finished, indexing took 134 ms.
INFO [org.netbeans.ui.indexing]: Indexing started, time from last indexing 0 ms.
INFO [org.netbeans.ui.indexing]: Indexing finished, indexing took 137 ms.
INFO [org.netbeans.ui.indexing]: Indexing started, time from last indexing 0 ms.
INFO [org.netbeans.ui.indexing]: Indexing finished, indexing took 1 ms.
WARNING [org.netbeans.modules.versioning.util.Utils]: associateEncoding() no file object available for C:\Users\lukas.godayol-bonay\AppData\Local\Temp\vcs-1770027528438\vcs-1770027818812\appliandroid.html
INFO [org.netbeans.ui.vcs]: Versioning command INTERNAL-rename called, took 13ms.
WARNING [org.netbeans.modules.versioning.util.Utils]: associateEncoding() no file object available for C:\Users\lukas.godayol-bonay\AppData\Local\Temp\vcs-1770027528438\vcs-1770027879852\realisations.css
WARNING [org.netbeans.modules.versioning.util.Utils]: associateEncoding() no file object available for C:\Users\lukas.godayol-bonay\AppData\Local\Temp\vcs-1770027528438\vcs-1770027880671\realisations.css
INFO [org.netbeans.ui.indexing]: Indexing started, time from last indexing 67 810 ms.
INFO [org.netbeans.ui.indexing]: Indexing finished, indexing took 40 ms.
INFO [org.netbeans.ui.indexing]: Indexing started, time from last indexing 0 ms.
INFO [org.netbeans.ui.indexing]: Indexing finished, indexing took 74 ms.
INFO [org.netbeans.ui.indexing]: Indexing started, time from last indexing 0 ms.
INFO [org.netbeans.ui.indexing]: Indexing finished, indexing took 0 ms.
INFO [org.netbeans.ui.indexing]: Indexing started, time from last indexing 54 962 ms.
INFO [org.netbeans.ui.indexing]: Indexing finished, indexing took 75 ms.
INFO [org.netbeans.modules.csl.editor.semantic.MarkOccurrencesHighlighter]: MarkOccurencesHighlighter: Cannot get document!
INFO [null]: Last record repeated 3 more times.
INFO [null]: Last record repeated 4 more times.
WARNING [org.openide.util.ImageUtilities]: Initial slashes in Utilities.loadImage deprecated (cf. #20072): /org/netbeans/modules/git/resources/icons/head_vs_working.png
WARNING [org.openide.util.ImageUtilities]: Initial slashes in Utilities.loadImage deprecated (cf. #20072): /org/netbeans/modules/git/resources/icons/head_vs_index.png
WARNING [org.netbeans.modules.progress.spi.InternalHandle]: Cannot call progress on a task that was never started at org.netbeans.modules.git.client.GitProgressSupport.setProgressMessage(GitProgressSupport.java:258)
INFO [org.netbeans.ui.vcs]: Versioning command INTERNAL-add called, took 23ms.
INFO [org.netbeans.ui.vcs]: Versioning command INTERNAL-commit called, took 99ms.
INFO [org.netbeans.modules.git]: https://Lukyol@github.com/Lukyol/ameliapilou.github.io.git: git-receive-pack not permitted on 'https://Lukyol@github.com/Lukyol/ameliapilou.github.io.git/'
org.eclipse.jgit.errors.TransportException: https://Lukyol@github.com/Lukyol/ameliapilou.github.io.git: git-receive-pack not permitted on 'https://Lukyol@github.com/Lukyol/ameliapilou.github.io.git/'
	at org.eclipse.jgit.transport.TransportHttp.connect(TransportHttp.java:545)
	at org.eclipse.jgit.transport.TransportHttp.openPush(TransportHttp.java:434)
	at org.eclipse.jgit.transport.PushProcess.execute(PushProcess.java:127)
	at org.eclipse.jgit.transport.Transport.push(Transport.java:1335)
	at org.eclipse.jgit.transport.Transport.push(Transport.java:1381)
	at org.netbeans.libs.git.jgit.commands.PushCommand.runTransportCommand(PushCommand.java:97)
Caused: org.netbeans.libs.git.GitException: https://Lukyol@github.com/Lukyol/ameliapilou.github.io.git: git-receive-pack not permitted on 'https://Lukyol@github.com/Lukyol/ameliapilou.github.io.git/'
	at org.netbeans.libs.git.jgit.commands.TransportCommand.handleException(TransportCommand.java:238)
	at org.netbeans.libs.git.jgit.commands.PushCommand.runTransportCommand(PushCommand.java:123)
	at org.netbeans.libs.git.jgit.commands.TransportCommand.run(TransportCommand.java:168)
	at org.netbeans.libs.git.jgit.commands.GitCommand$1.run(GitCommand.java:57)
	at org.netbeans.libs.git.jgit.commands.GitCommand$1.run(GitCommand.java:54)
	at java.base/java.security.AccessController.doPrivileged(AccessController.java:571)
	at org.netbeans.libs.git.jgit.commands.GitCommand.execute(GitCommand.java:54)
	at org.netbeans.libs.git.GitClient.push(GitClient.java:1052)
	at org.netbeans.modules.git.client.GitClient$42.call(GitClient.java:644)
	at org.netbeans.modules.git.client.GitClient$42.call(GitClient.java:640)
	at org.openide.util.NetworkSettings.suppressAuthenticationDialog(NetworkSettings.java:138)
	at org.netbeans.modules.git.client.GitClient$CommandInvoker$1$1.call(GitClient.java:931)
	at org.netbeans.modules.git.client.GitClient$CommandInvoker$1.call(GitClient.java:956)
	at org.netbeans.modules.git.client.GitClient$CommandInvoker.runMethodIntern(GitClient.java:968)
	at org.netbeans.modules.git.client.GitClient$CommandInvoker.runMethod(GitClient.java:893)
	at org.netbeans.modules.git.client.GitClient$CommandInvoker.runMethod(GitClient.java:875)
	at org.netbeans.modules.git.client.GitClient$CommandInvoker.access$400(GitClient.java:869)
	at org.netbeans.modules.git.client.GitClient.push(GitClient.java:640)
[catch] at org.netbeans.modules.git.ui.push.PushAction$3.perform(PushAction.java:262)
	at org.netbeans.modules.git.client.GitProgressSupport.performIntern(GitProgressSupport.java:92)
	at org.netbeans.modules.git.client.GitProgressSupport.run(GitProgressSupport.java:85)
	at org.openide.util.RequestProcessor$Task.run(RequestProcessor.java:1419)
	at org.netbeans.modules.openide.util.GlobalLookup.execute(GlobalLookup.java:45)
	at org.openide.util.lookup.Lookups.executeWith(Lookups.java:287)
	at org.openide.util.RequestProcessor$Processor.run(RequestProcessor.java:2034)
INFO [org.netbeans.modules.gsf.testrunner.ui.api.UICommonUtils]: File cannot be found for selected node: Remote Files.
WARNING [org.netbeans.modules.versioning.util.Utils]: associateEncoding() no file object available for C:\Users\lukas.godayol-bonay\AppData\Local\Temp\vcs-1770027528438\vcs-1770028208453\config
WARNING [org.netbeans.modules.versioning.util.Utils]: associateEncoding() no file object available for C:\Users\lukas.godayol-bonay\AppData\Local\Temp\vcs-1770027528438\vcs-1770028218373\config
WARNING [org.netbeans.modules.progress.spi.InternalHandle]: Cannot call progress on a task that was never started at org.netbeans.modules.git.client.GitProgressSupport.setProgressMessage(GitProgressSupport.java:258)
INFO [org.netbeans.modules.git]: https://Lukyol@github.com/Lukyol/ameliapilou.github.io.git: git-receive-pack not permitted on 'https://Lukyol@github.com/Lukyol/ameliapilou.github.io.git/'
org.eclipse.jgit.errors.TransportException: https://Lukyol@github.com/Lukyol/ameliapilou.github.io.git: git-receive-pack not permitted on 'https://Lukyol@github.com/Lukyol/ameliapilou.github.io.git/'
	at org.eclipse.jgit.transport.TransportHttp.connect(TransportHttp.java:545)
	at org.eclipse.jgit.transport.TransportHttp.openPush(TransportHttp.java:434)
	at org.eclipse.jgit.transport.PushProcess.execute(PushProcess.java:127)
	at org.eclipse.jgit.transport.Transport.push(Transport.java:1335)
	at org.eclipse.jgit.transport.Transport.push(Transport.java:1381)
	at org.netbeans.libs.git.jgit.commands.PushCommand.runTransportCommand(PushCommand.java:97)
Caused: org.netbeans.libs.git.GitException: https://Lukyol@github.com/Lukyol/ameliapilou.github.io.git: git-receive-pack not permitted on 'https://Lukyol@github.com/Lukyol/ameliapilou.github.io.git/'
	at org.netbeans.libs.git.jgit.commands.TransportCommand.handleException(TransportCommand.java:238)
	at org.netbeans.libs.git.jgit.commands.PushCommand.runTransportCommand(PushCommand.java:123)
	at org.netbeans.libs.git.jgit.commands.TransportCommand.run(TransportCommand.java:168)
	at org.netbeans.libs.git.jgit.commands.GitCommand$1.run(GitCommand.java:57)
	at org.netbeans.libs.git.jgit.commands.GitCommand$1.run(GitCommand.java:54)
	at java.base/java.security.AccessController.doPrivileged(AccessController.java:571)
	at org.netbeans.libs.git.jgit.commands.GitCommand.execute(GitCommand.java:54)
	at org.netbeans.libs.git.GitClient.push(GitClient.java:1052)
	at org.netbeans.modules.git.client.GitClient$42.call(GitClient.java:644)
	at org.netbeans.modules.git.client.GitClient$42.call(GitClient.java:640)
	at org.openide.util.NetworkSettings.suppressAuthenticationDialog(NetworkSettings.java:138)
	at org.netbeans.modules.git.client.GitClient$CommandInvoker$1$1.call(GitClient.java:931)
	at org.netbeans.modules.git.client.GitClient$CommandInvoker$1.call(GitClient.java:956)
	at org.netbeans.modules.git.client.GitClient$CommandInvoker.runMethodIntern(GitClient.java:968)
	at org.netbeans.modules.git.client.GitClient$CommandInvoker.runMethod(GitClient.java:893)
	at org.netbeans.modules.git.client.GitClient$CommandInvoker.runMethod(GitClient.java:875)
	at org.netbeans.modules.git.client.GitClient$CommandInvoker.access$400(GitClient.java:869)
	at org.netbeans.modules.git.client.GitClient.push(GitClient.java:640)
[catch] at org.netbeans.modules.git.ui.push.PushAction$3.perform(PushAction.java:262)
	at org.netbeans.modules.git.client.GitProgressSupport.performIntern(GitProgressSupport.java:92)
	at org.netbeans.modules.git.client.GitProgressSupport.run(GitProgressSupport.java:85)
	at org.openide.util.RequestProcessor$Task.run(RequestProcessor.java:1419)
	at org.netbeans.modules.openide.util.GlobalLookup.execute(GlobalLookup.java:45)
	at org.openide.util.lookup.Lookups.executeWith(Lookups.java:287)
	at org.openide.util.RequestProcessor$Processor.run(RequestProcessor.java:2034)
INFO [null]: Last record repeated again.
INFO [null]: Last record repeated again.
INFO [null]: Last record repeated again.
INFO [org.netbeans.ui.vcs]: Versioning command INTERNAL-setUpstreamBranch called, took 7ms.
INFO [org.netbeans.ui.metrics.vcs]: USG_VCS_ACTION
INFO [org.netbeans.ui.vcs]: Versioning command INTERNAL-setUpstreamBranch called, took 9ms.
INFO [org.netbeans.ui.vcs]: Versioning command INTERNAL-checkoutRevision called, took 42ms.
WARNING [org.netbeans.modules.versioning.util.Utils]: associateEncoding() no file object available for C:\Users\lukas.godayol-bonay\AppData\Local\Temp\vcs-1770027528438\vcs-1770029003415\config
INFO [org.netbeans.ui.indexing]: Indexing started, time from last indexing 1 066 763 ms.
File: C:/Users/lukas.godayol-bonay/Documents/NetBeansProjects/ameliapilou.github.io/css/realisations.css
StartOffset: 295
INFO [org.netbeans.modules.parsing.impl.indexing.RepositoryUpdater]: Complete indexing of 0 binary roots took: 0 ms
WARNING [org.netbeans.modules.java.source.indexing.JavaIndex]: Ignoring root with no ClassPath: C:\Users\lukas.godayol-bonay\Documents\NetBeansProjects\ameliapilou.github.io
INFO [org.netbeans.modules.parsing.impl.indexing.RepositoryUpdater]: Indexing of: C:\Users\lukas.godayol-bonay\Documents\NetBeansProjects\ameliapilou.github.io took: 113 ms (New or modified files: 1, Deleted files: 3) [Adding listeners took: 0 ms]
INFO [org.netbeans.modules.parsing.impl.indexing.RepositoryUpdater]: Complete indexing of 1 source roots took: 113 ms (New or modified files: 1, Deleted files: 3) [Adding listeners took: 0 ms]
INFO [org.netbeans.ui.indexing]: Indexing finished, indexing took 205 ms.
INFO [org.netbeans.ui.indexing]: Indexing started, time from last indexing 389 ms.
INFO [org.netbeans.modules.parsing.impl.indexing.RepositoryUpdater]: Resolving dependencies took: 5 ms
INFO [org.netbeans.modules.parsing.impl.indexing.RepositoryUpdater]: Complete indexing of 0 binary roots took: 0 ms
INFO [org.netbeans.modules.parsing.impl.indexing.RepositoryUpdater]: Complete indexing of 0 source roots took: 0 ms (New or modified files: 0, Deleted files: 0) [Adding listeners took: 0 ms]
INFO [org.netbeans.ui.indexing]: Indexing finished, indexing took 6 ms.
INFO [org.netbeans.ui.indexing]: Indexing started, time from last indexing 1 036 ms.
INFO [org.netbeans.ui.indexing]: Indexing finished, indexing took 0 ms.
INFO [org.netbeans.ui.vcs]: Versioning command INTERNAL-merge called, took 49ms.
WARNING [org.netbeans.modules.versioning.util.Utils]: associateEncoding() no file object available for C:\Users\lukas.godayol-bonay\AppData\Local\Temp\vcs-1770027528438\vcs-1770029252522\config
INFO [org.netbeans.ui.indexing]: Indexing started, time from last indexing 248 873 ms.
INFO [org.netbeans.modules.parsing.impl.indexing.RepositoryUpdater]: Complete indexing of 0 binary roots took: 0 ms
INFO [org.netbeans.modules.parsing.impl.indexing.RepositoryUpdater]: Complete indexing of 0 source roots took: 0 ms (New or modified files: 0, Deleted files: 0) [Adding listeners took: 0 ms]
INFO [org.netbeans.ui.indexing]: Indexing finished, indexing took 107 ms.
INFO [org.netbeans.ui.indexing]: Indexing started, time from last indexing 0 ms.
INFO [org.netbeans.ui.indexing]: Indexing finished, indexing took 0 ms.
INFO [org.netbeans.ui.indexing]: Indexing started, time from last indexing 0 ms.
INFO [org.netbeans.modules.parsing.impl.indexing.RepositoryUpdater]: Resolving dependencies took: 0 ms
INFO [org.netbeans.modules.parsing.impl.indexing.RepositoryUpdater]: Complete indexing of 0 binary roots took: 0 ms
INFO [org.netbeans.modules.parsing.impl.indexing.RepositoryUpdater]: Indexing of: C:\Users\lukas.godayol-bonay\Documents\NetBeansProjects\ameliapilou.github.io took: 166 ms (New or modified files: 3, Deleted files: 1) [Adding listeners took: 0 ms]
INFO [org.netbeans.modules.parsing.impl.indexing.RepositoryUpdater]: Complete indexing of 1 source roots took: 166 ms (New or modified files: 3, Deleted files: 1) [Adding listeners took: 0 ms]
INFO [org.netbeans.ui.indexing]: Indexing finished, indexing took 166 ms.
INFO [org.netbeans.core.windows.persistence]: [PersistenceManager.getTopComponentForID] Problem when deserializing TopComponent for tcID:'MultiView-css#002Esou232CA76Ftext#002Ehistory#007C'. Reason: Top component MultiView-css#002Esou232CA76Ftext#002Ehistory#007C could not be located or loaded from Components folder.
INFO [org.netbeans.ui.metrics.editor]: USG_EDITOR_MIME_TYPE
INFO [org.netbeans.ui.metrics.editor]: USG_EDITOR_MIME_TYPE
INFO [org.netbeans.ui.metrics.editor]: USG_EDITOR_MIME_TYPE
INFO [org.netbeans.ui.indexing]: Indexing started, time from last indexing 2 700 691 ms.
INFO [org.netbeans.ui.indexing]: Indexing finished, indexing took 2 ms.
WARNING [org.netbeans.TopSecurityManager]: use of system property netbeans.user has been obsoleted in favor of InstalledFileLocator/Places at org.netbeans.modules.websvc.saas.model.SaasServicesModel.<clinit>(SaasServicesModel.java:46)
INFO [org.netbeans.ui.vcs]: Versioning command INTERNAL-reset called, took 12ms.
INFO [org.netbeans.core.netigso.Netigso]: bundle org.eclipse.osgi@3.9.1.v20140110-1610 256
INFO [org.netbeans.core.netigso.Netigso]: bundle org.eclipse.osgi@3.9.1.v20140110-1610 stopped
INFO [null]: Last record repeated again.
